code,name_fr,etb_code,institution_fr,min1,min1_status,min2,min2_status,min3,min3_status,page
P01MAL01,MEDECINE,C99,RECRUTEMENT NATIONAL,16.65,value,17.15,value,,not_applicable,1
P02MAL01,PHARMACIE,C99,RECRUTEMENT NATIONAL,16.26,value,16.76,value,,not_applicable,1
P03MAL01,MEDECINE DENTAIRE,C99,RECRUTEMENT NATIONAL,16.99,value,17.5,value,,not_applicable,1
D00CAN12,FB SP ECOLE NATIONALE SUPERIEURE D AGRICULTURE SAHARIENNE D ADRAR,P73,ECOLE NATIONALE SUPERIEURE D AGRICULTURE SAHARIENNE D ADRAR,12.29,value,12.91,value,,not_applicable,1
A00LAL01,SCIENCES ET TECHNOLOGIES,U12,UNIV. ADRAR,,NC,,not_applicable,,not_applicable,1
A05TCL01,GENIE CIVIL,U12,UNIV. ADRAR,,NC,,not_applicable,,not_applicable,1
A08TCL01,GENIE DES PROCEDES,U12,UNIV. ADRAR,,NC,,not_applicable,,not_applicable,1
A16TCL01,ELECTROTECHNIQUE,U12,UNIV. ADRAR,,NC,,not_applicable,,not_applicable,1
A19TCL01,GENIE MECANIQUE,U12,UNIV. ADRAR,,NC,,not_applicable,,not_applicable,1
B00LAL01,SCIENCES DE LA MATIERE,U12,UNIV. ADRAR,,NC,,not_applicable,,not_applicable,1
C01LAL01,INFORMATIQUE,U12,UNIV. ADRAR,10.45,value,10.11,value,,not_applicable,1
C02LAL01,MATHEMATIQUES,U12,UNIV. ADRAR,,NC,,NC,,not_applicable,1
D00LAL01,SCIENCES DE LA NATURE ET DE LA VIE,U12,UNIV. ADRAR,11.24,value,12.12,value,,not_applicable,1
D03TCL01,SCIENCES AGRONOMIQUES,U12,UNIV. ADRAR,,NC,,NC,,not_applicable,1
F00LAL02,"SCIENCES ECONOMIQUES, DE GESTION ET COMMERCIALES",U12,UNIV. ADRAR,10.47,value,11.62,value,,none_assigned,1
G01LAL02,SCIENCES POLITIQUES,U12,UNIV. ADRAR,,NC,,NC,,NC,1
G02LAL01,DROIT,U12,UNIV. ADRAR,,NC,,NC,,NC,1
H01LAL01,LANGUE FRANCAISE,U12,UNIV. ADRAR,11.03,value,11.97,value,12.82,value,1
H06LAL01,LANGUE ANGLAISE,U12,UNIV. ADRAR,,NC,,NC,,NC,1
I17LAL02,SCIENCES HUMAINES,U12,UNIV. ADRAR,10.0,value,10.73,value,,not_applicable,1
I19LAL01,SCIENCES SOCIALES,U12,UNIV. ADRAR,10.33,value,11.11,value,,not_applicable,1
I20LAL01,SCIENCES ISLAMIQUES,U12,UNIV. ADRAR,10.31,value,11.04,value,,not_applicable,1
L00LAL01,LANGUE ET LITTERATURE ARABES,U12,UNIV. ADRAR,,NC,,NC,,not_applicable,1
N05IAL02,ARCHITECTURE,U12,UNIV. ADRAR,,NC,,not_applicable,,not_applicable,2
A00LAL04,SCIENCES ET TECHNOLOGIES,C16,UNIV. CHLEF,10.95,value,,not_applicable,,not_applicable,2
A00TCL03,SCIENCES ET TECHNOLOGIES,C16,UNIV. CHLEF,,NC,,not_applicable,,not_applicable,2
A05TCL01,GENIE CIVIL,C16,UNIV. CHLEF,10.82,value,,not_applicable,,not_applicable,2
A08TCL01,GENIE DES PROCEDES,C16,UNIV. CHLEF,10.21,value,,not_applicable,,not_applicable,2
A16TCL01,ELECTROTECHNIQUE,C16,UNIV. CHLEF,11.39,value,,not_applicable,,not_applicable,2
A19TCL01,GENIE MECANIQUE,C16,UNIV. CHLEF,,NC,,not_applicable,,not_applicable,2
B00LAL03,SCIENCES DE LA MATIERE,C16,UNIV. CHLEF,10.3,value,,not_applicable,,not_applicable,2
C01LAL03,INFORMATIQUE,C16,UNIV. CHLEF,13.67,value,14.33,value,,not_applicable,2
C02LAL03,MATHEMATIQUES,C16,UNIV. CHLEF,10.26,value,10.9,value,,not_applicable,2
D00LAL03,SCIENCES DE LA NATURE ET DE LA VIE,C16,UNIV. CHLEF,10.98,value,11.75,value,,not_applicable,2
D03TCL01,SCIENCES AGRONOMIQUES,C16,UNIV. CHLEF,10.56,value,12.36,value,,not_applicable,2
E01LAL01,GEOGRAPHIE ET AMENAGEMENT DU TERRITOIRE,C16,UNIV. CHLEF,,NC,,NC,,not_applicable,2
E03LAL02,GEOLOGIE,C16,UNIV. CHLEF,,NC,,NC,,not_applicable,2
F00LAL03,"SCIENCES ECONOMIQUES, DE GESTION ET COMMERCIALES",C16,UNIV. CHLEF,10.37,value,11.52,value,13.11,value,2
G01LAL03,SCIENCES POLITIQUES,C16,UNIV. CHLEF,,NC,,NC,,NC,2
G02LAL01,DROIT,C16,UNIV. CHLEF,,NC,,NC,,NC,2
H01LAL03,LANGUE FRANCAISE,C16,UNIV. CHLEF,11.07,value,11.92,value,12.62,value,2
H03IAL24,"TRADUCTION INTERPRETARIAT (ARABE, FRANCAIS, ANGLAIS)",C16,UNIV. CHLEF,,NC,,NC,,not_applicable,2
H06LAL01,LANGUE ANGLAISE,C16,UNIV. CHLEF,12.4,value,13.21,value,14.14,value,2
I17LAL02,SCIENCES HUMAINES,C16,UNIV. CHLEF,,NC,,NC,,not_applicable,2
I19LAL03,SCIENCES SOCIALES,C16,UNIV. CHLEF,,NC,,NC,,not_applicable,2
J00LAL01,SCIENCES ET TECHNIQUES DES ACTIVITES PHYSIQUES ET SPORTIVES,C16,UNIV. CHLEF,10.64,value,,not_applicable,,not_applicable,2
L00LAL02,LANGUE ET LITTERATURE ARABES,C16,UNIV. CHLEF,,NC,,NC,,not_applicable,3
N01LAL01,GESTION DES TECHNIQUES URBAINES,C16,UNIV. CHLEF,10.12,value,,not_applicable,,not_applicable,3
N05IAL02,ARCHITECTURE,C16,UNIV. CHLEF,12.96,value,,not_applicable,,not_applicable,3
C01LAL02,INFORMATIQUE,C43,C. UNIV. AFLOU,,NC,,NC,,not_applicable,3
D00LAL04,SCIENCES DE LA NATURE ET DE LA VIE,C43,C. UNIV. AFLOU,,NC,,NC,,not_applicable,3
F00LAL01,"SCIENCES ECONOMIQUES, DE GESTION ET COMMERCIALES",C43,C. UNIV. AFLOU,,NC,,NC,,NC,3
F03LPL02,MANAGEMENT ELECTRONIQUE DES AFFAIRES,C43,C. UNIV. AFLOU,10.59,value,,not_applicable,,not_applicable,3
G02LAL02,DROIT,C43,C. UNIV. AFLOU,,NC,,NC,,NC,3
H01LAL02,LANGUE FRANCAISE,C43,C. UNIV. AFLOU,,NC,,NC,,NC,3
H06LAL03,LANGUE ANGLAISE,C43,C. UNIV. AFLOU,,NC,,NC,,NC,3
I04LAL01,HISTOIRE ET BIG DATA,C43,C. UNIV. AFLOU,,NC,,not_applicable,,not_applicable,3
I17LAL02,SCIENCES HUMAINES,C43,C. UNIV. AFLOU,,NC,,NC,,not_applicable,3
I19LAL02,SCIENCES SOCIALES,C43,C. UNIV. AFLOU,,NC,,NC,,not_applicable,3
L00LAL01,LANGUE ET LITTERATURE ARABES,C43,C. UNIV. AFLOU,,NC,,NC,,not_applicable,3
A00LAL01,SCIENCES ET TECHNOLOGIES,C18,UNIV. LAGHOUAT,,NC,,not_applicable,,not_applicable,3
A00TCL02,SCIENCES ET TECHNOLOGIES,C18,UNIV. LAGHOUAT,,NC,,not_applicable,,not_applicable,3
A05IAN01,GENIE CIVIL (CONSTRUCTIONS CIVILS ET ENVIRONNEMENT),C18,UNIV. LAGHOUAT,,NC,,not_applicable,,not_applicable,3
A05IAN02,GENIE CIVIL (VOIRIE ET RESEAUX DIVERS),C18,UNIV. LAGHOUAT,,NC,,not_applicable,,not_applicable,3
A05TCL01,GENIE CIVIL,C18,UNIV. LAGHOUAT,,NC,,not_applicable,,not_applicable,3
A08TCL01,GENIE DES PROCEDES,C18,UNIV. LAGHOUAT,,NC,,not_applicable,,not_applicable,3
A09IAN04,ELECTROTECHNIQUE,C18,UNIV. LAGHOUAT,,NC,,not_applicable,,not_applicable,3
A15IAN01,TRAVAUX PUBLICS,C18,UNIV. LAGHOUAT,,NC,,not_applicable,,not_applicable,3
A16TCL01,ELECTROTECHNIQUE,C18,UNIV. LAGHOUAT,,NC,,not_applicable,,not_applicable,3
A19TCL01,GENIE MECANIQUE,C18,UNIV. LAGHOUAT,,NC,,not_applicable,,not_applicable,4
B00LAL01,SCIENCES DE LA MATIERE,C18,UNIV. LAGHOUAT,,NC,,not_applicable,,not_applicable,4
B01IPN01,CHIMIE,C18,UNIV. LAGHOUAT,11.18,value,,not_applicable,,not_applicable,4
B02IPN01,PHYSIQUE,C18,UNIV. LAGHOUAT,10.57,value,,not_applicable,,not_applicable,4
C01LAL03,INFORMATIQUE,C18,UNIV. LAGHOUAT,10.88,value,10.04,value,,not_applicable,4
C01TCL02,INFORMATIQUE,C18,UNIV. LAGHOUAT,13.19,value,13.83,value,,not_applicable,4
C02LAL03,MATHEMATIQUES,C18,UNIV. LAGHOUAT,,NC,,NC,,not_applicable,4
CF0LAN01,MATHEMATIQUES APPLIQUEES + SCIENCES ECONOMIQUES,C18,UNIV. LAGHOUAT,,NC,,NC,,not_applicable,4
D00LAL01,SCIENCES DE LA NATURE ET DE LA VIE,C18,UNIV. LAGHOUAT,,NC,,NC,,not_applicable,4
D03TCL01,SCIENCES AGRONOMIQUES,C18,UNIV. LAGHOUAT,,NC,,NC,,not_applicable,4
F00LAL02,"SCIENCES ECONOMIQUES, DE GESTION ET COMMERCIALES",C18,UNIV. LAGHOUAT,,NC,,NC,,NC,4
F01LPL01,MANAGEMENT DES SYSTEMES D INFORMATIONS DE SANTE,C18,UNIV. LAGHOUAT,12.0,value,,not_applicable,,not_applicable,4
F03LPL01,COMMUNICATION MARKETING ET GESTION DE LA RELATION CLIENT,C18,UNIV. LAGHOUAT,10.02,value,,not_applicable,,not_applicable,4
F04EAN01,SCIENCES ECONOMIQUES (A DISTANCE),C18,UNIV. LAGHOUAT,10.44,value,11.62,value,12.83,value,4
F04LAL01,TRADING ET LES MARCHES FINANCIERS,C18,UNIV. LAGHOUAT,,NC,,not_applicable,,not_applicable,4
G01LAL01,SCIENCES POLITIQUES,C18,UNIV. LAGHOUAT,,NC,,NC,,NC,4
G02LAL03,DROIT,C18,UNIV. LAGHOUAT,,NC,,NC,,NC,4
GG0LAN02,DROIT + SCIENCES POLITIQUES,C18,UNIV. LAGHOUAT,,NC,,NC,,NC,4
H01LAL01,LANGUE FRANCAISE,C18,UNIV. LAGHOUAT,,NC,,NC,,NC,4
H02LAL01,LANGUE ESPAGNOLE,C18,UNIV. LAGHOUAT,11.97,value,,none_assigned,14.51,value,4
H03IAL23,"TRADUCTION INTERPRETARIAT (ARABE, FRANCAIS, ANGLAIS)",C18,UNIV. LAGHOUAT,,NC,,NC,,not_applicable,4
H06LAL01,LANGUE ANGLAISE,C18,UNIV. LAGHOUAT,11.24,value,11.94,value,12.77,value,5
I03LAL01,INFORMATION ET COMMUNICATION DE LA SANTE,C18,UNIV. LAGHOUAT,10.17,value,,not_applicable,,not_applicable,5
I10LAL01,SOCIOLOGIE DE LOISIR ET DU VOYAGE,C18,UNIV. LAGHOUAT,,NC,,not_applicable,,not_applicable,5
I17LAL01,SCIENCES HUMAINES,C18,UNIV. LAGHOUAT,,NC,,NC,,not_applicable,5
I19LAL01,SCIENCES SOCIALES,C18,UNIV. LAGHOUAT,,NC,,NC,,not_applicable,5
I20LAL02,SCIENCES ISLAMIQUES,C18,UNIV. LAGHOUAT,,NC,,NC,,not_applicable,5
IC0LAN01,INFORMATIQUE + SCIENCES DE L INFORMATION ET DE LA COMMUNICATION,C18,UNIV. LAGHOUAT,,NC,,NC,,not_applicable,5
IJ0LAN02,ENTRAINEMENT SPORTIF + SCIENCES SOCIALES (PSYCHOLOGIE),C18,UNIV. LAGHOUAT,,NC,,NC,,not_applicable,5
J00LAL01,SCIENCES ET TECHNIQUES DES ACTIVITES PHYSIQUES ET SPORTIVES,C18,UNIV. LAGHOUAT,,NC,,not_applicable,,not_applicable,5
L00LAL02,LANGUE ET LITTERATURE ARABES,C18,UNIV. LAGHOUAT,,NC,,NC,,not_applicable,5
N01IAN01,GESTION DES TECHNIQUES URBAINES,C18,UNIV. LAGHOUAT,,NC,,not_applicable,,not_applicable,5
N01LAL01,GESTION DES TECHNIQUES URBAINES,C18,UNIV. LAGHOUAT,,NC,,not_applicable,,not_applicable,5
N02IAN01,METIERS DE LA VILLE,C18,UNIV. LAGHOUAT,,NC,,not_applicable,,not_applicable,5
N05IAL01,ARCHITECTURE,C18,UNIV. LAGHOUAT,,NC,,not_applicable,,not_applicable,5
NA0LAN01,ARCHITECTURE + GENIE CIVIL,C18,UNIV. LAGHOUAT,13.68,value,,not_applicable,,not_applicable,5
P04VAL01,SCIENCES VETERINAIRES,C18,UNIV. LAGHOUAT,,NC,,NC,,not_applicable,5
A00LAL01,SCIENCES ET TECHNOLOGIES,E09,UNIV. OUM EL BOUAGHI,,NC,,not_applicable,,not_applicable,5
A05TCL01,GENIE CIVIL,E09,UNIV. OUM EL BOUAGHI,,NC,,not_applicable,,not_applicable,5
A08TCL01,GENIE DES PROCEDES,E09,UNIV. OUM EL BOUAGHI,,NC,,not_applicable,,not_applicable,5
A16TCL01,ELECTROTECHNIQUE,E09,UNIV. OUM EL BOUAGHI,,NC,,not_applicable,,not_applicable,5
A19TCL01,GENIE MECANIQUE,E09,UNIV. OUM EL BOUAGHI,,NC,,not_applicable,,not_applicable,5
B00LAL01,SCIENCES DE LA MATIERE,E09,UNIV. OUM EL BOUAGHI,,NC,,not_applicable,,not_applicable,5
C01LAL01,INFORMATIQUE,E09,UNIV. OUM EL BOUAGHI,10.87,value,11.45,value,,not_applicable,5
C02LAL01,MATHEMATIQUES,E09,UNIV. OUM EL BOUAGHI,,NC,,NC,,not_applicable,6
D00LAL01,SCIENCES DE LA NATURE ET DE LA VIE,E09,UNIV. OUM EL BOUAGHI,10.6,value,11.82,value,,not_applicable,6
D03TCL01,SCIENCES AGRONOMIQUES,E09,UNIV. OUM EL BOUAGHI,,NC,,NC,,not_applicable,6
E01FPN01,GEOGRAPHIE ET AMENAGEMENT DU TERRITOIRE (FORMATIONS PROFESSIONNALISANTES),E09,UNIV. OUM EL BOUAGHI,,NC,,NC,,not_applicable,6
E01LAL02,GEOGRAPHIE ET AMENAGEMENT DU TERRITOIRE,E09,UNIV. OUM EL BOUAGHI,,NC,,NC,,not_applicable,6
E03LAL01,GEOLOGIE,E09,UNIV. OUM EL BOUAGHI,,NC,,NC,,not_applicable,6
F00LAL01,"SCIENCES ECONOMIQUES, DE GESTION ET COMMERCIALES",E09,UNIV. OUM EL BOUAGHI,10.25,value,11.36,value,12.61,value,6
F03LPL01,COMMUNICATION MARKETING ET GESTION DE LA RELATION CLIENT,E09,UNIV. OUM EL BOUAGHI,10.04,value,,not_applicable,,not_applicable,6
G01LAL02,SCIENCES POLITIQUES,E09,UNIV. OUM EL BOUAGHI,,NC,,NC,,NC,6
G02LAL01,DROIT,E09,UNIV. OUM EL BOUAGHI,10.0,value,10.18,value,10.94,value,6
H01LAL01,LANGUE FRANCAISE,E09,UNIV. OUM EL BOUAGHI,,NC,,NC,,NC,6
H06LAL01,LANGUE ANGLAISE,E09,UNIV. OUM EL BOUAGHI,11.03,value,11.09,value,11.9,value,6
I17LAL01,SCIENCES HUMAINES,E09,UNIV. OUM EL BOUAGHI,,NC,,NC,,not_applicable,6
I19LAL01,SCIENCES SOCIALES,E09,UNIV. OUM EL BOUAGHI,,NC,,NC,,not_applicable,6
J00LAL01,SCIENCES ET TECHNIQUES DES ACTIVITES PHYSIQUES ET SPORTIVES,E09,UNIV. OUM EL BOUAGHI,,NC,,not_applicable,,not_applicable,6
K00LAL01,ARTS,E09,UNIV. OUM EL BOUAGHI,,NC,,NC,,not_applicable,6
L00LAL03,LANGUE ET LITTERATURE ARABES,E09,UNIV. OUM EL BOUAGHI,,NC,,NC,,not_applicable,6
N01FPN04,GESTION DES TECHNIQUES URBAINES (FORMATIONS PROFESSIONNALISANTES),E09,UNIV. OUM EL BOUAGHI,,NC,,NC,,not_applicable,6
N01LAL01,GESTION DES TECHNIQUES URBAINES,E09,UNIV. OUM EL BOUAGHI,,NC,,not_applicable,,not_applicable,6
N02FPN06,METIERS DE LA VILLE (DESIGN ET ARCHITECTURE INTERIEURE) (FORMATIONS PROFESSIONNALISANTES),E09,UNIV. OUM EL BOUAGHI,11.1,value,11.8,value,,not_applicable,6
N02FPN07,METIERS DE LA VILLE (INFOGRAPHIE EN ARCHITECTURE) (FORMATIONS PROFESSIONNALISANTES),E09,UNIV. OUM EL BOUAGHI,,NC,,NC,,not_applicable,7
N02FPN09,MANAGEMENT DES PROJETS DE CONSTRUCTION (FORMATIONS PROFESSIONNALISANTES),E09,UNIV. OUM EL BOUAGHI,10.0,value,,not_applicable,,not_applicable,7
N04LAL01,URBANISME,E09,UNIV. OUM EL BOUAGHI,,NC,,not_applicable,,not_applicable,7
N05IAL01,ARCHITECTURE,E09,UNIV. OUM EL BOUAGHI,,NC,,not_applicable,,not_applicable,7
A18TPN03,GENIE INDUSTRIEL (FORMATIONS PROFESSIONNALISANTES),E50,UNIV. OUM EL BOUAGHI – I.S.T.A,11.19,value,11.9,value,,not_applicable,7
A20TPN01,TELECOMMUNICATIONS (FORMATIONS PROFESSIONNALISANTES),E50,UNIV. OUM EL BOUAGHI – I.S.T.A,12.94,value,13.59,value,,not_applicable,7
B02TPN01,PHYSIQUE (FORMATIONS PROFESSIONNALISANTES),E50,UNIV. OUM EL BOUAGHI – I.S.T.A,10.97,value,,not_applicable,,not_applicable,7
D07TPN03,SCIENCES ALIMENTAIRES (FORMATIONS PROFESSIONNALISANTES),E50,UNIV. OUM EL BOUAGHI – I.S.T.A,12.05,value,12.71,value,,not_applicable,7
F00TPN02,SCIENCES DE GESTION SCIENCES FINANCIERES ET COMPTABILITE (FORMATIONS PROFESSIONNALISANTES),E50,UNIV. OUM EL BOUAGHI – I.S.T.A,13.32,value,14.0,value,,none_assigned,7
A00LAL04,SCIENCES ET TECHNOLOGIES,E44,C . UNIV BARIKA,,NC,,not_applicable,,not_applicable,7
C01LAL02,INFORMATIQUE,E44,C . UNIV BARIKA,11.16,value,11.55,value,,not_applicable,7
C02LAL02,MATHEMATIQUES,E44,C . UNIV BARIKA,,NC,,NC,,not_applicable,7
F00LAL03,"SCIENCES ECONOMIQUES, DE GESTION ET COMMERCIALES",E44,C . UNIV BARIKA,,NC,,NC,,NC,7
G02LAL02,DROIT,E44,C . UNIV BARIKA,,NC,,NC,,NC,7
H01LAL03,LANGUE FRANCAISE,E44,C . UNIV BARIKA,,NC,,NC,,NC,7
H06LAL03,LANGUE ANGLAISE,E44,C . UNIV BARIKA,,NC,,NC,,NC,7
I17LAL02,SCIENCES HUMAINES,E44,C . UNIV BARIKA,,NC,,NC,,not_applicable,7
I19LAL03,SCIENCES SOCIALES,E44,C . UNIV BARIKA,,NC,,NC,,not_applicable,7
L00LAL03,LANGUE ET LITTERATURE ARABES,E44,C . UNIV BARIKA,,NC,,NC,,not_applicable,7
A00CAN12,FB ST ECOLE NAT SUP DES ENERGIES RENOUVELABLES DE ENVIRONNEMENT ET DU DEVELOPPEMENT DURABLE BATNA,W92,E.N.S DES ENERGIES RENOUVELABLES DE L ENVIRONNEMENT ET DU DEVELOPPEMENT DURABLE BATNA,15.64,value,,not_applicable,,not_applicable,8
P04VAN03,SCIENCES VETERINAIRES,E39,INSTITUT VETERINAIRE UNIV.BATNA 1,13.12,value,14.03,value,,not_applicable,8
B00LAL01,SCIENCES DE LA MATIERE,E08,UNIV. BATNA 1,10.1,value,,not_applicable,,not_applicable,8
D00LAL02,SCIENCES DE LA NATURE ET DE LA VIE,E08,UNIV. BATNA 1,10.53,value,12.04,value,,not_applicable,8
D03TCL01,SCIENCES AGRONOMIQUES,E08,UNIV. BATNA 1,,NC,,NC,,not_applicable,8
F00LAL01,"SCIENCES ECONOMIQUES, DE GESTION ET COMMERCIALES",E08,UNIV. BATNA 1,10.26,value,11.39,value,12.7,value,8
G01LAL01,SCIENCES POLITIQUES,E08,UNIV. BATNA 1,,NC,,NC,,NC,8
G02LAL01,DROIT,E08,UNIV. BATNA 1,10.0,value,10.65,value,11.46,value,8
I04LAL01,HISTOIRE ET BIG DATA,E08,UNIV. BATNA 1,,NC,,not_applicable,,not_applicable,8
I10LAL01,SOCIOLOGIE DE LOISIR ET DU VOYAGE,E08,UNIV. BATNA 1,,NC,,not_applicable,,not_applicable,8
I17LAL01,SCIENCES HUMAINES,E08,UNIV. BATNA 1,,NC,,NC,,not_applicable,8
I19LAL01,SCIENCES SOCIALES,E08,UNIV. BATNA 1,,NC,,NC,,not_applicable,8
I20LAL01,SCIENCES ISLAMIQUES,E08,UNIV. BATNA 1,10.43,value,11.16,value,,not_applicable,8
L00LAL01,LANGUE ET LITTERATURE ARABES,E08,UNIV. BATNA 1,,NC,,NC,,not_applicable,8
M00LAL01,LANGUE ET CULTURE AMAZIGHES,E08,UNIV. BATNA 1,,NC,,NC,,not_applicable,8
N01LAL01,GESTION DES TECHNIQUES URBAINES,E08,UNIV. BATNA 1,,NC,,not_applicable,,not_applicable,8
N02FPN01,MANAGEMENT DES PROJETS DE CONSTRUCTION (FORMATIONS PROFESSIONNALISANTES),E08,UNIV. BATNA 1,10.97,value,,not_applicable,,not_applicable,8
N05IAL01,ARCHITECTURE,E08,UNIV. BATNA 1,12.0,value,,not_applicable,,not_applicable,8
A00LAL01,SCIENCES ET TECHNOLOGIES,E45,UNIV. BATNA 2,10.73,value,,not_applicable,,not_applicable,8
A00TCL01,SCIENCES ET TECHNOLOGIES,E45,UNIV. BATNA 2,11.88,value,,not_applicable,,not_applicable,8
A05TCL01,GENIE CIVIL,E45,UNIV. BATNA 2,11.63,value,,not_applicable,,not_applicable,8
A08TCL01,GENIE DES PROCEDES,E45,UNIV. BATNA 2,,NC,,not_applicable,,not_applicable,8
A16TCL01,ELECTROTECHNIQUE,E45,UNIV. BATNA 2,10.46,value,,not_applicable,,not_applicable,9
A19LAN02,GENIE MECANIQUE (TECHNOLOGIE AUTOMOBILE),E45,UNIV. BATNA 2,12.83,value,,not_applicable,,not_applicable,9
A19TCL01,GENIE MECANIQUE,E45,UNIV. BATNA 2,,NC,,not_applicable,,not_applicable,9
A21FPN01,HYGIENE ET SECURITE INDUSTRIELLE (FORMATIONS PROFESSIONNALISANTES),E45,UNIV. BATNA 2,12.8,value,,not_applicable,,not_applicable,9
A21LAN01,HYGIENE ET SECURITE INDUSTRIELLE,E45,UNIV. BATNA 2,13.15,value,,not_applicable,,not_applicable,9
C01LAL01,INFORMATIQUE,E45,UNIV. BATNA 2,13.43,value,14.09,value,,not_applicable,9
C01TCL01,INFORMATIQUE,E45,UNIV. BATNA 2,14.21,value,14.91,value,,not_applicable,9
C02LAL01,MATHEMATIQUES,E45,UNIV. BATNA 2,10.24,value,10.94,value,,not_applicable,9
E01LAL02,GEOGRAPHIE ET AMENAGEMENT DU TERRITOIRE,E45,UNIV. BATNA 2,,NC,,NC,,not_applicable,9
E03LAL01,GEOLOGIE,E45,UNIV. BATNA 2,,NC,,NC,,not_applicable,9
H01LAL01,LANGUE FRANCAISE,E45,UNIV. BATNA 2,,NC,,NC,,NC,9
H03IAL05,"TRADUCTION INTERPRETARIAT (ARABE, FRANCAIS, ANGLAIS)",E45,UNIV. BATNA 2,13.16,value,14.26,value,,not_applicable,9
H06LAL01,LANGUE ANGLAISE,E45,UNIV. BATNA 2,12.51,value,13.45,value,14.26,value,9
J00LAL01,SCIENCES ET TECHNIQUES DES ACTIVITES PHYSIQUES ET SPORTIVES,E45,UNIV. BATNA 2,10.69,value,,not_applicable,,not_applicable,9
PC0LAN02,MEDECINE + INFORMATIQUE,E45,UNIV. BATNA 2,16.81,value,17.71,value,,not_applicable,9
D00LAL03,SCIENCES DE LA NATURE ET DE LA VIE,E52,UNIV. BATNA 2 (SCIENCES BIOLOGIQUES),11.79,value,12.74,value,,not_applicable,9
C00CAN03,FB INF ECOLE SUPERIEURE EN SCIENCES ET TECHNOLOGIES DE L INFORMATIQUE ET DU NUMERIQUE BEJAIA,W93,E.S EN SCIENCES ET TECHNOLOGIES DE L INFORMATIQUE ET DU NUMERIQUE BEJAIA,17.45,value,17.79,value,18.15,value,9
A00LAL02,SCIENCES ET TECHNOLOGIES,C19,UNIV. BEJAIA,10.57,value,,not_applicable,,not_applicable,9
A00TCL02,SCIENCES ET TECHNOLOGIES,C19,UNIV. BEJAIA,13.41,value,,not_applicable,,not_applicable,9
A05TCL01,GENIE CIVIL,C19,UNIV. BEJAIA,12.76,value,,not_applicable,,not_applicable,9
A08TCL01,GENIE DES PROCEDES,C19,UNIV. BEJAIA,11.0,value,,not_applicable,,not_applicable,9
A12LAL01,HYDRAULIQUE,C19,UNIV. BEJAIA,11.29,value,,not_applicable,,not_applicable,10
A16TCL01,ELECTROTECHNIQUE,C19,UNIV. BEJAIA,13.02,value,,not_applicable,,not_applicable,10
A19TCL01,GENIE MECANIQUE,C19,UNIV. BEJAIA,10.31,value,,not_applicable,,not_applicable,10
B00LAL01,SCIENCES DE LA MATIERE,C19,UNIV. BEJAIA,,NC,,not_applicable,,not_applicable,10
C01LAL01,INFORMATIQUE,C19,UNIV. BEJAIA,14.99,value,15.73,value,,not_applicable,10
C01TCL02,INFORMATIQUE,C19,UNIV. BEJAIA,15.77,value,16.59,value,,not_applicable,10
C02LAL01,MATHEMATIQUES,C19,UNIV. BEJAIA,,NC,,NC,,not_applicable,10
CF0LAN05,INFORMATIQUE + SCIENCES ECONOMIQUES,C19,UNIV. BEJAIA,14.93,value,,none_assigned,,not_applicable,10
D00LAL01,SCIENCES DE LA NATURE ET DE LA VIE,C19,UNIV. BEJAIA,,NC,,NC,,not_applicable,10
D07FPN01,SCIENCES ALIMENTAIRES (FORMATIONS PROFESSIONNALISANTES),C19,UNIV. BEJAIA,10.75,value,,not_applicable,,not_applicable,10
D07IAN01,SCIENCES ALIMENTAIRES,C19,UNIV. BEJAIA,12.49,value,,not_applicable,,not_applicable,10
F00LAL02,"SCIENCES ECONOMIQUES, DE GESTION ET COMMERCIALES",C19,UNIV. BEJAIA,10.19,value,11.3,value,12.47,value,10
G02LAL01,DROIT,C19,UNIV. BEJAIA,,NC,,NC,,NC,10
GC0LAN02,INFORMATIQUE + DROIT,C19,UNIV. BEJAIA,13.62,value,14.33,value,,not_applicable,10
H01LAL01,LANGUE FRANCAISE,C19,UNIV. BEJAIA,12.92,value,13.77,value,14.76,value,10
H03IAN11,"TRADUCTION INTERPRETARIAT (ARABE, FRANCAIS, AMAZIGH)",C19,UNIV. BEJAIA,,NC,,NC,,not_applicable,10
H06LAL01,LANGUE ANGLAISE,C19,UNIV. BEJAIA,13.59,value,14.93,value,,none_assigned,10
I17LAL01,SCIENCES HUMAINES,C19,UNIV. BEJAIA,10.23,value,11.8,value,,not_applicable,10
I19LAL01,SCIENCES SOCIALES,C19,UNIV. BEJAIA,10.52,value,11.29,value,,not_applicable,10
J00LAL01,SCIENCES ET TECHNIQUES DES ACTIVITES PHYSIQUES ET SPORTIVES,C19,UNIV. BEJAIA,11.23,value,,not_applicable,,not_applicable,10
L00LAL01,LANGUE ET LITTERATURE ARABES,C19,UNIV. BEJAIA,,NC,,NC,,not_applicable,10
M00LAL01,LANGUE ET CULTURE AMAZIGHES,C19,UNIV. BEJAIA,10.31,value,11.23,value,,not_applicable,10
N05IAL01,ARCHITECTURE,C19,UNIV. BEJAIA,13.93,value,,not_applicable,,not_applicable,11
NI0LAN01,ARCHITECTURE + SCIENCES SOCIALES (SOCIOLOGIE),C19,UNIV. BEJAIA,14.03,value,,not_applicable,,not_applicable,11
PC0LAN05,MEDECINE + INFORMATIQUE,C19,UNIV. BEJAIA,16.66,value,17.23,value,,not_applicable,11
A00LAL03,SCIENCES ET TECHNOLOGIES,E13,UNIV. BISKRA,,NC,,not_applicable,,not_applicable,11
A00TCL01,SCIENCES ET TECHNOLOGIES,E13,UNIV. BISKRA,,NC,,not_applicable,,not_applicable,11
A05TCL01,GENIE CIVIL,E13,UNIV. BISKRA,,NC,,not_applicable,,not_applicable,11
A08TCL01,GENIE DES PROCEDES,E13,UNIV. BISKRA,,NC,,not_applicable,,not_applicable,11
A12LAL02,HYDRAULIQUE,E13,UNIV. BISKRA,,NC,,not_applicable,,not_applicable,11
A16LAN01,ELECTROTECHNIQUE (ENERGIES RENOUVELABLES),E13,UNIV. BISKRA,11.83,value,,not_applicable,,not_applicable,11
A16TCL01,ELECTROTECHNIQUE,E13,UNIV. BISKRA,,NC,,not_applicable,,not_applicable,11
A19TCL01,GENIE MECANIQUE,E13,UNIV. BISKRA,,NC,,not_applicable,,not_applicable,11
B00LAL01,SCIENCES DE LA MATIERE,E13,UNIV. BISKRA,,NC,,not_applicable,,not_applicable,11
B02FPN01,PHYSIQUE (FORMATIONS PROFESSIONNALISANTES),E13,UNIV. BISKRA,,NC,,not_applicable,,not_applicable,11
C01LAL01,INFORMATIQUE,E13,UNIV. BISKRA,10.75,value,11.23,value,,not_applicable,11
C01TCL01,INFORMATIQUE,E13,UNIV. BISKRA,,NC,,NC,,not_applicable,11
C02FPN01,MATHEMATIQUES (FORMATIONS PROFESSIONNALISANTES),E13,UNIV. BISKRA,,NC,,NC,,not_applicable,11
C02LAL01,MATHEMATIQUES,E13,UNIV. BISKRA,,NC,,NC,,not_applicable,11
D00LAL01,SCIENCES DE LA NATURE ET DE LA VIE,E13,UNIV. BISKRA,,NC,,NC,,not_applicable,11
D03TCL01,SCIENCES AGRONOMIQUES,E13,UNIV. BISKRA,,NC,,NC,,not_applicable,11
E01LAL01,GEOGRAPHIE ET AMENAGEMENT DU TERRITOIRE,E13,UNIV. BISKRA,,NC,,NC,,not_applicable,11
E03LAL03,GEOLOGIE,E13,UNIV. BISKRA,,NC,,NC,,not_applicable,11
F00LAL02,"SCIENCES ECONOMIQUES, DE GESTION ET COMMERCIALES",E13,UNIV. BISKRA,10.0,value,10.0,value,10.08,value,11
G01LAL01,SCIENCES POLITIQUES,E13,UNIV. BISKRA,,NC,,NC,,NC,11
G02LAL03,DROIT,E13,UNIV. BISKRA,,NC,,NC,,NC,12
H01LAL01,LANGUE FRANCAISE,E13,UNIV. BISKRA,,NC,,NC,,NC,12
H06LAL01,LANGUE ANGLAISE,E13,UNIV. BISKRA,11.28,value,12.03,value,12.86,value,12
I03LAL01,INFORMATION ET COMMUNICATION DE LA SANTE,E13,UNIV. BISKRA,10.52,value,,not_applicable,,not_applicable,12
I10LAL01,SOCIOLOGIE DE LOISIR ET DU VOYAGE,E13,UNIV. BISKRA,,NC,,not_applicable,,not_applicable,12
I17LAL01,SCIENCES HUMAINES,E13,UNIV. BISKRA,,NC,,NC,,not_applicable,12
I19LAL01,SCIENCES SOCIALES,E13,UNIV. BISKRA,,NC,,NC,,not_applicable,12
J00LAL01,SCIENCES ET TECHNIQUES DES ACTIVITES PHYSIQUES ET SPORTIVES,E13,UNIV. BISKRA,,NC,,not_applicable,,not_applicable,12
L00LAL02,LANGUE ET LITTERATURE ARABES,E13,UNIV. BISKRA,,NC,,NC,,not_applicable,12
N01LAL01,GESTION DES TECHNIQUES URBAINES,E13,UNIV. BISKRA,,NC,,not_applicable,,not_applicable,12
N02FPN03,MANAGEMENT DES PROJETS DE CONSTRUCTION (FORMATIONS PROFESSIONNALISANTES),E13,UNIV. BISKRA,,NC,,not_applicable,,not_applicable,12
N04LAL01,URBANISME,E13,UNIV. BISKRA,,NC,,not_applicable,,not_applicable,12
N05IAL01,ARCHITECTURE,E13,UNIV. BISKRA,,NC,,not_applicable,,not_applicable,12
P04VAL01,SCIENCES VETERINAIRES,E13,UNIV. BISKRA,,NC,,NC,,not_applicable,12
A00LAL01,SCIENCES ET TECHNOLOGIES,U11,UNIV. BECHAR,,NC,,not_applicable,,not_applicable,12
A00TCL03,SCIENCES ET TECHNOLOGIES,U11,UNIV. BECHAR,,NC,,not_applicable,,not_applicable,12
B00LAL01,SCIENCES DE LA MATIERE,U11,UNIV. BECHAR,,NC,,not_applicable,,not_applicable,12
C01LAL01,INFORMATIQUE,U11,UNIV. BECHAR,10.98,value,10.89,value,,not_applicable,12
C01TCL03,INFORMATIQUE,U11,UNIV. BECHAR,,NC,,NC,,not_applicable,12
C02LAL01,MATHEMATIQUES,U11,UNIV. BECHAR,,NC,,NC,,not_applicable,12
D00LAL01,SCIENCES DE LA NATURE ET DE LA VIE,U11,UNIV. BECHAR,,NC,,NC,,not_applicable,12
D03TCL01,SCIENCES AGRONOMIQUES,U11,UNIV. BECHAR,,NC,,NC,,not_applicable,12
F00LAL01,"SCIENCES ECONOMIQUES, DE GESTION ET COMMERCIALES",U11,UNIV. BECHAR,10.0,value,10.4,value,11.51,value,12
G01LAL02,SCIENCES POLITIQUES,U11,UNIV. BECHAR,,NC,,NC,,NC,13
G02LAL01,DROIT,U11,UNIV. BECHAR,,NC,,NC,,NC,13
H01LAL01,LANGUE FRANCAISE,U11,UNIV. BECHAR,11.27,value,12.06,value,12.95,value,13
H06LAL01,LANGUE ANGLAISE,U11,UNIV. BECHAR,12.39,value,13.69,value,14.37,value,13
I17LAL01,SCIENCES HUMAINES,U11,UNIV. BECHAR,,NC,,NC,,not_applicable,13
I19LAL01,SCIENCES SOCIALES,U11,UNIV. BECHAR,,NC,,NC,,not_applicable,13
L00LAL01,LANGUE ET LITTERATURE ARABES,U11,UNIV. BECHAR,10.33,value,11.16,value,,not_applicable,13
N02FPN08,MANAGEMENT DES PROJETS DE CONSTRUCTION (FORMATIONS PROFESSIONNALISANTES),U11,UNIV. BECHAR,,NC,,not_applicable,,not_applicable,13
N04LAL01,URBANISME,U11,UNIV. BECHAR,,NC,,not_applicable,,not_applicable,13
N05IAL01,ARCHITECTURE,U11,UNIV. BECHAR,,NC,,not_applicable,,not_applicable,13
A00CAN05,FB ST ECOLE NATIONALE SUPERIEURE D HYDRAULIQUE BLIDA,H15,ECOLE NATIONALE SUPERIEURE HYDRAULIQUE BLIDA,14.64,value,,not_applicable,,not_applicable,13
A00LAL04,SCIENCES ET TECHNOLOGIES,C39,UNIV. BLIDA 1,10.55,value,,not_applicable,,not_applicable,13
A00TCL02,SCIENCES ET TECHNOLOGIES,C39,UNIV. BLIDA 1,13.91,value,,not_applicable,,not_applicable,13
A05TCL01,GENIE CIVIL,C39,UNIV. BLIDA 1,12.58,value,,not_applicable,,not_applicable,13
A06LAN01,AERONAUTIQUE,C39,UNIV. BLIDA 1,15.74,value,,not_applicable,,not_applicable,13
A08TCL01,GENIE DES PROCEDES,C39,UNIV. BLIDA 1,,NC,,not_applicable,,not_applicable,13
A09IAN02,ENERGIES RENOUVELABLES (CONVERSION THERMIQUE),C39,UNIV. BLIDA 1,13.69,value,,not_applicable,,not_applicable,13
A09IAN03,ENERGIES RENOUVELABLES (CONVERSION PHOTOVOLTAIQUE),C39,UNIV. BLIDA 1,13.98,value,,not_applicable,,not_applicable,13
A16TCL01,ELECTROTECHNIQUE,C39,UNIV. BLIDA 1,11.16,value,,not_applicable,,not_applicable,13
A19TCL01,GENIE MECANIQUE,C39,UNIV. BLIDA 1,12.04,value,,not_applicable,,not_applicable,13
B00LAL03,SCIENCES DE LA MATIERE,C39,UNIV. BLIDA 1,10.4,value,,not_applicable,,not_applicable,13
C01LAL01,INFORMATIQUE,C39,UNIV. BLIDA 1,14.01,value,14.71,value,,not_applicable,13
C01TCL02,INFORMATIQUE,C39,UNIV. BLIDA 1,15.38,value,16.15,value,,not_applicable,13
C02LAL01,MATHEMATIQUES,C39,UNIV. BLIDA 1,10.97,value,11.71,value,,not_applicable,14
D00LAL03,SCIENCES DE LA NATURE ET DE LA VIE,C39,UNIV. BLIDA 1,10.86,value,11.64,value,,not_applicable,14
D03TCL01,SCIENCES AGRONOMIQUES,C39,UNIV. BLIDA 1,11.75,value,12.59,value,,not_applicable,14
N04LAL01,URBANISME,C39,UNIV. BLIDA 1,13.59,value,,not_applicable,,not_applicable,14
N05IAL01,ARCHITECTURE,C39,UNIV. BLIDA 1,14.65,value,,not_applicable,,not_applicable,14
P04VAL01,SCIENCES VETERINAIRES,C39,UNIV. BLIDA 1,14.21,value,14.97,value,,not_applicable,14
D07TPN02,SCIENCES ALIMENTAIRES (FORMATIONS PROFESSIONNALISANTES),C47,UNIV. BLIDA 1 I.S.T.A,13.97,value,14.69,value,,not_applicable,14
F00LAL03,"SCIENCES ECONOMIQUES, DE GESTION ET COMMERCIALES",C40,UNIV. BLIDA 2,,NC,,NC,,NC,14
G01LAL01,SCIENCES POLITIQUES,C40,UNIV. BLIDA 2,,NC,,NC,,NC,14
G02LAL02,DROIT,C40,UNIV. BLIDA 2,,NC,,NC,,NC,14
H01LAL01,LANGUE FRANCAISE,C40,UNIV. BLIDA 2,11.09,value,11.9,value,12.64,value,14
H03IAL09,TRADUCTION/INTERPRETARIAT ARABE/FRANCAIS/ANGLAIS,C40,UNIV. BLIDA 2,,NC,,NC,,not_applicable,14
H06LAL01,LANGUE ANGLAISE,C40,UNIV. BLIDA 2,12.31,value,13.13,value,14.05,value,14
H07LAL01,LANGUE ITALIENNE,C40,UNIV. BLIDA 2,10.07,value,10.81,value,11.57,value,14
I10LAL01,SOCIOLOGIE DE LOISIR ET DU VOYAGE,C40,UNIV. BLIDA 2,,NC,,not_applicable,,not_applicable,14
I17LAL01,SCIENCES HUMAINES,C40,UNIV. BLIDA 2,,NC,,NC,,not_applicable,14
I19LAL01,SCIENCES SOCIALES,C40,UNIV. BLIDA 2,,NC,,NC,,not_applicable,14
L00LAL02,LANGUE ET LITTERATURE ARABES,C40,UNIV. BLIDA 2,10.0,value,10.38,value,,not_applicable,14
A00LAL02,SCIENCES ET TECHNOLOGIES,E27,UNIV BOUIRA,10.51,value,,not_applicable,,not_applicable,14
A05TCL01,GENIE CIVIL,E27,UNIV BOUIRA,12.62,value,,not_applicable,,not_applicable,14
A08TCL01,GENIE DES PROCEDES,E27,UNIV BOUIRA,10.84,value,,not_applicable,,not_applicable,14
A16TCL01,ELECTROTECHNIQUE,E27,UNIV BOUIRA,10.81,value,,not_applicable,,not_applicable,14
A19TCL01,GENIE MECANIQUE,E27,UNIV BOUIRA,11.36,value,,not_applicable,,not_applicable,14
B00LAL01,SCIENCES DE LA MATIERE,E27,UNIV BOUIRA,,NC,,not_applicable,,not_applicable,15
C01LAL02,INFORMATIQUE,E27,UNIV BOUIRA,12.74,value,13.36,value,,not_applicable,15
C02LAL02,MATHEMATIQUES,E27,UNIV BOUIRA,,NC,,NC,,not_applicable,15
D00LAL01,SCIENCES DE LA NATURE ET DE LA VIE,E27,UNIV BOUIRA,10.75,value,11.89,value,,not_applicable,15
D03TCL01,SCIENCES AGRONOMIQUES,E27,UNIV BOUIRA,,NC,,NC,,not_applicable,15
F00LAL01,"SCIENCES ECONOMIQUES, DE GESTION ET COMMERCIALES",E27,UNIV BOUIRA,10.31,value,11.44,value,12.81,value,15
F02LAL01,NEGOCIATION ET TECHNOLOGIE FINANCIERE,E27,UNIV BOUIRA,10.02,value,,not_applicable,,not_applicable,15
F04LAL01,TRADING ET LES MARCHES FINANCIERS,E27,UNIV BOUIRA,10.09,value,,not_applicable,,not_applicable,15
G02LAL03,DROIT,E27,UNIV BOUIRA,,NC,,NC,,NC,15
H06LAL02,LANGUE ANGLAISE,E27,UNIV BOUIRA,13.24,value,,none_assigned,15.16,value,15
I17LAL03,SCIENCES HUMAINES,E27,UNIV BOUIRA,,NC,,NC,,not_applicable,15
I19LAL01,SCIENCES SOCIALES,E27,UNIV BOUIRA,,NC,,NC,,not_applicable,15
I20LAL02,SCIENCES ISLAMIQUES,E27,UNIV BOUIRA,10.67,value,11.44,value,,not_applicable,15
J00LAL01,SCIENCES ET TECHNIQUES DES ACTIVITES PHYSIQUES ET SPORTIVES,E27,UNIV BOUIRA,10.29,value,,not_applicable,,not_applicable,15
L00LAL02,LANGUE ET LITTERATURE ARABES,E27,UNIV BOUIRA,,NC,,NC,,not_applicable,15
M00LAL01,LANGUE ET CULTURE AMAZIGHES,E27,UNIV BOUIRA,,NC,,NC,,not_applicable,15
A08TPN01,GENIE DES PROCEDES (FORMATIONS PROFESSIONNALISANTES),C48,UNIV. BOUIRA – I.S.T.A,12.39,value,13.19,value,,not_applicable,15
A12TPN01,HYDRAULIQUE (FORMATIONS PROFESSIONNALISANTES),C48,UNIV. BOUIRA – I.S.T.A,11.51,value,12.35,value,,not_applicable,15
A00LAL01,SCIENCES ET TECHNOLOGIES,C31,UNIV. TAMANGHASSET,,NC,,not_applicable,,not_applicable,15
A05TCL01,GENIE CIVIL,C31,UNIV. TAMANGHASSET,,NC,,not_applicable,,not_applicable,15
A16TCL01,ELECTROTECHNIQUE,C31,UNIV. TAMANGHASSET,,NC,,not_applicable,,not_applicable,15
A19TCL01,GENIE MECANIQUE,C31,UNIV. TAMANGHASSET,,NC,,not_applicable,,not_applicable,15
B00LAL02,SCIENCES DE LA MATIERE,C31,UNIV. TAMANGHASSET,,NC,,not_applicable,,not_applicable,15
C01LAL01,INFORMATIQUE,C31,UNIV. TAMANGHASSET,10.04,value,10.07,value,,not_applicable,16
C02LAL01,MATHEMATIQUES,C31,UNIV. TAMANGHASSET,,NC,,NC,,not_applicable,16
D00LAL01,SCIENCES DE LA NATURE ET DE LA VIE,C31,UNIV. TAMANGHASSET,,NC,,NC,,not_applicable,16
E03LAL02,GEOLOGIE,C31,UNIV. TAMANGHASSET,,NC,,NC,,not_applicable,16
F00LAL02,"SCIENCES ECONOMIQUES, DE GESTION ET COMMERCIALES",C31,UNIV. TAMANGHASSET,,NC,,NC,,NC,16
G01LAL03,SCIENCES POLITIQUES,C31,UNIV. TAMANGHASSET,,NC,,NC,,NC,16
G02LAL01,DROIT,C31,UNIV. TAMANGHASSET,,NC,,NC,,NC,16
H01LAL01,LANGUE FRANCAISE,C31,UNIV. TAMANGHASSET,,NC,,NC,,NC,16
H06LAL02,LANGUE ANGLAISE,C31,UNIV. TAMANGHASSET,,NC,,NC,,NC,16
I17LAL01,SCIENCES HUMAINES,C31,UNIV. TAMANGHASSET,,NC,,NC,,not_applicable,16
I19LAL01,SCIENCES SOCIALES,C31,UNIV. TAMANGHASSET,,NC,,NC,,not_applicable,16
J00LAL02,SCIENCES ET TECHNIQUES DES ACTIVITES PHYSIQUES ET SPORTIVES,C31,UNIV. TAMANGHASSET,,NC,,not_applicable,,not_applicable,16
L00LAL01,LANGUE ET LITTERATURE ARABES,C31,UNIV. TAMANGHASSET,,NC,,NC,,not_applicable,16
M00LAL01,LANGUE ET CULTURE AMAZIGHES,C31,UNIV. TAMANGHASSET,,NC,,NC,,not_applicable,16
P04VAL01,SCIENCES VETERINAIRES,C31,UNIV. TAMANGHASSET,,NC,,NC,,not_applicable,16
A00LAL01,SCIENCES ET TECHNOLOGIES,E12,UNIV. TEBESSA,,NC,,not_applicable,,not_applicable,16
A00TCL01,SCIENCES ET TECHNOLOGIES,E12,UNIV. TEBESSA,,NC,,not_applicable,,not_applicable,16
A01LAN01,GENIE MINIER,E12,UNIV. TEBESSA,,NC,,not_applicable,,not_applicable,16
A05TCL01,GENIE CIVIL,E12,UNIV. TEBESSA,,NC,,not_applicable,,not_applicable,16
A16TCL01,ELECTROTECHNIQUE,E12,UNIV. TEBESSA,,NC,,not_applicable,,not_applicable,16
A19TCL01,GENIE MECANIQUE,E12,UNIV. TEBESSA,,NC,,not_applicable,,not_applicable,16
B00LAL01,SCIENCES DE LA MATIERE,E12,UNIV. TEBESSA,,NC,,not_applicable,,not_applicable,16
C01LAL01,INFORMATIQUE,E12,UNIV. TEBESSA,10.19,value,10.17,value,,not_applicable,16
C02LAL01,MATHEMATIQUES,E12,UNIV. TEBESSA,,NC,,NC,,not_applicable,17
D00LAL01,SCIENCES DE LA NATURE ET DE LA VIE,E12,UNIV. TEBESSA,,NC,,NC,,not_applicable,17
D03TCL01,SCIENCES AGRONOMIQUES,E12,UNIV. TEBESSA,,NC,,NC,,not_applicable,17
E01LAL01,GEOGRAPHIE ET AMENAGEMENT DU TERRITOIRE,E12,UNIV. TEBESSA,,NC,,NC,,not_applicable,17
E03LAL01,GEOLOGIE,E12,UNIV. TEBESSA,,NC,,NC,,not_applicable,17
F00LAL01,"SCIENCES ECONOMIQUES, DE GESTION ET COMMERCIALES",E12,UNIV. TEBESSA,,NC,,NC,,NC,17
F04EAN03,SCIENCES ECONOMIQUES (A DISTANCE),E12,UNIV. TEBESSA,10.0,value,10.29,value,11.41,value,17
G01LAL01,SCIENCES POLITIQUES,E12,UNIV. TEBESSA,,NC,,NC,,NC,17
G02LAL01,DROIT,E12,UNIV. TEBESSA,10.0,value,10.14,value,11.18,value,17
H01LAL01,LANGUE FRANCAISE,E12,UNIV. TEBESSA,,NC,,NC,,NC,17
H06LAL01,LANGUE ANGLAISE,E12,UNIV. TEBESSA,11.49,value,12.25,value,13.1,value,17
I03LAL01,INFORMATION ET COMMUNICATION DE LA SANTE,E12,UNIV. TEBESSA,,NC,,not_applicable,,not_applicable,17
I04LAL01,HISTOIRE ET BIG DATA,E12,UNIV. TEBESSA,,NC,,not_applicable,,not_applicable,17
I10LAL01,SOCIOLOGIE DE LOISIR ET DU VOYAGE,E12,UNIV. TEBESSA,,NC,,not_applicable,,not_applicable,17
I17LAL01,SCIENCES HUMAINES,E12,UNIV. TEBESSA,,NC,,NC,,not_applicable,17
I19LAL01,SCIENCES SOCIALES,E12,UNIV. TEBESSA,,NC,,NC,,not_applicable,17
I20LAL02,SCIENCES ISLAMIQUES,E12,UNIV. TEBESSA,10.0,value,10.45,value,,not_applicable,17
J00LAL01,SCIENCES ET TECHNIQUES DES ACTIVITES PHYSIQUES ET SPORTIVES,E12,UNIV. TEBESSA,,NC,,not_applicable,,not_applicable,17
L00LAL01,LANGUE ET LITTERATURE ARABES,E12,UNIV. TEBESSA,,NC,,NC,,not_applicable,17
N01LAL01,GESTION DES TECHNIQUES URBAINES,E12,UNIV. TEBESSA,,NC,,not_applicable,,not_applicable,17
N02FPN05,MANAGEMENT DES PROJETS DE CONSTRUCTION (FORMATIONS PROFESSIONNALISANTES),E12,UNIV. TEBESSA,,NC,,not_applicable,,not_applicable,17
N05IAL02,ARCHITECTURE,E12,UNIV. TEBESSA,,NC,,not_applicable,,not_applicable,17
A00LAL04,SCIENCES ET TECHNOLOGIES,U47,C. UNIV MAGHNIA,,NC,,not_applicable,,not_applicable,17
A05TCL01,GENIE CIVIL,U47,C. UNIV MAGHNIA,,NC,,not_applicable,,not_applicable,18
F00LAL03,"SCIENCES ECONOMIQUES, DE GESTION ET COMMERCIALES",U47,C. UNIV MAGHNIA,,NC,,NC,,NC,18
G02LAL03,DROIT,U47,C. UNIV MAGHNIA,,NC,,NC,,NC,18
H06LAL03,LANGUE ANGLAISE,U47,C. UNIV MAGHNIA,11.79,value,13.05,value,13.51,value,18
I19LAL02,SCIENCES SOCIALES,U47,C. UNIV MAGHNIA,10.0,value,10.74,value,,not_applicable,18
L00LAL02,LANGUE ET LITTERATURE ARABES,U47,C. UNIV MAGHNIA,,NC,,NC,,not_applicable,18
F00CAN03,FB SECSG ECOLE SUPERIEURE DE MANAGEMENT DE TLEMCEN,P24,ECOLE SUPERIEURE DE MANAGEMENT DE TLEMCEN,15.18,value,,not_applicable,,not_applicable,18
A00CAN02,FB ST ECOLE SUPERIEURE DES SCIENCES APPLIQUEES DE TLEMCEN,P13,ECOLE SUPERIEURE DES SCIENCES APPLIQUEES DE TLEMCEN,15.38,value,,not_applicable,,not_applicable,18
A00LAL03,SCIENCES ET TECHNOLOGIES,U06,UNIV. TLEMCEN,10.38,value,,not_applicable,,not_applicable,18
A00TCL03,SCIENCES ET TECHNOLOGIES,U06,UNIV. TLEMCEN,11.67,value,,not_applicable,,not_applicable,18
A05TCL02,GENIE CIVIL,U06,UNIV. TLEMCEN,11.33,value,,not_applicable,,not_applicable,18
A16TCL01,ELECTROTECHNIQUE,U06,UNIV. TLEMCEN,11.56,value,,not_applicable,,not_applicable,18
A18LAN01,GENIE INDUSTRIEL,U06,UNIV. TLEMCEN,12.76,value,,not_applicable,,not_applicable,18
A19FPN02,GENIE MECANIQUE (FORMATIONS PROFESSIONNALISANTES),U06,UNIV. TLEMCEN,11.91,value,,not_applicable,,not_applicable,18
A19TCL01,GENIE MECANIQUE,U06,UNIV. TLEMCEN,11.32,value,,not_applicable,,not_applicable,18
A22FPN01,GENIEBIOMEDICAL (FORMATIONS PROFESSIONNALISANTES),U06,UNIV. TLEMCEN,14.16,value,,not_applicable,,not_applicable,18
B00LAL02,SCIENCES DE LA MATIERE,U06,UNIV. TLEMCEN,,NC,,not_applicable,,not_applicable,18
C01LAL01,INFORMATIQUE,U06,UNIV. TLEMCEN,12.85,value,13.49,value,,not_applicable,18
C01TCL03,INFORMATIQUE,U06,UNIV. TLEMCEN,13.31,value,13.93,value,,not_applicable,18
C02LAL01,MATHEMATIQUES,U06,UNIV. TLEMCEN,,NC,,NC,,not_applicable,18
D00LAL01,SCIENCES DE LA NATURE ET DE LA VIE,U06,UNIV. TLEMCEN,10.87,value,12.15,value,,not_applicable,18
D03LAN01,SCIENCES AGRONOMIQUES,U06,UNIV. TLEMCEN,10.04,value,,not_applicable,,not_applicable,19
D03TCL01,SCIENCES AGRONOMIQUES,U06,UNIV. TLEMCEN,,NC,,NC,,not_applicable,19
E03LAL01,GEOLOGIE,U06,UNIV. TLEMCEN,,NC,,NC,,not_applicable,19
F00LAL02,"SCIENCES ECONOMIQUES, DE GESTION ET COMMERCIALES",U06,UNIV. TLEMCEN,10.32,value,11.45,value,12.59,value,19
G01LAL01,SCIENCES POLITIQUES,U06,UNIV. TLEMCEN,10.0,value,10.02,value,11.06,value,19
G02LAL01,DROIT,U06,UNIV. TLEMCEN,10.0,value,10.03,value,11.49,value,19
H01LAL01,LANGUE FRANCAISE,U06,UNIV. TLEMCEN,11.0,value,11.08,value,11.74,value,19
H02LAL01,LANGUE ESPAGNOLE,U06,UNIV. TLEMCEN,12.23,value,13.31,value,14.66,value,19
H03IAL17,"TRADUCTION INTERPRETARIAT (ARABE, FRANCAIS, ANGLAIS)",U06,UNIV. TLEMCEN,,NC,,NC,,not_applicable,19
H06EAN01,LANGUE ANGLAISE (A DISTANCE),U06,UNIV. TLEMCEN,12.98,value,14.06,value,14.78,value,19
H06LAL01,LANGUE ANGLAISE,U06,UNIV. TLEMCEN,12.37,value,13.19,value,14.11,value,19
HF0LAN01,LANGUE ANGLAISE + SCIENCES FINANCIERES ET COMPTABILITE,U06,UNIV. TLEMCEN,13.99,value,14.72,value,,not_applicable,19
I17LAL02,SCIENCES HUMAINES,U06,UNIV. TLEMCEN,10.0,value,10.23,value,,not_applicable,19
I19LAL03,SCIENCES SOCIALES,U06,UNIV. TLEMCEN,10.45,value,11.18,value,,not_applicable,19
I20LAL01,SCIENCES ISLAMIQUES,U06,UNIV. TLEMCEN,11.65,value,12.49,value,,not_applicable,19
K00LAL01,ARTS,U06,UNIV. TLEMCEN,,NC,,NC,,not_applicable,19
L00LAL03,LANGUE ET LITTERATURE ARABES,U06,UNIV. TLEMCEN,10.0,value,10.34,value,,not_applicable,19
N05IAL01,ARCHITECTURE,U06,UNIV. TLEMCEN,13.94,value,,not_applicable,,not_applicable,19
PI0LAN01,MEDECINE + PSYCHOLOGIE,U06,UNIV. TLEMCEN,16.67,value,17.26,value,,not_applicable,19
A05TPN02,GENIE CIVIL (FORMATIONS PROFESSIONNALISANTES),U48,UNIV. TLEMCEN I.S.T.A,13.06,value,13.78,value,,not_applicable,19
D07TPN04,SCIENCES ALIMENTAIRES (CONTROLE ET MANAGEMENT DE LA QUALITE EN INDUSTRIES AGROALIMENTAIRES) (FORMATIONS PROFESSIONNALISANTES),U48,UNIV. TLEMCEN I.S.T.A,13.94,value,,none_assigned,,not_applicable,19
N02TPN01,METIERS DE LA VILLE GEOMETRE TOPOGRAPHE (FORMATIONS PROFESSIONNALISANTES),U48,UNIV. TLEMCEN I.S.T.A,13.11,value,13.7,value,,not_applicable,20
P04VAN04,SCIENCES VETERINAIRES,U41,INSTITUT VETERINAIRE UNIV. TIARET,,NC,,NC,,not_applicable,20
A00LAL01,SCIENCES ET TECHNOLOGIES,U10,UNIV. TIARET,,NC,,not_applicable,,not_applicable,20
A00TCL03,SCIENCES ET TECHNOLOGIES,U10,UNIV. TIARET,,NC,,not_applicable,,not_applicable,20
A05TCL01,GENIE CIVIL,U10,UNIV. TIARET,,NC,,not_applicable,,not_applicable,20
A16TCL01,ELECTROTECHNIQUE,U10,UNIV. TIARET,,NC,,not_applicable,,not_applicable,20
A19TCL01,GENIE MECANIQUE,U10,UNIV. TIARET,,NC,,not_applicable,,not_applicable,20
C01LAL01,INFORMATIQUE,U10,UNIV. TIARET,11.36,value,11.71,value,,not_applicable,20
C02LAL01,MATHEMATIQUES,U10,UNIV. TIARET,,NC,,NC,,not_applicable,20
D03TCL01,SCIENCES AGRONOMIQUES,U10,UNIV. TIARET,,NC,,NC,,not_applicable,20
E01LAL01,GEOGRAPHIE ET AMENAGEMENT DU TERRITOIRE,U10,UNIV. TIARET,,NC,,NC,,not_applicable,20
G01LAL03,SCIENCES POLITIQUES,U10,UNIV. TIARET,,NC,,NC,,NC,20
H01LAL01,LANGUE FRANCAISE,U10,UNIV. TIARET,,NC,,NC,,NC,20
H02LAL01,LANGUE ESPAGNOLE,U10,UNIV. TIARET,10.58,value,11.29,value,12.12,value,20
H04LAL01,LANGUE ALLEMANDE,U10,UNIV. TIARET,12.14,value,14.02,value,13.87,value,20
H06LAL01,LANGUE ANGLAISE,U10,UNIV. TIARET,11.83,value,12.64,value,13.48,value,20
K00LAL01,ARTS,U10,UNIV. TIARET,,NC,,NC,,not_applicable,20
B00LAL01,SCIENCES DE LA MATIERE,U32,UNIV. TIARET (+ A. SOUGHEUR),,NC,,not_applicable,,not_applicable,20
G02LAL01,DROIT,U46,UNIV. TIARET (+ A.SOUGHEUR+A. KSAR CHELLALA),,NC,,NC,,NC,20
D00LAL01,SCIENCES DE LA NATURE ET DE LA VIE,U14,UNIV. TIARET (+A. KSAR CHELLALA),,NC,,NC,,not_applicable,20
E03LAL01,GEOLOGIE,U14,UNIV. TIARET (+A. KSAR CHELLALA),,NC,,NC,,not_applicable,20
F00LAL01,"SCIENCES ECONOMIQUES, DE GESTION ET COMMERCIALES",U14,UNIV. TIARET (+A. KSAR CHELLALA),10.0,value,10.28,value,11.45,value,20
I17LAL01,SCIENCES HUMAINES,U14,UNIV. TIARET (+A. KSAR CHELLALA),,NC,,NC,,not_applicable,20
I19LAL01,SCIENCES SOCIALES,U14,UNIV. TIARET (+A. KSAR CHELLALA),,NC,,NC,,not_applicable,21
L00LAL01,LANGUE ET LITTERATURE ARABES,U14,UNIV. TIARET (+A. KSAR CHELLALA),,NC,,NC,,not_applicable,21
A00LAL04,SCIENCES ET TECHNOLOGIES,C14,UNIV. TIZI OUZOU,10.67,value,,not_applicable,,not_applicable,21
A00TCL02,SCIENCES ET TECHNOLOGIES,C14,UNIV. TIZI OUZOU,13.42,value,,not_applicable,,not_applicable,21
A05TCL01,GENIE CIVIL,C14,UNIV. TIZI OUZOU,12.7,value,,not_applicable,,not_applicable,21
A16TCL01,ELECTROTECHNIQUE,C14,UNIV. TIZI OUZOU,,NC,,not_applicable,,not_applicable,21
A19TCL01,GENIE MECANIQUE,C14,UNIV. TIZI OUZOU,10.64,value,,not_applicable,,not_applicable,21
B00LAL03,SCIENCES DE LA MATIERE,C14,UNIV. TIZI OUZOU,10.07,value,,not_applicable,,not_applicable,21
C01LAL03,INFORMATIQUE,C14,UNIV. TIZI OUZOU,14.35,value,15.05,value,,not_applicable,21
C01TCL02,INFORMATIQUE,C14,UNIV. TIZI OUZOU,15.81,value,16.66,value,,not_applicable,21
C02LAL03,MATHEMATIQUES,C14,UNIV. TIZI OUZOU,12.02,value,12.8,value,,not_applicable,21
D00LAL03,SCIENCES DE LA NATURE ET DE LA VIE,C14,UNIV. TIZI OUZOU,,NC,,NC,,not_applicable,21
D03TCL01,SCIENCES AGRONOMIQUES,C14,UNIV. TIZI OUZOU,,NC,,NC,,not_applicable,21
E03LAL01,GEOLOGIE,C14,UNIV. TIZI OUZOU,,NC,,NC,,not_applicable,21
F00LAL01,"SCIENCES ECONOMIQUES, DE GESTION ET COMMERCIALES",C14,UNIV. TIZI OUZOU,10.0,value,10.91,value,12.0,value,21
G01LAL02,SCIENCES POLITIQUES,C14,UNIV. TIZI OUZOU,10.96,value,11.73,value,,none_assigned,21
G02LAL02,DROIT,C14,UNIV. TIZI OUZOU,,NC,,NC,,NC,21
H01LAL03,LANGUE FRANCAISE,C14,UNIV. TIZI OUZOU,12.63,value,13.48,value,14.42,value,21
H03IAL10,TRADUCTION/INTERPRETARIAT ARABE/FRANCAIS/ANGLAIS,C14,UNIV. TIZI OUZOU,13.41,value,14.9,value,,not_applicable,21
H03IAN12,"TRADUCTION INTERPRETARIAT (ARABE, FRANCAIS, AMAZIGH)",C14,UNIV. TIZI OUZOU,,NC,,NC,,not_applicable,21
H06LAL02,LANGUE ANGLAISE,C14,UNIV. TIZI OUZOU,13.09,value,13.95,value,14.98,value,21
I17LAL02,SCIENCES HUMAINES,C14,UNIV. TIZI OUZOU,,NC,,NC,,not_applicable,21
I19LAL03,SCIENCES SOCIALES,C14,UNIV. TIZI OUZOU,,NC,,NC,,not_applicable,21
L00LAL02,LANGUE ET LITTERATURE ARABES,C14,UNIV. TIZI OUZOU,,NC,,NC,,not_applicable,22
M00LAL01,LANGUE ET CULTURE AMAZIGHES,C14,UNIV. TIZI OUZOU,,NC,,NC,,not_applicable,22
N05IAL02,ARCHITECTURE,C14,UNIV. TIZI OUZOU,14.81,value,,not_applicable,,not_applicable,22
A00CAN04,FB ST ECOLE NATIONALE POLYTECHNIQUE D ALGER,C05,ECOLE NATIONALE POLYTECHNIQUE D ALGER,17.73,value,,not_applicable,,not_applicable,22
D00CAN11,FB SP ECOLE NATIONALE SUPERIEURE DES SCIENCES DE LA MER ET DE L AMENAGEMENT DU LITTORAL D ALGER,C11,ECOLE NATIONALE SUP. DES SCI. DE LA MER ET DE L AMENAGEMENT DU LITTORAL ALGER,14.45,value,15.17,value,,not_applicable,22
D00CAN07,FB SNV ECOLE NATIONALE SUPERIEURE AGRONOMIQUE ALGER,C06,ECOLE NATIONALE SUPERIEURE AGRONOMIQUE ALGER,14.91,value,15.68,value,,not_applicable,22
C00CAN07,FB INF ECOLE NATIONALE SUPERIEURE DE CYBER SECURITE ALGER,P11,ECOLE NATIONALE SUPERIEURE DE CYBER SECURITE ALGER,18.34,value,18.7,value,19.07,value,22
A00CAN14,FB ST ECOLE NATIONALE SUPERIEURE DES NANOSCIENCES ET NANOTECHENOLOGIES ALGER,P10,ECOLE NATIONALE SUPERIEURE DES NANOSCIENCES ET NANOTECHENOLOGIES,17.96,value,,not_applicable,,not_applicable,22
A00CAN13,FB ST ECOLE NATIONALE SUPERIEURE DES SYSTEMES AUTONOMES ALGER,P09,ECOLE NATIONALE SUPERIEURE DES SYSTEMES AUTONOMES,18.21,value,,not_applicable,,not_applicable,22
A00CAN15,FB ST ECOLE NATIONALE SUPERIEURE DES TECHNOLOGIES AVANCEES ALGER,P05,ECOLE NATIONALE SUPERIEURE DES TECHNOLOGIES AVANCEES ALGER,17.15,value,,not_applicable,,not_applicable,22
C00CAN06,FB INF ECOLE NATIONALE SUPERIEURE DES TECHNOLOGIES AVANCEES ALGER,P05,ECOLE NATIONALE SUPERIEURE DES TECHNOLOGIES AVANCEES ALGER,17.39,value,17.75,value,18.1,value,22
A00TUT01,TECHNOLOGIES DE L INFORMATION DE LA COMMUNICATION ET DE LA NUMERISATION,D02,ECOLE NATIONALE SUPERIEURE DES TECHNOLOGIES DE L INFORMATION ET DE LA COMMUNICATION ET LA POSTE,17.17,value,18.41,value,,not_applicable,22
A00CAN06,FB ST ECOLE NATIONALE SUPERIEURE DES TRAVAUX PUBLICS ALGER,D01,ECOLE NATIONALE SUPERIEURE DES TRAVAUX PUBLICS ALGER,16.12,value,,not_applicable,,not_applicable,22
C00CAN01,FB INF ECOLE NATIONALE SUPERIEURE EN INFORMATIQUE ALGER,P04,ECOLE NATIONALE SUPERIEURE EN INFORMATIQUE ALGER,18.19,value,18.55,value,18.93,value,22
C00CAN04,FB INF ECOLE NATIONALE SUPERIEURE EN INTELLIGENCE ARTIFICIELLE ALGER,P07,ECOLE NATIONALE SUPERIEURE EN INTELLIGENCE ARTIFICIELLE,18.59,value,18.95,value,19.37,value,22
C00CAN05,FB MATHS ECOLE NATIONALE SUPERIEURE EN MATHEMATIQUES ALGER,P08,ECOLE NATIONALE SUPERIEURE EN MATHEMATIQUES,17.43,value,17.77,value,18.15,value,23
P04VAN01,SCIENCES VETERINAIRES,C10,ECOLE NATIONALE SUPERIEURE VETERINAIRE ALGER,15.3,value,16.11,value,,not_applicable,23
N00CAN01,FB SP ECOLE POLYTECHNIQUE D ARCHITECTURE ET D URBANISME ALGER,P03,ECOLE POLYTECHNIQUE D ARCHITECTURE ET D URBANISME ALGER,16.54,value,,not_applicable,,not_applicable,23
D00CAN05,FB SNV ECOLE SUPERIEURE DES SCIENCES DE L ALIMENT ET DES INDUSTRIES AGROALIMENTAIRES D ALGER,P71,ECOLE SUP. DES SCI. DE L ALIMENT ET DES INDUSTRIES AGROALIMENTAIRES ALGER,15.4,value,16.28,value,,not_applicable,23
CF0LAN06,MATHEMATIQUES APPLIQUEE + SCIENCES ECONOMIQUES,F20,UNIV ALGER 1 + UNIV ALGER 3,13.0,value,13.65,value,,not_applicable,23
PD0LAN01,MEDECINE + SCIENCES BIOLOGIQUES,F22,UNIV DES SCIENCES MEDICALES ALGER + UNIV ALGER 1,18.19,value,,none_assigned,,not_applicable,23
B00LAL03,SCIENCES DE LA MATIERE,C35,UNIV. ALGER 1,10.93,value,,not_applicable,,not_applicable,23
C01LAL02,INFORMATIQUE,C35,UNIV. ALGER 1,14.79,value,15.53,value,,not_applicable,23
C02LAL02,MATHEMATIQUES,C35,UNIV. ALGER 1,10.42,value,11.15,value,,not_applicable,23
D00LAL01,SCIENCES DE LA NATURE ET DE LA VIE,C35,UNIV. ALGER 1,12.56,value,13.77,value,,not_applicable,23
G02LAL03,DROIT,C35,UNIV. ALGER 1,10.0,value,10.56,value,11.31,value,23
I20LAL01,SCIENCES ISLAMIQUES,C35,UNIV. ALGER 1,11.22,value,11.99,value,,not_applicable,23
N05IAL02,ARCHITECTURE,C35,UNIV. ALGER 1,15.16,value,,not_applicable,,not_applicable,23
H01LAL01,LANGUE FRANCAISE,C36,UNIV. ALGER 2,11.0,value,11.0,value,11.67,value,23
H02LAL01,LANGUE ESPAGNOLE,C36,UNIV. ALGER 2,13.45,value,,none_assigned,15.35,value,23
H03IAL01,"TRADUCTION INTERPRETARIAT (ARABE, FRANCAIS, ANGLAIS)",C36,UNIV. ALGER 2,13.74,value,,none_assigned,,not_applicable,23
H03IAN07,"TRADUCTION INTERPRETARIAT (ARABE, FRANCAIS, ESPAGNOLE)",C36,UNIV. ALGER 2,13.92,value,15.19,value,,not_applicable,23
H04LAL01,LANGUE ALLEMANDE,C36,UNIV. ALGER 2,12.74,value,14.41,value,14.64,value,23
H05LAL01,LANGUE RUSSE,C36,UNIV. ALGER 2,10.97,value,11.76,value,,not_applicable,23
H06LAL01,LANGUE ANGLAISE,C36,UNIV. ALGER 2,12.73,value,13.63,value,14.52,value,24
H07LAL01,LANGUE ITALIENNE,C36,UNIV. ALGER 2,11.3,value,12.14,value,12.9,value,24
H08LAL01,LANGUE TURQUE,C36,UNIV. ALGER 2,10.0,value,10.19,value,,not_applicable,24
H09LAL01,LANGUE CHINOISE,C36,UNIV. ALGER 2,13.37,value,14.26,value,,not_applicable,24
I03LAL01,INFORMATION ET COMMUNICATION DE LA SANTE,C36,UNIV. ALGER 2,10.87,value,,not_applicable,,not_applicable,24
I04LAL01,HISTOIRE ET BIG DATA,C36,UNIV. ALGER 2,,NC,,not_applicable,,not_applicable,24
I10LAL01,SOCIOLOGIE DE LOISIR ET DU VOYAGE,C36,UNIV. ALGER 2,,NC,,not_applicable,,not_applicable,24
I12LAN01,SCIENCES HUMAINES ARCHEOLOGIE,C36,UNIV. ALGER 2,,NC,,NC,,not_applicable,24
I14LAN02,SCIENCES HUMAINES BIBLIOTHECONOMIE,C36,UNIV. ALGER 2,,NC,,NC,,not_applicable,24
I17LAL02,SCIENCES HUMAINES,C36,UNIV. ALGER 2,,NC,,NC,,not_applicable,24
I19LAL02,SCIENCES SOCIALES,C36,UNIV. ALGER 2,,NC,,NC,,not_applicable,24
K00LAL01,ARTS,C36,UNIV. ALGER 2,10.02,value,10.19,value,,not_applicable,24
K01LAL01,ECRITURE DE SCENARIO,C36,UNIV. ALGER 2,,NC,,not_applicable,,not_applicable,24
K01LPL01,PRODUCTION ET DESIGN NUMERIQUE - PRODUCTION DE CONTENU NUMERIQUE,C36,UNIV. ALGER 2,10.48,value,,not_applicable,,not_applicable,24
L00LAL02,LANGUE ET LITTERATURE ARABES,C36,UNIV. ALGER 2,,NC,,NC,,not_applicable,24
F00LAL01,"SCIENCES ECONOMIQUES, DE GESTION ET COMMERCIALES",C37,UNIV. ALGER 3,10.0,value,11.09,value,12.2,value,24
FC1LAN01,GESTION DES OPERATIONS COMMERCIALES ELECTRONIQUES,C37,UNIV. ALGER 3,14.67,value,15.52,value,,not_applicable,24
FC1LAN02,MANAGEMENT ET INFORMATIQUE,C37,UNIV. ALGER 3,14.9,value,15.68,value,,not_applicable,24
FC1LPN01,ECONOMIE QUANTITATIVE ET INFORMATIQUE,C37,UNIV. ALGER 3,13.74,value,14.37,value,,not_applicable,24
FC1LPN02,ECONOMIE ET RELATIONS INTERNATIONALES,C37,UNIV. ALGER 3,14.21,value,14.89,value,16.49,value,24
FF1LAN02,INGENIERIE FINANCIERE,C37,UNIV. ALGER 3,14.24,value,14.95,value,,not_applicable,24
G01LAN01,SCIENCES POLITIQUES,C37,UNIV. ALGER 3,,NC,,NC,,NC,24
GG1LAN01,ETUDES POLITIQUES ET INNOVATION PUBLIQUE,C37,UNIV. ALGER 3,,NC,,NC,,NC,24
I03LAN01,SCIENCES HUMAINES SCIENCES DE L INFORMATION ET DE LA COMMUNICATION,C37,UNIV. ALGER 3,,NC,,NC,,not_applicable,25
IF0LAN01,SCIENCES ECONOMIQUES + SCIENCES DE L INFORMATION ET DE LA COMMUNICATION,C37,UNIV. ALGER 3,13.86,value,,none_assigned,15.24,value,25
IF1LAN01,COMMUNICATION DIGITALE ET MANAGEMENT,C37,UNIV. ALGER 3,14.27,value,15.01,value,,not_applicable,25
IG0LAN01,SCIENCES DE L INFORMATION ET DE LA COMMUNICATION + SCIENCES POLITIQUES,C37,UNIV. ALGER 3,13.25,value,13.95,value,15.08,value,25
II1LAN01,COMMUNICATION TOURISTIQUE ET PROMOTION TERRITORIALES,C37,UNIV. ALGER 3,,NC,,NC,,not_applicable,25
IJ0LAN01,SCIENCES DE L INFORMATION ET DE LA COMMUNICATION + ENTRAINEMENT SPORTIF,C37,UNIV. ALGER 3,12.46,value,13.09,value,,not_applicable,25
J00LAN01,SCIENCES ET TECHNIQUES DES ACTIVITES PHYSIQUES ET SPORTIVES,C37,UNIV. ALGER 3,12.4,value,,not_applicable,,not_applicable,25
JI1LAN01,EDUCATION PSYCHOMOTRICE EN PERIODE DE L ENFANCE,C37,UNIV. ALGER 3,13.12,value,13.79,value,,not_applicable,25
KK1LAN01,CINEMA ET MEDIA NUMERIQUE,C37,UNIV. ALGER 3,,NC,,NC,,not_applicable,25
P05LAN01,PHARMACIE INDUSTRIE DES PRODUITS PHARMACEUTIQUES ET DE SANTE,C02,UNIVERSITE DES SCIENCES MEDICALES ALGER,16.19,value,16.68,value,,not_applicable,25
P06LAN01,PHARMACIE AUXILIAIRES EN PHARMACIE,C02,UNIVERSITE DES SCIENCES MEDICALES ALGER,15.41,value,16.11,value,,not_applicable,25
A00LAL03,SCIENCES ET TECHNOLOGIES,C01,USTHB,12.66,value,,not_applicable,,not_applicable,25
A00TCL02,SCIENCES ET TECHNOLOGIES,C01,USTHB,13.87,value,,not_applicable,,not_applicable,25
A05TCL01,GENIE CIVIL,C01,USTHB,12.78,value,,not_applicable,,not_applicable,25
A08TCL01,GENIE DES PROCEDES,C01,USTHB,,NC,,not_applicable,,not_applicable,25
A16TCL01,ELECTROTECHNIQUE,C01,USTHB,11.47,value,,not_applicable,,not_applicable,25
A19TCL01,GENIE MECANIQUE,C01,USTHB,11.11,value,,not_applicable,,not_applicable,25
B00LAL02,SCIENCES DE LA MATIERE,C01,USTHB,10.72,value,,not_applicable,,not_applicable,25
C01EPN01,INFORMATIQUE (A DISTANCE),C01,USTHB,15.65,value,16.41,value,,not_applicable,26
C01LAL01,INFORMATIQUE,C01,USTHB,15.14,value,15.9,value,,not_applicable,26
C01TCL02,INFORMATIQUE,C01,USTHB,15.93,value,16.73,value,,not_applicable,26
C02LAL01,MATHEMATIQUES,C01,USTHB,10.74,value,11.48,value,,not_applicable,26
C03IAN01,MATHEMATIQUES APPLIQUEES,C01,USTHB,14.14,value,14.86,value,,not_applicable,26
D00LAL02,SCIENCES DE LA NATURE ET DE LA VIE,C01,USTHB,11.0,value,11.89,value,,not_applicable,26
D02IAN01,SCIENCES BIOLOGIQUES,C01,USTHB,15.09,value,,not_applicable,,not_applicable,26
E01LAL01,GEOGRAPHIE ET AMENAGEMENT DU TERRITOIRE,C01,USTHB,,NC,,NC,,not_applicable,26
E02LAL02,GEOPHYSIQUE,C01,USTHB,13.35,value,14.31,value,,not_applicable,26
E03LAL01,GEOLOGIE,C01,USTHB,10.0,value,10.68,value,,not_applicable,26
A00LAL01,SCIENCES ET TECHNOLOGIES,C21,UNIV. DJELFA,,NC,,not_applicable,,not_applicable,26
A05TCL01,GENIE CIVIL,C21,UNIV. DJELFA,,NC,,not_applicable,,not_applicable,26
A08TCL01,GENIE DES PROCEDES,C21,UNIV. DJELFA,,NC,,not_applicable,,not_applicable,26
A16TCL01,ELECTROTECHNIQUE,C21,UNIV. DJELFA,,NC,,not_applicable,,not_applicable,26
A19TCL01,GENIE MECANIQUE,C21,UNIV. DJELFA,,NC,,not_applicable,,not_applicable,26
B00LAL01,SCIENCES DE LA MATIERE,C21,UNIV. DJELFA,,NC,,not_applicable,,not_applicable,26
C01FPN02,INFORMATIQUE (FORMATIONS PROFESSIONNALISANTES),C21,UNIV. DJELFA,12.91,value,13.53,value,,not_applicable,26
C01LAL01,INFORMATIQUE,C21,UNIV. DJELFA,13.35,value,13.97,value,,not_applicable,26
C02LAL01,MATHEMATIQUES,C21,UNIV. DJELFA,10.5,value,11.25,value,,not_applicable,26
D00LAL01,SCIENCES DE LA NATURE ET DE LA VIE,C21,UNIV. DJELFA,10.42,value,11.23,value,,not_applicable,26
D03TCL01,SCIENCES AGRONOMIQUES,C21,UNIV. DJELFA,10.01,value,11.13,value,,not_applicable,26
E01LAL01,GEOGRAPHIE ET AMENAGEMENT DU TERRITOIRE,C21,UNIV. DJELFA,,NC,,NC,,not_applicable,26
E03LAL01,GEOLOGIE,C21,UNIV. DJELFA,,NC,,NC,,not_applicable,26
F00LAL01,"SCIENCES ECONOMIQUES, DE GESTION ET COMMERCIALES",C21,UNIV. DJELFA,10.0,value,10.29,value,11.37,value,26
G01LAL03,SCIENCES POLITIQUES,C21,UNIV. DJELFA,,NC,,NC,,NC,27
G02LAL01,DROIT,C21,UNIV. DJELFA,,NC,,NC,,NC,27
H01LAL01,LANGUE FRANCAISE,C21,UNIV. DJELFA,11.02,value,11.54,value,12.31,value,27
H06LAL01,LANGUE ANGLAISE,C21,UNIV. DJELFA,12.96,value,13.82,value,14.77,value,27
I17LAL01,SCIENCES HUMAINES,C21,UNIV. DJELFA,,NC,,NC,,not_applicable,27
I19LAL01,SCIENCES SOCIALES,C21,UNIV. DJELFA,,NC,,NC,,not_applicable,27
I20LAL01,SCIENCES ISLAMIQUES,C21,UNIV. DJELFA,11.75,value,12.57,value,,not_applicable,27
J00LAL01,SCIENCES ET TECHNIQUES DES ACTIVITES PHYSIQUES ET SPORTIVES,C21,UNIV. DJELFA,,NC,,not_applicable,,not_applicable,27
K00LAL01,ARTS,C21,UNIV. DJELFA,,NC,,NC,,not_applicable,27
K02LAN02,COMEDIEN PROFESSIONNEL ET AUTEUR DRAMATIQUE,C21,UNIV. DJELFA,,NC,,not_applicable,,not_applicable,27
L00LAL01,LANGUE ET LITTERATURE ARABES,C21,UNIV. DJELFA,,NC,,NC,,not_applicable,27
P04VAL01,SCIENCES VETERINAIRES,C21,UNIV. DJELFA,13.01,value,13.81,value,,not_applicable,27
A00LAL02,SCIENCES ET TECHNOLOGIES,E11,UNIV. JIJEL,,NC,,not_applicable,,not_applicable,27
A05TCL01,GENIE CIVIL,E11,UNIV. JIJEL,,NC,,not_applicable,,not_applicable,27
A08TCL01,GENIE DES PROCEDES,E11,UNIV. JIJEL,,NC,,not_applicable,,not_applicable,27
A16TCL01,ELECTROTECHNIQUE,E11,UNIV. JIJEL,,NC,,not_applicable,,not_applicable,27
A19TCL01,GENIE MECANIQUE,E11,UNIV. JIJEL,,NC,,not_applicable,,not_applicable,27
B00LAL02,SCIENCES DE LA MATIERE,E11,UNIV. JIJEL,,NC,,not_applicable,,not_applicable,27
C01LAL01,INFORMATIQUE,E11,UNIV. JIJEL,12.94,value,13.44,value,,not_applicable,27
C02LAL01,MATHEMATIQUES,E11,UNIV. JIJEL,,NC,,NC,,not_applicable,27
D00LAL01,SCIENCES DE LA NATURE ET DE LA VIE,E11,UNIV. JIJEL,,NC,,NC,,not_applicable,27
D03TCL01,SCIENCES AGRONOMIQUES,E11,UNIV. JIJEL,,NC,,NC,,not_applicable,27
E03LAL01,GEOLOGIE,E11,UNIV. JIJEL,,NC,,NC,,not_applicable,27
F00LAL02,"SCIENCES ECONOMIQUES, DE GESTION ET COMMERCIALES",E11,UNIV. JIJEL,,NC,,NC,,NC,28
G01LAL02,SCIENCES POLITIQUES,E11,UNIV. JIJEL,,NC,,NC,,NC,28
G02LAL01,DROIT,E11,UNIV. JIJEL,,NC,,NC,,NC,28
H01LAL01,LANGUE FRANCAISE,E11,UNIV. JIJEL,11.0,value,11.42,value,12.13,value,28
H06LAL01,LANGUE ANGLAISE,E11,UNIV. JIJEL,12.52,value,13.37,value,14.29,value,28
I10LAL01,SOCIOLOGIE DE LOISIR ET DU VOYAGE,E11,UNIV. JIJEL,,NC,,not_applicable,,not_applicable,28
I17LAL02,SCIENCES HUMAINES,E11,UNIV. JIJEL,,NC,,NC,,not_applicable,28
I19LAL02,SCIENCES SOCIALES,E11,UNIV. JIJEL,,NC,,NC,,not_applicable,28
J00LAL01,SCIENCES ET TECHNIQUES DES ACTIVITES PHYSIQUES ET SPORTIVES,E11,UNIV. JIJEL,11.11,value,,not_applicable,,not_applicable,28
L00LAL01,LANGUE ET LITTERATURE ARABES,E11,UNIV. JIJEL,,NC,,NC,,not_applicable,28
N01FPN02,GESTION DES TECHNIQUES URBAINES (GENIE URBAIN) (FORMATIONS PROFESSIONNALISANTES),E11,UNIV. JIJEL,11.27,value,,not_applicable,,not_applicable,28
N01FPN03,GESTION DES TECHNIQUES URBAINES (GESTION DES VILLES) (FORMATIONS PROFESSIONNALISANTES),E11,UNIV. JIJEL,10.68,value,,not_applicable,,not_applicable,28
N05IAL01,ARCHITECTURE,E11,UNIV. JIJEL,,NC,,not_applicable,,not_applicable,28
A00LAL02,SCIENCES ET TECHNOLOGIES,E07,UNIV. SETIF 1,,NC,,not_applicable,,not_applicable,28
A00TCL01,SCIENCES ET TECHNOLOGIES,E07,UNIV. SETIF 1,12.45,value,,not_applicable,,not_applicable,28
A05TCL01,GENIE CIVIL,E07,UNIV. SETIF 1,12.46,value,,not_applicable,,not_applicable,28
A08IAN02,GENIE DES PROCEDES,E07,UNIV. SETIF 1,,NC,,not_applicable,,not_applicable,28
A08TCL01,GENIE DES PROCEDES,E07,UNIV. SETIF 1,,NC,,not_applicable,,not_applicable,28
A11FPN01,OPTIQUE ET MECANIQUE DE PRECISION (OPTOMETRIE) (FORMATIONS PROFESSIONNALISANTES),E07,UNIV. SETIF 1,16.17,value,,not_applicable,,not_applicable,28
A11FPN02,OPTIQUE ET MECANIQUE DE PRECISION (METROLOGIE ET CONTROLE INDUSTRIEL) (FORMATIONS PROFESSIONNALISANTES),E07,UNIV. SETIF 1,14.33,value,,not_applicable,,not_applicable,28
A11IAN03,OPTIQUE ET MECANIQUE DE PRECISION,E07,UNIV. SETIF 1,14.83,value,,not_applicable,,not_applicable,29
A11LAN01,OPTIQUE ET MECANIQUE DE PRECISION,E07,UNIV. SETIF 1,12.58,value,,not_applicable,,not_applicable,29
A16TCL01,ELECTROTECHNIQUE,E07,UNIV. SETIF 1,10.29,value,,not_applicable,,not_applicable,29
A19TCL01,GENIE MECANIQUE,E07,UNIV. SETIF 1,,NC,,not_applicable,,not_applicable,29
B00LAL02,SCIENCES DE LA MATIERE,E07,UNIV. SETIF 1,10.02,value,,not_applicable,,not_applicable,29
C01LAL02,INFORMATIQUE,E07,UNIV. SETIF 1,14.0,value,14.68,value,,not_applicable,29
C01TCL01,INFORMATIQUE,E07,UNIV. SETIF 1,15.21,value,15.96,value,,not_applicable,29
C02LAL02,MATHEMATIQUES,E07,UNIV. SETIF 1,,NC,,NC,,not_applicable,29
CF1LPN01,MATHEMATIQUES ET INFORMATIQUE APPLIQUEES AUX SCIENCES ECONOMIQUES ET DE GESTION,E07,UNIV. SETIF 1,14.05,value,14.77,value,,not_applicable,29
D00LAL02,SCIENCES DE LA NATURE ET DE LA VIE,E07,UNIV. SETIF 1,11.8,value,12.99,value,,not_applicable,29
D03LAN02,SCIENCES AGRONOMIQUES,E07,UNIV. SETIF 1,10.22,value,,not_applicable,,not_applicable,29
D03TCL01,SCIENCES AGRONOMIQUES,E07,UNIV. SETIF 1,,NC,,NC,,not_applicable,29
E01LAL01,GEOGRAPHIE ET AMENAGEMENT DU TERRITOIRE,E07,UNIV. SETIF 1,,NC,,NC,,not_applicable,29
E02LAL01,GEOPHYSIQUE,E07,UNIV. SETIF 1,12.51,value,13.36,value,,not_applicable,29
E03LAL01,GEOLOGIE,E07,UNIV. SETIF 1,,NC,,NC,,not_applicable,29
F00LAL02,"SCIENCES ECONOMIQUES, DE GESTION ET COMMERCIALES",E07,UNIV. SETIF 1,10.0,value,11.04,value,12.17,value,29
F01LPL01,MANAGEMENT DES SYSTEMES D INFORMATIONS DE SANTE,E07,UNIV. SETIF 1,12.44,value,,not_applicable,,not_applicable,29
F01LPN01,MANAGEMENT DES AEROPORTS ET DU TRANSIT,E07,UNIV. SETIF 1,12.7,value,,not_applicable,,not_applicable,29
F02LAL01,NEGOCIATION ET TECHNOLOGIE FINANCIERE,E07,UNIV. SETIF 1,10.68,value,,not_applicable,,not_applicable,29
F03LPL01,COMMUNICATION MARKETING ET GESTION DE LA RELATION CLIENT,E07,UNIV. SETIF 1,10.69,value,,not_applicable,,not_applicable,29
F03LPL02,MANAGEMENT ELECTRONIQUE DES AFFAIRES,E07,UNIV. SETIF 1,12.03,value,,not_applicable,,not_applicable,29
F04LAL01,TRADING ET LES MARCHES FINANCIERS,E07,UNIV. SETIF 1,10.87,value,,not_applicable,,not_applicable,29
N04LAL01,URBANISME,E07,UNIV. SETIF 1,12.71,value,,not_applicable,,not_applicable,30
N05IAL02,ARCHITECTURE,E07,UNIV. SETIF 1,13.9,value,,not_applicable,,not_applicable,30
PC0LAN04,MEDECINE + INFORMATIQUE,E07,UNIV. SETIF 1,17.09,value,17.74,value,,not_applicable,30
PF0LAN03,MEDECINE + SCIENCES ECONOMIQUES,E07,UNIV. SETIF 1,16.66,value,17.54,value,,not_applicable,30
G01LAL01,SCIENCES POLITIQUES,E35,UNIV. SETIF 2,,NC,,NC,,NC,30
G02LAL02,DROIT,E35,UNIV. SETIF 2,,NC,,NC,,NC,30
H01LAL02,LANGUE FRANCAISE,E35,UNIV. SETIF 2,11.01,value,11.7,value,12.49,value,30
H03IAL20,"TRADUCTION INTERPRETARIAT (ARABE, FRANCAIS, ANGLAIS)",E35,UNIV. SETIF 2,13.43,value,16.24,value,,not_applicable,30
H06LAL03,LANGUE ANGLAISE,E35,UNIV. SETIF 2,12.74,value,13.6,value,14.54,value,30
I17LAL03,SCIENCES HUMAINES,E35,UNIV. SETIF 2,,NC,,NC,,not_applicable,30
I19LAL01,SCIENCES SOCIALES,E35,UNIV. SETIF 2,,NC,,NC,,not_applicable,30
J00LAL01,SCIENCES ET TECHNIQUES DES ACTIVITES PHYSIQUES ET SPORTIVES,E35,UNIV. SETIF 2,11.01,value,,not_applicable,,not_applicable,30
L00LAL02,LANGUE ET LITTERATURE ARABES,E35,UNIV. SETIF 2,10.11,value,10.89,value,,not_applicable,30
A00LAL01,SCIENCES ET TECHNOLOGIES,U09,UNIV. SAIDA,,NC,,not_applicable,,not_applicable,30
A00TCL02,SCIENCES ET TECHNOLOGIES,U09,UNIV. SAIDA,,NC,,not_applicable,,not_applicable,30
A05TCL01,GENIE CIVIL,U09,UNIV. SAIDA,,NC,,not_applicable,,not_applicable,30
A08TCL01,GENIE DES PROCEDES,U09,UNIV. SAIDA,,NC,,not_applicable,,not_applicable,30
A16TCL01,ELECTROTECHNIQUE,U09,UNIV. SAIDA,,NC,,not_applicable,,not_applicable,30
B00LAL01,SCIENCES DE LA MATIERE,U09,UNIV. SAIDA,,NC,,not_applicable,,not_applicable,30
C01LAL01,INFORMATIQUE,U09,UNIV. SAIDA,10.21,value,10.45,value,,not_applicable,30
C01TCL02,INFORMATIQUE,U09,UNIV. SAIDA,,NC,,NC,,not_applicable,30
C02LAL01,MATHEMATIQUES,U09,UNIV. SAIDA,,NC,,NC,,not_applicable,30
D00LAL01,SCIENCES DE LA NATURE ET DE LA VIE,U09,UNIV. SAIDA,,NC,,NC,,not_applicable,30
D03TCL01,SCIENCES AGRONOMIQUES,U09,UNIV. SAIDA,,NC,,NC,,not_applicable,31
F00LAL01,"SCIENCES ECONOMIQUES, DE GESTION ET COMMERCIALES",U09,UNIV. SAIDA,10.0,value,10.85,value,11.98,value,31
G01LAL01,SCIENCES POLITIQUES,U09,UNIV. SAIDA,,NC,,NC,,NC,31
G02LAL01,DROIT,U09,UNIV. SAIDA,10.0,value,10.8,value,11.7,value,31
H01LAL01,LANGUE FRANCAISE,U09,UNIV. SAIDA,,NC,,NC,,NC,31
H03IAL18,"TRADUCTION INTERPRETARIAT (ARABE, FRANCAIS, ANGLAIS)",U09,UNIV. SAIDA,,NC,,NC,,not_applicable,31
H06LAL01,LANGUE ANGLAISE,U09,UNIV. SAIDA,,NC,,NC,,NC,31
I17LAL02,SCIENCES HUMAINES,U09,UNIV. SAIDA,,NC,,NC,,not_applicable,31
I19LAL01,SCIENCES SOCIALES,U09,UNIV. SAIDA,,NC,,NC,,not_applicable,31
K00LAL01,ARTS,U09,UNIV. SAIDA,,NC,,NC,,not_applicable,31
L00LAL01,LANGUE ET LITTERATURE ARABES,U09,UNIV. SAIDA,10.44,value,11.17,value,,not_applicable,31
A00LAL01,SCIENCES ET TECHNOLOGIES,E16,UNIV. SKIKDA,11.0,value,,not_applicable,,not_applicable,31
A00TCL01,SCIENCES ET TECHNOLOGIES,E16,UNIV. SKIKDA,12.42,value,,not_applicable,,not_applicable,31
A05TCL01,GENIE CIVIL,E16,UNIV. SKIKDA,,NC,,not_applicable,,not_applicable,31
A08TCL01,GENIE DES PROCEDES,E16,UNIV. SKIKDA,,NC,,not_applicable,,not_applicable,31
A13IAN01,INDUSTRIES PETROCHIMIQUES,E16,UNIV. SKIKDA,15.21,value,,not_applicable,,not_applicable,31
A13LAN01,INDUSTRIES PETROCHIMIQUES,E16,UNIV. SKIKDA,14.79,value,,not_applicable,,not_applicable,31
A16TCL01,ELECTROTECHNIQUE,E16,UNIV. SKIKDA,,NC,,not_applicable,,not_applicable,31
A19TCL01,GENIE MECANIQUE,E16,UNIV. SKIKDA,10.7,value,,not_applicable,,not_applicable,31
B00LAL01,SCIENCES DE LA MATIERE,E16,UNIV. SKIKDA,,NC,,not_applicable,,not_applicable,31
C01LAL03,INFORMATIQUE,E16,UNIV. SKIKDA,11.98,value,12.57,value,,not_applicable,31
C02LAL03,MATHEMATIQUES,E16,UNIV. SKIKDA,,NC,,NC,,not_applicable,31
D00LAL02,SCIENCES DE LA NATURE ET DE LA VIE,E16,UNIV. SKIKDA,10.64,value,11.43,value,,not_applicable,31
D03TCL01,SCIENCES AGRONOMIQUES,E16,UNIV. SKIKDA,,NC,,NC,,not_applicable,32
F00LAL02,"SCIENCES ECONOMIQUES, DE GESTION ET COMMERCIALES",E16,UNIV. SKIKDA,10.0,value,10.02,value,11.1,value,32
G01LAL02,SCIENCES POLITIQUES,E16,UNIV. SKIKDA,,NC,,NC,,NC,32
G02LAL01,DROIT,E16,UNIV. SKIKDA,,NC,,NC,,NC,32
H01LAL02,LANGUE FRANCAISE,E16,UNIV. SKIKDA,11.01,value,11.69,value,12.41,value,32
H04LAL01,LANGUE ALLEMANDE,E16,UNIV. SKIKDA,13.56,value,,none_assigned,15.8,value,32
H06LAL02,LANGUE ANGLAISE,E16,UNIV. SKIKDA,12.3,value,13.09,value,14.04,value,32
I17LAL01,SCIENCES HUMAINES,E16,UNIV. SKIKDA,,NC,,NC,,not_applicable,32
I19LAL01,SCIENCES SOCIALES,E16,UNIV. SKIKDA,10.0,value,10.72,value,,not_applicable,32
L00LAL01,LANGUE ET LITTERATURE ARABES,E16,UNIV. SKIKDA,,NC,,NC,,not_applicable,32
A02TPN01,AUTOMATIQUE (FORMATIONS PROFESSIONNALISANTES),W82,UNIV.SKIKDA I.S.T.A,12.18,value,12.93,value,,not_applicable,32
A21TPN02,HYGIENE ET SECURITE INDUSTRIELLE (FORMATIONS PROFESSIONNALISANTES),W82,UNIV.SKIKDA I.S.T.A,13.45,value,14.1,value,,not_applicable,32
C00CAN02,FB INF ECOLE SUPERIEURE EN INFORMATIQUESIDI BEL ABBES,P42,ECOLE SUPERIEURE EN INFORMATIQUE SIDI BEL ABBES,17.36,value,17.7,value,18.06,value,32
A00LAL02,SCIENCES ET TECHNOLOGIES,U07,UNIV. SIDI BEL ABBES,,NC,,not_applicable,,not_applicable,32
A00TCL03,SCIENCES ET TECHNOLOGIES,U07,UNIV. SIDI BEL ABBES,,NC,,not_applicable,,not_applicable,32
A05TCL01,GENIE CIVIL,U07,UNIV. SIDI BEL ABBES,11.64,value,,not_applicable,,not_applicable,32
A08TCL01,GENIE DES PROCEDES,U07,UNIV. SIDI BEL ABBES,,NC,,not_applicable,,not_applicable,32
A16IAN01,ELECTROTECHNIQUE,U07,UNIV. SIDI BEL ABBES,12.43,value,,not_applicable,,not_applicable,32
A16TCL01,ELECTROTECHNIQUE,U07,UNIV. SIDI BEL ABBES,,NC,,not_applicable,,not_applicable,32
A17IAN02,ELECTRONIQUE (SYSTEMES ELECTRONIQUES AUTONOMES ET INTELLIGENCE ARTIFICIELLE),U07,UNIV. SIDI BEL ABBES,15.28,value,,not_applicable,,not_applicable,32
A19TCL01,GENIE MECANIQUE,U07,UNIV. SIDI BEL ABBES,,NC,,not_applicable,,not_applicable,32
B00LAL02,SCIENCES DE LA MATIERE,U07,UNIV. SIDI BEL ABBES,,NC,,not_applicable,,not_applicable,32
C01LAL01,INFORMATIQUE,U07,UNIV. SIDI BEL ABBES,13.62,value,14.25,value,,not_applicable,33
C01TCL03,INFORMATIQUE,U07,UNIV. SIDI BEL ABBES,14.6,value,15.37,value,,not_applicable,33
C02LAL01,MATHEMATIQUES,U07,UNIV. SIDI BEL ABBES,,NC,,NC,,not_applicable,33
D00LAL04,SCIENCES DE LA NATURE ET DE LA VIE,U07,UNIV. SIDI BEL ABBES,10.98,value,11.76,value,,not_applicable,33
D03TCL01,SCIENCES AGRONOMIQUES,U07,UNIV. SIDI BEL ABBES,,NC,,NC,,not_applicable,33
F00LAL02,"SCIENCES ECONOMIQUES, DE GESTION ET COMMERCIALES",U07,UNIV. SIDI BEL ABBES,10.98,value,12.19,value,,none_assigned,33
G01LAL02,SCIENCES POLITIQUES,U07,UNIV. SIDI BEL ABBES,,NC,,NC,,NC,33
G02LAL01,DROIT,U07,UNIV. SIDI BEL ABBES,,NC,,NC,,NC,33
H01LAL02,LANGUE FRANCAISE,U07,UNIV. SIDI BEL ABBES,,NC,,NC,,NC,33
H04LAL01,LANGUE ALLEMANDE,U07,UNIV. SIDI BEL ABBES,11.53,value,12.69,value,13.27,value,33
H06LAL01,LANGUE ANGLAISE,U07,UNIV. SIDI BEL ABBES,11.27,value,12.0,value,12.86,value,33
I17LAL02,SCIENCES HUMAINES,U07,UNIV. SIDI BEL ABBES,,NC,,NC,,not_applicable,33
I19LAL03,SCIENCES SOCIALES,U07,UNIV. SIDI BEL ABBES,,NC,,NC,,not_applicable,33
K00LAL01,ARTS,U07,UNIV. SIDI BEL ABBES,,NC,,NC,,not_applicable,33
K01LAL01,ECRITURE DE SCENARIO,U07,UNIV. SIDI BEL ABBES,,NC,,not_applicable,,not_applicable,33
L00LAL03,LANGUE ET LITTERATURE ARABES,U07,UNIV. SIDI BEL ABBES,,NC,,NC,,not_applicable,33
N05IAL01,ARCHITECTURE,U07,UNIV. SIDI BEL ABBES,14.48,value,,not_applicable,,not_applicable,33
A00CAN16,FB ST ECOLE NATIONALE SUPERIEURE DES TECHNOLOGIES ET D INGENIERIE ANNABA,P12,ECOLE NATIONALE SUPERIEURE DES TECHNOLOGIES ET D INGENIERIE ANNABA,15.56,value,,not_applicable,,not_applicable,33
F00CAN01,FB SECSG ECOLE SUPERIEURE DES SCIENCES DE GESTION DE ANNABA,P23,ECOLE SUPERIEURE DES SCIENCES DE GESTION DE ANNABA,14.71,value,,not_applicable,,not_applicable,33
A00LAL03,SCIENCES ET TECHNOLOGIES,E04,UNIV. ANNABA,10.4,value,,not_applicable,,not_applicable,33
A00TCL01,SCIENCES ET TECHNOLOGIES,E04,UNIV. ANNABA,12.93,value,,not_applicable,,not_applicable,33
A01LAN02,GENIE MINIER,E04,UNIV. ANNABA,12.45,value,,not_applicable,,not_applicable,33
A02EPN01,AUTOMATIQUE (A DISTANCE),E04,UNIV. ANNABA,12.86,value,,not_applicable,,not_applicable,33
A04LAL01,METALLURGIE,E04,UNIV. ANNABA,13.89,value,,not_applicable,,not_applicable,34
A05TCL01,GENIE CIVIL,E04,UNIV. ANNABA,10.17,value,,not_applicable,,not_applicable,34
A08TCL01,GENIE DES PROCEDES,E04,UNIV. ANNABA,11.2,value,,not_applicable,,not_applicable,34
A16TCL01,ELECTROTECHNIQUE,E04,UNIV. ANNABA,11.05,value,,not_applicable,,not_applicable,34
A19TCL01,GENIE MECANIQUE,E04,UNIV. ANNABA,11.39,value,,not_applicable,,not_applicable,34
B00LAL02,SCIENCES DE LA MATIERE,E04,UNIV. ANNABA,10.17,value,,not_applicable,,not_applicable,34
C01LAL01,INFORMATIQUE,E04,UNIV. ANNABA,11.77,value,12.35,value,,not_applicable,34
C01TCL01,INFORMATIQUE,E04,UNIV. ANNABA,14.08,value,14.75,value,,not_applicable,34
C02LAL01,MATHEMATIQUES,E04,UNIV. ANNABA,10.02,value,10.0,value,,not_applicable,34
CA0LAN01,INFORMATIQUE + AUTOMATIQUE,E04,UNIV. ANNABA,14.61,value,15.33,value,,not_applicable,34
CF1LPN02,MATHEMATIQUES ET INFORMATIQUE APPLIQUEES AUX SCIENCES ECONOMIQUES ET DE GESTION,E04,UNIV. ANNABA,12.72,value,13.35,value,,not_applicable,34
D00LAL01,SCIENCES DE LA NATURE ET DE LA VIE,E04,UNIV. ANNABA,10.83,value,11.6,value,,not_applicable,34
E01LAL01,GEOGRAPHIE ET AMENAGEMENT DU TERRITOIRE,E04,UNIV. ANNABA,,NC,,NC,,not_applicable,34
E03LAL01,GEOLOGIE,E04,UNIV. ANNABA,,NC,,NC,,not_applicable,34
F00LAL01,"SCIENCES ECONOMIQUES, DE GESTION ET COMMERCIALES",E04,UNIV. ANNABA,10.35,value,11.47,value,13.94,value,34
F01FPN01,SCIENCES DE GESTION (FORMATIONS PROFESSIONNALISANTES),E04,UNIV. ANNABA,13.07,value,13.73,value,,not_applicable,34
G01LAL01,SCIENCES POLITIQUES,E04,UNIV. ANNABA,10.0,value,10.6,value,11.53,value,34
G02LAL01,DROIT,E04,UNIV. ANNABA,10.0,value,10.6,value,11.45,value,34
H01LAL01,LANGUE FRANCAISE,E04,UNIV. ANNABA,11.0,value,11.11,value,11.58,value,34
H03IAL04,"TRADUCTION INTERPRETARIAT (ARABE, FRANCAIS, ANGLAIS)",E04,UNIV. ANNABA,,NC,,NC,,not_applicable,34
H06LAL01,LANGUE ANGLAISE,E04,UNIV. ANNABA,12.17,value,12.96,value,13.89,value,34
H07LAL01,LANGUE ITALIENNE,E04,UNIV. ANNABA,12.62,value,,none_assigned,14.38,value,34
I03LAL01,INFORMATION ET COMMUNICATION DE LA SANTE,E04,UNIV. ANNABA,10.52,value,,not_applicable,,not_applicable,35
I17LAL01,SCIENCES HUMAINES,E04,UNIV. ANNABA,,NC,,NC,,not_applicable,35
I19LAL01,SCIENCES SOCIALES,E04,UNIV. ANNABA,,NC,,NC,,not_applicable,35
L00LAL01,LANGUE ET LITTERATURE ARABES,E04,UNIV. ANNABA,,NC,,NC,,not_applicable,35
N05IAL01,ARCHITECTURE,E04,UNIV. ANNABA,13.37,value,,not_applicable,,not_applicable,35
PC0LAN01,MEDECINE + INFORMATIQUE,E04,UNIV. ANNABA,17.45,value,18.04,value,,not_applicable,35
A00LAL03,SCIENCES ET TECHNOLOGIES,E15,UNIV. GUELMA,,NC,,not_applicable,,not_applicable,35
A00TCL01,SCIENCES ET TECHNOLOGIES,E15,UNIV. GUELMA,,NC,,not_applicable,,not_applicable,35
A05TCL01,GENIE CIVIL,E15,UNIV. GUELMA,,NC,,not_applicable,,not_applicable,35
A08TCL01,GENIE DES PROCEDES,E15,UNIV. GUELMA,,NC,,not_applicable,,not_applicable,35
A12FPN01,HYDRAULIQUE (FORMATIONS PROFESSIONNALISANTES),E15,UNIV. GUELMA,,NC,,not_applicable,,not_applicable,35
A16FPN02,ELECTROTECHNIQUE (FORMATIONS PROFESSIONNALISANTES),E15,UNIV. GUELMA,11.83,value,,not_applicable,,not_applicable,35
A16TCL01,ELECTROTECHNIQUE,E15,UNIV. GUELMA,,NC,,not_applicable,,not_applicable,35
A19FPN03,GENIE MECANIQUE (FORMATIONS PROFESSIONNALISANTES),E15,UNIV. GUELMA,11.38,value,,not_applicable,,not_applicable,35
A19TCL01,GENIE MECANIQUE,E15,UNIV. GUELMA,,NC,,not_applicable,,not_applicable,35
A20IAN01,TELECOMMUNICATIONS,E15,UNIV. GUELMA,12.97,value,,not_applicable,,not_applicable,35
B00LAL02,SCIENCES DE LA MATIERE,E15,UNIV. GUELMA,,NC,,not_applicable,,not_applicable,35
C01FPN03,INFORMATIQUE (FORMATIONS PROFESSIONNALISANTES),E15,UNIV. GUELMA,12.83,value,13.12,value,,not_applicable,35
C01LAL02,INFORMATIQUE,E15,UNIV. GUELMA,13.17,value,12.89,value,,not_applicable,35
C01TCL01,INFORMATIQUE,E15,UNIV. GUELMA,12.22,value,12.79,value,,not_applicable,35
C02LAL02,MATHEMATIQUES,E15,UNIV. GUELMA,,NC,,NC,,not_applicable,35
D00LAL03,SCIENCES DE LA NATURE ET DE LA VIE,E15,UNIV. GUELMA,,NC,,NC,,not_applicable,35
D03TCL01,SCIENCES AGRONOMIQUES,E15,UNIV. GUELMA,,NC,,NC,,not_applicable,35
D07FPN02,SCIENCES ALIMENTAIRES (FORMATIONS PROFESSIONNALISANTES),E15,UNIV. GUELMA,12.57,value,,not_applicable,,not_applicable,36
E03LAL02,GEOLOGIE,E15,UNIV. GUELMA,,NC,,NC,,not_applicable,36
F00LAL03,"SCIENCES ECONOMIQUES, DE GESTION ET COMMERCIALES",E15,UNIV. GUELMA,,NC,,NC,,NC,36
G01LAL03,SCIENCES POLITIQUES,E15,UNIV. GUELMA,,NC,,NC,,NC,36
G02LAL01,DROIT,E15,UNIV. GUELMA,,NC,,NC,,NC,36
H01LAL01,LANGUE FRANCAISE,E15,UNIV. GUELMA,,NC,,NC,,NC,36
H03IAL21,"TRADUCTION INTERPRETARIAT (ARABE, FRANCAIS, ANGLAIS)",E15,UNIV. GUELMA,,NC,,NC,,not_applicable,36
H06LAL01,LANGUE ANGLAISE,E15,UNIV. GUELMA,11.57,value,12.58,value,13.19,value,36
I17LAL01,SCIENCES HUMAINES,E15,UNIV. GUELMA,,NC,,NC,,not_applicable,36
I19LAL01,SCIENCES SOCIALES,E15,UNIV. GUELMA,,NC,,NC,,not_applicable,36
L00LAL01,LANGUE ET LITTERATURE ARABES,E15,UNIV. GUELMA,,NC,,NC,,not_applicable,36
N02FPN02,MANAGEMENT DES PROJETS DE CONSTRUCTION (FORMATIONS PROFESSIONNALISANTES),E15,UNIV. GUELMA,,NC,,not_applicable,,not_applicable,36
N05IAL01,ARCHITECTURE,E15,UNIV. GUELMA,,NC,,not_applicable,,not_applicable,36
P04VAL01,SCIENCES VETERINAIRES,E15,UNIV. GUELMA,,NC,,NC,,not_applicable,36
D00CAN10,FB SP ECOLE NATIONALE SUPERIEURE DE BIOTECHNOLOGIE DE CONSTANTINE,P06,ECOLE NATIONALE SUPERIEURE DE BIOTECHNOLOGIE DE CONSTANTINE,15.67,value,16.55,value,,not_applicable,36
A00CAN07,FB ST ECOLE NATIONALE SUPERIEURE POLYTECHNIQUE DE CONSTANTINE,E37,ECOLE NATIONALE SUPERIEURE POLYTECHNIQUE DE CONSTANTINE,16.65,value,,not_applicable,,not_applicable,36
F00CAN02,FB SECSG ECOLE SUPERIEURE DE COMPTABILITE ET DE FINANCE DE CONSTANTINE,P22,ECOLE SUPERIEURE DE COMPTABILITE ET DE FINANCE DE CONSTANTINE,14.83,value,,not_applicable,,not_applicable,36
P04VAN02,SCIENCES VETERINAIRES,E47,INSTITUT VETERINAIRE UNIV.CONSTANTINE 1,14.02,value,14.76,value,,not_applicable,36
PF0LAN01,MEDECINE + SCIENCES ECONOMIQUES,F21,UNIV CONSTANTINE 3 + UNIV CONSTANTINE 2,16.68,value,17.44,value,,not_applicable,36
A00LAL03,SCIENCES ET TECHNOLOGIES,E01,UNIV. CONSTANTINE 1,10.69,value,,not_applicable,,not_applicable,36
A00TCL01,SCIENCES ET TECHNOLOGIES,E01,UNIV. CONSTANTINE 1,12.98,value,,not_applicable,,not_applicable,37
A05TCL01,GENIE CIVIL,E01,UNIV. CONSTANTINE 1,10.64,value,,not_applicable,,not_applicable,37
A14FPN01,INGENIERIE DES TRANSPORTS (FORMATIONS PROFESSIONNALISANTES),E01,UNIV. CONSTANTINE 1,11.02,value,,not_applicable,,not_applicable,37
A14FPN02,INGENIERIE DES TRANSPORTS (FORMATIONS PROFESSIONNALISANTES),E01,UNIV. CONSTANTINE 1,,NC,,not_applicable,,not_applicable,37
A14LAN01,INGENIERIE DES TRANSPORTS,E01,UNIV. CONSTANTINE 1,11.68,value,,not_applicable,,not_applicable,37
A16FPN01,ELECTROTECHNIQUE (FORMATIONS PROFESSIONNALISANTES),E01,UNIV. CONSTANTINE 1,13.1,value,,not_applicable,,not_applicable,37
A16TCL01,ELECTROTECHNIQUE,E01,UNIV. CONSTANTINE 1,10.55,value,,not_applicable,,not_applicable,37
A19FPN01,GENIEMECANIQUE (FORMATIONS PROFESSIONNALISANTES),E01,UNIV. CONSTANTINE 1,12.64,value,,not_applicable,,not_applicable,37
A19TCL01,GENIE MECANIQUE,E01,UNIV. CONSTANTINE 1,11.09,value,,not_applicable,,not_applicable,37
B00LAL02,SCIENCES DE LA MATIERE,E01,UNIV. CONSTANTINE 1,10.37,value,,not_applicable,,not_applicable,37
C02LAL02,MATHEMATIQUES,E01,UNIV. CONSTANTINE 1,10.02,value,10.57,value,,not_applicable,37
D00LAL01,SCIENCES DE LA NATURE ET DE LA VIE,E01,UNIV. CONSTANTINE 1,11.99,value,13.35,value,,not_applicable,37
D03TCL01,SCIENCES AGRONOMIQUES,E01,UNIV. CONSTANTINE 1,10.39,value,11.31,value,,not_applicable,37
D06FPN01,ECOLOGIE ET ENVIRONNEMENT (FORMATIONS PROFESSIONNALISANTES),E01,UNIV. CONSTANTINE 1,10.63,value,,not_applicable,,not_applicable,37
D07LAN01,SCIENCES ALIMENTAIRES,E01,UNIV. CONSTANTINE 1,13.91,value,,not_applicable,,not_applicable,37
E01LAL02,GEOGRAPHIE ET AMENAGEMENT DU TERRITOIRE,E01,UNIV. CONSTANTINE 1,,NC,,NC,,not_applicable,37
E03LAL03,GEOLOGIE,E01,UNIV. CONSTANTINE 1,,NC,,NC,,not_applicable,37
G02LAL03,DROIT,E01,UNIV. CONSTANTINE 1,10.0,value,10.66,value,11.7,value,37
H01LAL02,LANGUE FRANCAISE,E01,UNIV. CONSTANTINE 1,11.0,value,11.33,value,12.12,value,37
H02LAL01,LANGUE ESPAGNOLE,E01,UNIV. CONSTANTINE 1,14.45,value,,none_assigned,,none_assigned,37
H03IAL03,"TRADUCTION INTERPRETARIAT (ARABE, FRANCAIS, ANGLAIS)",E01,UNIV. CONSTANTINE 1,13.25,value,13.99,value,,not_applicable,38
H06LAL02,LANGUE ANGLAISE,E01,UNIV. CONSTANTINE 1,12.63,value,13.87,value,14.4,value,38
H09LAL01,LANGUE CHINOISE,E01,UNIV. CONSTANTINE 1,12.73,value,13.67,value,,not_applicable,38
L00LAL03,LANGUE ET LITTERATURE ARABES,E01,UNIV. CONSTANTINE 1,10.0,value,10.07,value,,not_applicable,38
A07TPN01,ELECTROMECANIQUE (FORMATIONS PROFESSIONNALISANTES),E46,UNIV. CONSTANTINE 1 I.S.T.A,13.72,value,14.93,value,15.2,value,38
A19TPN01,GENIE MECANIQUE (FORMATIONS PROFESSIONNALISANTES),E46,UNIV. CONSTANTINE 1 I.S.T.A,12.98,value,13.87,value,14.44,value,38
A19TPN03,GENIE MECANIQUE (FORMATIONS PROFESSIONNALISANTES),E46,UNIV. CONSTANTINE 1 I.S.T.A,11.8,value,12.31,value,12.91,value,38
C01LAL02,INFORMATIQUE,E33,UNIV. CONSTANTINE 2,13.81,value,14.49,value,,not_applicable,38
C01TCL01,INFORMATIQUE,E33,UNIV. CONSTANTINE 2,14.79,value,15.52,value,,not_applicable,38
CI1LPN03,MATHEMATIQUES ET INFORMATIQUE APPLIQUEES AUX SCIENCES HUMAINES ET SOCIALES,E33,UNIV. CONSTANTINE 2,12.8,value,13.35,value,,not_applicable,38
F00LAL01,"SCIENCES ECONOMIQUES, DE GESTION ET COMMERCIALES",E33,UNIV. CONSTANTINE 2,10.88,value,12.06,value,13.43,value,38
FI1LAN01,SANTE ET PROTECTION SOCIALE,E33,UNIV. CONSTANTINE 2,12.85,value,13.47,value,14.18,value,38
I14LAN01,SCIENCES HUMAINES BIBLIOTHECONOMIE,E33,UNIV. CONSTANTINE 2,,NC,,NC,,not_applicable,38
I17LAL02,SCIENCES HUMAINES,E33,UNIV. CONSTANTINE 2,,NC,,NC,,not_applicable,38
I19LAL02,SCIENCES SOCIALES,E33,UNIV. CONSTANTINE 2,10.0,value,10.71,value,,not_applicable,38
J00LAL02,SCIENCES ET TECHNIQUES DES ACTIVITES PHYSIQUES ET SPORTIVES,E33,UNIV. CONSTANTINE 2,11.98,value,,not_applicable,,not_applicable,38
A08TCL01,GENIE DES PROCEDES,E34,UNIV. CONSTANTINE 3,,NC,,not_applicable,,not_applicable,38
G01LAL02,SCIENCES POLITIQUES,E34,UNIV. CONSTANTINE 3,10.0,value,10.0,value,10.48,value,38
I03LAN02,SCIENCES HUMAINES SCIENCES DE L INFORMATION ET DE LA COMMUNICATION,E34,UNIV. CONSTANTINE 3,,NC,,NC,,not_applicable,38
K00LAL01,ARTS,E34,UNIV. CONSTANTINE 3,,NC,,NC,,not_applicable,39
K01LPL01,PRODUCTION ET DESIGN NUMERIQUE - PRODUCTION DE CONTENU NUMERIQUE,E34,UNIV. CONSTANTINE 3,10.22,value,,not_applicable,,not_applicable,39
K02LAN01,MUSICIEN INTERPRETE ET CREATEUR,E34,UNIV. CONSTANTINE 3,,NC,,not_applicable,,not_applicable,39
N01LAL01,GESTION DES TECHNIQUES URBAINES,E34,UNIV. CONSTANTINE 3,11.0,value,,not_applicable,,not_applicable,39
N02LAN01,MANAGEMENT DES PROJETS DE CONSTRUCTION,E34,UNIV. CONSTANTINE 3,12.62,value,,not_applicable,,not_applicable,39
N04LAL01,URBANISME,E34,UNIV. CONSTANTINE 3,12.52,value,,not_applicable,,not_applicable,39
N05IAL02,ARCHITECTURE,E34,UNIV. CONSTANTINE 3,13.75,value,,not_applicable,,not_applicable,39
A00LAL02,SCIENCES ET TECHNOLOGIES,E53,UNIV. CONSTANTINE 3 (GENIE DES PROCEDES),13.02,value,,not_applicable,,not_applicable,39
F00LAL03,"SCIENCES ECONOMIQUES, DE GESTION ET COMMERCIALES",E18,UNIV. SCI ISLAMIQUES EMIR (E.A.K),10.0,value,10.23,value,11.25,value,39
H08LAL01,LANGUE TURQUE,E18,UNIV. SCI ISLAMIQUES EMIR (E.A.K),10.94,value,11.73,value,,not_applicable,39
I17LAL03,SCIENCES HUMAINES,E18,UNIV. SCI ISLAMIQUES EMIR (E.A.K),,NC,,NC,,not_applicable,39
I20LAN01,SCIENCES ISLAMIQUES,E18,UNIV. SCI ISLAMIQUES EMIR (E.A.K),11.63,value,12.21,value,,not_applicable,39
L00LAL02,LANGUE ET LITTERATURE ARABES,E18,UNIV. SCI ISLAMIQUES EMIR (E.A.K),,NC,,NC,,not_applicable,39
A00LAL01,SCIENCES ET TECHNOLOGIES,C17,UNIV. MEDEA,,NC,,not_applicable,,not_applicable,39
A05TCL01,GENIE CIVIL,C17,UNIV. MEDEA,,NC,,not_applicable,,not_applicable,39
A08IAN01,GENIE DES PROCEDES,C17,UNIV. MEDEA,12.3,value,,not_applicable,,not_applicable,39
A08TCL01,GENIE DES PROCEDES,C17,UNIV. MEDEA,,NC,,not_applicable,,not_applicable,39
A16TCL01,ELECTROTECHNIQUE,C17,UNIV. MEDEA,,NC,,not_applicable,,not_applicable,39
A19TCL01,GENIE MECANIQUE,C17,UNIV. MEDEA,,NC,,not_applicable,,not_applicable,39
B00LAL01,SCIENCES DE LA MATIERE,C17,UNIV. MEDEA,,NC,,not_applicable,,not_applicable,39
C01LAL02,INFORMATIQUE,C17,UNIV. MEDEA,13.43,value,14.08,value,,not_applicable,39
C02LAL02,MATHEMATIQUES,C17,UNIV. MEDEA,,NC,,NC,,not_applicable,39
CF0LAN04,MATHEMATIQUES APPLIQUEE + SCIENCES ECONOMIQUES,C17,UNIV. MEDEA,12.29,value,12.96,value,,not_applicable,39
D00LAL01,SCIENCES DE LA NATURE ET DE LA VIE,C17,UNIV. MEDEA,10.96,value,11.91,value,,not_applicable,40
D03TCL01,SCIENCES AGRONOMIQUES,C17,UNIV. MEDEA,10.31,value,11.25,value,,not_applicable,40
F00LAL01,"SCIENCES ECONOMIQUES, DE GESTION ET COMMERCIALES",C17,UNIV. MEDEA,10.0,value,11.11,value,12.27,value,40
G02LAL03,DROIT,C17,UNIV. MEDEA,10.41,value,11.11,value,11.92,value,40
GF0LAN01,DROIT + SCIENCES FINANCIERES ET COMPTABILITE,C17,UNIV. MEDEA,13.21,value,13.95,value,14.53,value,40
H01LAL02,LANGUE FRANCAISE,C17,UNIV. MEDEA,11.01,value,11.06,value,11.8,value,40
H03IAL22,"TRADUCTION INTERPRETARIAT (ARABE, FRANCAIS, ANGLAIS)",C17,UNIV. MEDEA,,NC,,NC,,not_applicable,40
H06LAL03,LANGUE ANGLAISE,C17,UNIV. MEDEA,12.96,value,13.89,value,14.78,value,40
I17LAL02,SCIENCES HUMAINES,C17,UNIV. MEDEA,,NC,,NC,,not_applicable,40
I19LAL02,SCIENCES SOCIALES,C17,UNIV. MEDEA,10.12,value,10.82,value,,not_applicable,40
L00LAL02,LANGUE ET LITTERATURE ARABES,C17,UNIV. MEDEA,,NC,,NC,,not_applicable,40
P04VAL01,SCIENCES VETERINAIRES,C17,UNIV. MEDEA,13.47,value,15.84,value,,not_applicable,40
D00CAN06,FB SNV ECOLE SUPERIEURE AGRONOMIQUE DE MOSTAGANEM,P72,ECOLE SUPERIEURE AGRONOMIQUE DE MOSTAGANEM,13.87,value,14.58,value,,not_applicable,40
A00LAL01,SCIENCES ET TECHNOLOGIES,U08,UNIV. MOSTAGANEM,10.24,value,,not_applicable,,not_applicable,40
A05TCL01,GENIE CIVIL,U08,UNIV. MOSTAGANEM,12.01,value,,not_applicable,,not_applicable,40
A08TCL01,GENIE DES PROCEDES,U08,UNIV. MOSTAGANEM,13.18,value,,not_applicable,,not_applicable,40
A16TCL01,ELECTROTECHNIQUE,U08,UNIV. MOSTAGANEM,11.78,value,,not_applicable,,not_applicable,40
A19TCL01,GENIE MECANIQUE,U08,UNIV. MOSTAGANEM,10.8,value,,not_applicable,,not_applicable,40
B00LAL01,SCIENCES DE LA MATIERE,U08,UNIV. MOSTAGANEM,,NC,,not_applicable,,not_applicable,40
C01LAL01,INFORMATIQUE,U08,UNIV. MOSTAGANEM,13.03,value,13.64,value,,not_applicable,40
C01TCL03,INFORMATIQUE,U08,UNIV. MOSTAGANEM,14.53,value,15.14,value,,not_applicable,40
C02LAL01,MATHEMATIQUES,U08,UNIV. MOSTAGANEM,,NC,,NC,,not_applicable,40
D00LAL01,SCIENCES DE LA NATURE ET DE LA VIE,U08,UNIV. MOSTAGANEM,10.21,value,11.05,value,,not_applicable,40
D03TCL01,SCIENCES AGRONOMIQUES,U08,UNIV. MOSTAGANEM,10.87,value,11.53,value,,not_applicable,41
F00LAL01,"SCIENCES ECONOMIQUES, DE GESTION ET COMMERCIALES",U08,UNIV. MOSTAGANEM,10.0,value,10.62,value,11.7,value,41
F02LAL01,NEGOCIATION ET TECHNOLOGIE FINANCIERE,U08,UNIV. MOSTAGANEM,,NC,,not_applicable,,not_applicable,41
F03FPN02,SCIENCES COMMERCIALES (FORMATIONS PROFESSIONNALISANTES),U08,UNIV. MOSTAGANEM,13.76,value,14.52,value,,not_applicable,41
G01LAL03,SCIENCES POLITIQUES,U08,UNIV. MOSTAGANEM,,NC,,NC,,NC,41
G02LAL01,DROIT,U08,UNIV. MOSTAGANEM,,NC,,NC,,NC,41
H01LAL01,LANGUE FRANCAISE,U08,UNIV. MOSTAGANEM,12.06,value,13.14,value,13.79,value,41
H02LAL01,LANGUE ESPAGNOLE,U08,UNIV. MOSTAGANEM,13.37,value,14.35,value,15.26,value,41
H03IAL19,"TRADUCTION INTERPRETARIAT (ARABE, FRANCAIS, ANGLAIS)",U08,UNIV. MOSTAGANEM,,NC,,NC,,not_applicable,41
H06LAL02,LANGUE ANGLAISE,U08,UNIV. MOSTAGANEM,12.76,value,13.72,value,14.55,value,41
I03LAL01,INFORMATION ET COMMUNICATION DE LA SANTE,U08,UNIV. MOSTAGANEM,11.24,value,,not_applicable,,not_applicable,41
I17LAL01,SCIENCES HUMAINES,U08,UNIV. MOSTAGANEM,,NC,,NC,,not_applicable,41
I19LAL01,SCIENCES SOCIALES,U08,UNIV. MOSTAGANEM,10.06,value,10.84,value,,not_applicable,41
I20LAL02,SCIENCES ISLAMIQUES,U08,UNIV. MOSTAGANEM,11.33,value,12.14,value,,not_applicable,41
J00LAL01,SCIENCES ET TECHNIQUES DES ACTIVITES PHYSIQUES ET SPORTIVES,U08,UNIV. MOSTAGANEM,12.66,value,,not_applicable,,not_applicable,41
K00LAL01,ARTS,U08,UNIV. MOSTAGANEM,,none_assigned,10.5,value,,not_applicable,41
K01LPN01,CONCEPTEUR 3D SPECIALISATION EFFETS SPECIAUX VFX,U08,UNIV. MOSTAGANEM,,NC,,not_applicable,,not_applicable,41
L00LAL01,LANGUE ET LITTERATURE ARABES,U08,UNIV. MOSTAGANEM,10.19,value,11.02,value,,not_applicable,41
N04LAL01,URBANISME,U08,UNIV. MOSTAGANEM,11.06,value,,not_applicable,,not_applicable,41
N05IAL01,ARCHITECTURE,U08,UNIV. MOSTAGANEM,13.29,value,,not_applicable,,not_applicable,41
A00LAL02,SCIENCES ET TECHNOLOGIES,E14,UNIV. MSILA,,NC,,not_applicable,,not_applicable,41
A00TCL01,SCIENCES ET TECHNOLOGIES,E14,UNIV. MSILA,,NC,,not_applicable,,not_applicable,41
A05TCL01,GENIE CIVIL,E14,UNIV. MSILA,,NC,,not_applicable,,not_applicable,42
A09FPN01,ENERGIES RENOUVELABLES (FORMATIONS PROFESSIONNALISANTES),E14,UNIV. MSILA,11.92,value,,not_applicable,,not_applicable,42
A16TCL01,ELECTROTECHNIQUE,E14,UNIV. MSILA,,NC,,not_applicable,,not_applicable,42
A19TCL01,GENIE MECANIQUE,E14,UNIV. MSILA,,NC,,not_applicable,,not_applicable,42
B00LAL03,SCIENCES DE LA MATIERE,E14,UNIV. MSILA,,NC,,not_applicable,,not_applicable,42
C01LAL03,INFORMATIQUE,E14,UNIV. MSILA,12.32,value,12.94,value,,not_applicable,42
C02LAL03,MATHEMATIQUES,E14,UNIV. MSILA,,NC,,NC,,not_applicable,42
CF0LAN03,MATHEMATIQUES APPLIQUEE + SCIENCES ECONOMIQUES,E14,UNIV. MSILA,,NC,,NC,,not_applicable,42
CF1LPN03,MATHEMATIQUES ET INFORMATIQUE APPLIQUEES AUX SCIENCES ECONOMIQUES ET DE GESTION,E14,UNIV. MSILA,11.64,value,11.96,value,,not_applicable,42
D00LAL03,SCIENCES DE LA NATURE ET DE LA VIE,E14,UNIV. MSILA,,NC,,NC,,not_applicable,42
D03TCL01,SCIENCES AGRONOMIQUES,E14,UNIV. MSILA,,NC,,NC,,not_applicable,42
F00LAL01,"SCIENCES ECONOMIQUES, DE GESTION ET COMMERCIALES",E14,UNIV. MSILA,,NC,,NC,,NC,42
FH0LAN01,SCIENCES DE GESTION + LANGUE ANGLAISE,E14,UNIV. MSILA,,NC,,NC,,not_applicable,42
G01LAL02,SCIENCES POLITIQUES,E14,UNIV. MSILA,,NC,,NC,,NC,42
G02LAL01,DROIT,E14,UNIV. MSILA,,NC,,NC,,NC,42
GC0LAN01,DROIT + INFORMATIQUE,E14,UNIV. MSILA,,NC,,NC,,not_applicable,42
GG0LAN01,DROIT + SCIENCES POLITIQUES,E14,UNIV. MSILA,,NC,,NC,,NC,42
H01LAL03,LANGUE FRANCAISE,E14,UNIV. MSILA,11.0,value,11.13,value,11.59,value,42
H03IAL14,"TRADUCTION INTERPRETARIAT (ARABE, FRANCAIS, ANGLAIS)",E14,UNIV. MSILA,,NC,,NC,,not_applicable,42
H06LAL01,LANGUE ANGLAISE,E14,UNIV. MSILA,12.27,value,13.19,value,14.01,value,42
I17LAL02,SCIENCES HUMAINES,E14,UNIV. MSILA,,NC,,NC,,not_applicable,42
I19LAL03,SCIENCES SOCIALES,E14,UNIV. MSILA,,NC,,NC,,not_applicable,43
I20LAL01,SCIENCES ISLAMIQUES,E14,UNIV. MSILA,11.24,value,12.02,value,,not_applicable,43
J00LAL02,SCIENCES ET TECHNIQUES DES ACTIVITES PHYSIQUES ET SPORTIVES,E14,UNIV. MSILA,,NC,,not_applicable,,not_applicable,43
L00LAL02,LANGUE ET LITTERATURE ARABES,E14,UNIV. MSILA,,NC,,NC,,not_applicable,43
N01LAL01,GESTION DES TECHNIQUES URBAINES,E14,UNIV. MSILA,,NC,,not_applicable,,not_applicable,43
N02FPN04,MANAGEMENT DES PROJETS DE CONSTRUCTION (FORMATIONS PROFESSIONNALISANTES),E14,UNIV. MSILA,10.4,value,,not_applicable,,not_applicable,43
N04LAL01,URBANISME,E14,UNIV. MSILA,10.3,value,,not_applicable,,not_applicable,43
N05IAL02,ARCHITECTURE,E14,UNIV. MSILA,12.73,value,,not_applicable,,not_applicable,43
P04VAL01,SCIENCES VETERINAIRES,E14,UNIV. MSILA,12.73,value,13.41,value,,not_applicable,43
A00LAL01,SCIENCES ET TECHNOLOGIES,U13,UNIV. MASCARA,10.87,value,,not_applicable,,not_applicable,43
A00TCL03,SCIENCES ET TECHNOLOGIES,U13,UNIV. MASCARA,12.22,value,,not_applicable,,not_applicable,43
A05TCL01,GENIE CIVIL,U13,UNIV. MASCARA,11.75,value,,not_applicable,,not_applicable,43
A08TCL01,GENIE DES PROCEDES,U13,UNIV. MASCARA,10.87,value,,not_applicable,,not_applicable,43
A16TCL01,ELECTROTECHNIQUE,U13,UNIV. MASCARA,,NC,,not_applicable,,not_applicable,43
A19TCL01,GENIE MECANIQUE,U13,UNIV. MASCARA,10.96,value,,not_applicable,,not_applicable,43
B00LAL03,SCIENCES DE LA MATIERE,U13,UNIV. MASCARA,10.37,value,,not_applicable,,not_applicable,43
C01LAL01,INFORMATIQUE,U13,UNIV. MASCARA,12.71,value,13.24,value,,not_applicable,43
C01TCL03,INFORMATIQUE,U13,UNIV. MASCARA,13.16,value,13.7,value,,not_applicable,43
C02LAL01,MATHEMATIQUES,U13,UNIV. MASCARA,11.08,value,11.2,value,,not_applicable,43
D00LAL02,SCIENCES DE LA NATURE ET DE LA VIE,U13,UNIV. MASCARA,10.63,value,11.87,value,,not_applicable,43
D03TCL01,SCIENCES AGRONOMIQUES,U13,UNIV. MASCARA,,NC,,NC,,not_applicable,43
E03LAL01,GEOLOGIE,U13,UNIV. MASCARA,,NC,,NC,,not_applicable,43
F00LAL01,"SCIENCES ECONOMIQUES, DE GESTION ET COMMERCIALES",U13,UNIV. MASCARA,10.0,value,11.1,value,12.43,value,43
F04LAL01,TRADING ET LES MARCHES FINANCIERS,U13,UNIV. MASCARA,,NC,,not_applicable,,not_applicable,44
G01LAL02,SCIENCES POLITIQUES,U13,UNIV. MASCARA,,NC,,NC,,NC,44
G02LAL01,DROIT,U13,UNIV. MASCARA,10.0,value,10.31,value,11.15,value,44
H01LAL01,LANGUE FRANCAISE,U13,UNIV. MASCARA,,NC,,NC,,NC,44
H03IAL15,"TRADUCTION INTERPRETARIAT (ARABE, FRANCAIS, ANGLAIS)",U13,UNIV. MASCARA,,NC,,NC,,not_applicable,44
H06LAL01,LANGUE ANGLAISE,U13,UNIV. MASCARA,11.92,value,12.79,value,13.6,value,44
I17LAL01,SCIENCES HUMAINES,U13,UNIV. MASCARA,,NC,,NC,,not_applicable,44
I19LAL01,SCIENCES SOCIALES,U13,UNIV. MASCARA,10.0,value,10.08,value,,not_applicable,44
K00LAL01,ARTS,U13,UNIV. MASCARA,,NC,,NC,,not_applicable,44
L00LAL01,LANGUE ET LITTERATURE ARABES,U13,UNIV. MASCARA,10.19,value,10.93,value,,not_applicable,44
N05IAL01,ARCHITECTURE,U13,UNIV. MASCARA,13.76,value,,not_applicable,,not_applicable,44
P04VAL01,SCIENCES VETERINAIRES,U13,UNIV. MASCARA,12.26,value,12.92,value,,not_applicable,44
A00LAL03,SCIENCES ET TECHNOLOGIES,E17,UNIV. OUARGLA,10.0,value,,not_applicable,,not_applicable,44
A00TCL01,SCIENCES ET TECHNOLOGIES,E17,UNIV. OUARGLA,11.52,value,,not_applicable,,not_applicable,44
A03FPN02,HYDROCARBURES (FORAGE) (FORMATIONS PROFESSIONNALISANTES),E17,UNIV. OUARGLA,14.67,value,,not_applicable,,not_applicable,44
A03FPN03,HYDROCARBURES (MECANIQUE DES CHANTIERS PETROLIERS) (FORMATIONS PROFESSIONNALISANTES),E17,UNIV. OUARGLA,14.42,value,,not_applicable,,not_applicable,44
A03LAN02,HYDROCARBURES,E17,UNIV. OUARGLA,14.81,value,,not_applicable,,not_applicable,44
A05TCL01,GENIE CIVIL,E17,UNIV. OUARGLA,,NC,,not_applicable,,not_applicable,44
A08TCL01,GENIE DES PROCEDES,E17,UNIV. OUARGLA,10.39,value,,not_applicable,,not_applicable,44
A09FPN02,ENERGIES RENOUVELABLES (FORMATIONS PROFESSIONNALISANTES),E17,UNIV. OUARGLA,12.56,value,,not_applicable,,not_applicable,44
A16TCL01,ELECTROTECHNIQUE,E17,UNIV. OUARGLA,,NC,,not_applicable,,not_applicable,44
A19TCL01,GENIE MECANIQUE,E17,UNIV. OUARGLA,,NC,,not_applicable,,not_applicable,44
B00LAL02,SCIENCES DE LA MATIERE,E17,UNIV. OUARGLA,10.08,value,,not_applicable,,not_applicable,45
C01LAL02,INFORMATIQUE,E17,UNIV. OUARGLA,11.67,value,12.1,value,,not_applicable,45
C01TCL01,INFORMATIQUE,E17,UNIV. OUARGLA,12.44,value,13.01,value,,not_applicable,45
C02LAL02,MATHEMATIQUES,E17,UNIV. OUARGLA,,NC,,NC,,not_applicable,45
CC1LAN01,MATHEMATIQUES APPLIQUEES EN INTELLIGENCE ARTIFICIELLE ET SCIENCES DES DONNEES,E17,UNIV. OUARGLA,14.16,value,14.74,value,,not_applicable,45
CI1LPN02,MATHEMATIQUES ET INFORMATIQUE APPLIQUEES AUX SCIENCES HUMAINES ET SOCIALES,E17,UNIV. OUARGLA,,NC,,NC,,not_applicable,45
D00LAL03,SCIENCES DE LA NATURE ET DE LA VIE,E17,UNIV. OUARGLA,10.88,value,,none_assigned,,not_applicable,45
D03TCL01,SCIENCES AGRONOMIQUES,E17,UNIV. OUARGLA,,NC,,NC,,not_applicable,45
D05FPN01,HYDROBIOLOGIE MARINE ET CONTINENTALE (FORMATIONS PROFESSIONNALISANTES),E17,UNIV. OUARGLA,,NC,,not_applicable,,not_applicable,45
E01FPN02,GEOGRAPHIE ET AMENAGEMENT DU TERRITOIRE (FORMATIONS PROFESSIONNALISANTES),E17,UNIV. OUARGLA,,NC,,NC,,not_applicable,45
E02FPN01,GEOPHYSIQUE (FORMATIONS PROFESSIONNALISANTES),E17,UNIV. OUARGLA,10.83,value,11.89,value,,not_applicable,45
E03LAL03,GEOLOGIE,E17,UNIV. OUARGLA,,NC,,NC,,not_applicable,45
F00LAL02,"SCIENCES ECONOMIQUES, DE GESTION ET COMMERCIALES",E17,UNIV. OUARGLA,10.39,value,11.54,value,,none_assigned,45
F01FPN02,SCIENCES DE GESTION,E17,UNIV. OUARGLA,11.75,value,13.45,value,,none_assigned,45
F02FPN01,SCIENCES FINANCIERES ET COMPTABILITE,E17,UNIV. OUARGLA,12.5,value,13.16,value,,none_assigned,45
G01LAL03,SCIENCES POLITIQUES,E17,UNIV. OUARGLA,,NC,,NC,,NC,45
G02LAL03,DROIT,E17,UNIV. OUARGLA,10.0,value,10.66,value,11.44,value,45
H01LAL03,LANGUE FRANCAISE,E17,UNIV. OUARGLA,11.17,value,11.96,value,12.74,value,45
H03IAL26,"TRADUCTION INTERPRETARIAT (ARABE, FRANCAIS, ANGLAIS)",E17,UNIV. OUARGLA,,NC,,NC,,not_applicable,45
H06LAL03,LANGUE ANGLAISE,E17,UNIV. OUARGLA,11.11,value,11.89,value,12.67,value,45
I03FPN01,SCIENCES DE L INFORMATION ET DE LA COMMUNICATION (FORMATIONS PROFESSIONNALISANTES),E17,UNIV. OUARGLA,,NC,,NC,,not_applicable,46
I04LAL01,HISTOIRE ET BIG DATA,E17,UNIV. OUARGLA,,NC,,not_applicable,,not_applicable,46
I10LAL01,SOCIOLOGIE DE LOISIR ET DU VOYAGE,E17,UNIV. OUARGLA,,NC,,not_applicable,,not_applicable,46
I17LAL03,SCIENCES HUMAINES,E17,UNIV. OUARGLA,,NC,,NC,,not_applicable,46
I19LAL03,SCIENCES SOCIALES,E17,UNIV. OUARGLA,10.01,value,10.75,value,,not_applicable,46
I20LAL01,SCIENCES ISLAMIQUES,E17,UNIV. OUARGLA,10.87,value,11.69,value,,not_applicable,46
J00LAL02,SCIENCES ET TECHNIQUES DES ACTIVITES PHYSIQUES ET SPORTIVES,E17,UNIV. OUARGLA,10.22,value,,not_applicable,,not_applicable,46
K00LAL01,ARTS,E17,UNIV. OUARGLA,,NC,,NC,,not_applicable,46
PC0LAN03,MEDECINE + INFORMATIQUE,E17,UNIV. OUARGLA,16.66,value,17.37,value,,not_applicable,46
PF0LAN02,MEDECINE + SCIENCES ECONOMIQUES,E17,UNIV. OUARGLA,16.67,value,,none_assigned,,not_applicable,46
A11TPN02,OPTIQUE ET MECANIQUE DE PRECISION (FORMATIONS PROFESSIONNALISANTES),E49,UNIV. OUARGLA – I.S.T.A.,11.72,value,12.28,value,,not_applicable,46
A21TPN01,HYGIENE ET SECURITE INDUSTRIELLE (FORMATIONS PROFESSIONNALISANTES),E49,UNIV. OUARGLA – I.S.T.A.,13.1,value,13.6,value,,not_applicable,46
A00CAN08,FB ST ECOLE NATIONALE POLYTECHNIQUE D ORAN,P27,ECOLE NATIONALE POLYTECHNIQUE D ORAN,16.79,value,,not_applicable,,not_applicable,46
A00TUT02,COMMUNICATIONS FILAIRES ET SANS FIL,D03,ECOLE NATIONALE SUPERIEURE DES TELECOMMUNICATIONS ET DES TECHNOLOGIE DE TIC,16.69,value,17.57,value,,not_applicable,46
F00CAN04,FB SECSG ECOLE SUPERIEURE DE D ECONOMIE D ORAN,P25,ECOLE SUPERIEURE D ECONOMIE D ORAN,14.63,value,,not_applicable,,not_applicable,46
D00CAN08,FB SNV ECOLE SUPERIEURE DES SCIENCES BIOLOGIQUES D ORAN,P81,ECOLE SUPERIEURE DES SCIENCES BIOLOGIQUES D ORAN,15.05,value,15.88,value,,not_applicable,46
A00CAN03,FB ST ECOLE SUPERIEURE EN GENIE ELECTRIQUE ET ENERGETIQUE D ORAN,P14,ECOLE SUPERIEURE EN GENIE ELECTRIQUE ET ENERGETIQUE D ORAN,16.15,value,,not_applicable,,not_applicable,46
A00LAL05,SCIENCES ET TECHNOLOGIES,U02,U.S.T.O. (ORAN),10.0,value,,not_applicable,,not_applicable,46
A00TCL03,SCIENCES ET TECHNOLOGIES,U02,U.S.T.O. (ORAN),11.97,value,,not_applicable,,not_applicable,47
A02LAN01,AUTOMATIQUE (SYSTEME AUTOMOBILE),U02,U.S.T.O. (ORAN),14.02,value,,not_applicable,,not_applicable,47
A04LAL02,METALLURGIE,U02,U.S.T.O. (ORAN),13.19,value,,not_applicable,,not_applicable,47
A05TCL01,GENIE CIVIL,U02,U.S.T.O. (ORAN),11.28,value,,not_applicable,,not_applicable,47
A06IAN01,AERONAUTIQUE,U02,U.S.T.O. (ORAN),15.45,value,,not_applicable,,not_applicable,47
A08TCL02,GENIE DES PROCEDES,U02,U.S.T.O. (ORAN),,NC,,not_applicable,,not_applicable,47
A09IAN01,ELECTROTECHNIQUE,U02,U.S.T.O. (ORAN),14.3,value,,not_applicable,,not_applicable,47
A10LAN01,GENIE MARITIME,U02,U.S.T.O. (ORAN),14.09,value,,not_applicable,,not_applicable,47
A12LAL03,HYDRAULIQUE,U02,U.S.T.O. (ORAN),11.5,value,,not_applicable,,not_applicable,47
A16TCL01,ELECTROTECHNIQUE,U02,U.S.T.O. (ORAN),10.14,value,,not_applicable,,not_applicable,47
A19TCL01,GENIE MECANIQUE,U02,U.S.T.O. (ORAN),12.83,value,,not_applicable,,not_applicable,47
B00LAL01,SCIENCES DE LA MATIERE,U02,U.S.T.O. (ORAN),,NC,,not_applicable,,not_applicable,47
C01LAL01,INFORMATIQUE,U02,U.S.T.O. (ORAN),12.71,value,13.32,value,,not_applicable,47
C01TCL03,INFORMATIQUE,U02,U.S.T.O. (ORAN),14.59,value,15.32,value,,not_applicable,47
C02LAL01,MATHEMATIQUES,U02,U.S.T.O. (ORAN),,NC,,NC,,not_applicable,47
D00LAL01,SCIENCES DE LA NATURE ET DE LA VIE,U02,U.S.T.O. (ORAN),11.57,value,12.63,value,,not_applicable,47
J00LAL01,SCIENCES ET TECHNIQUES DES ACTIVITES PHYSIQUES ET SPORTIVES,U02,U.S.T.O. (ORAN),12.65,value,,not_applicable,,not_applicable,47
N04LAL01,URBANISME,U02,U.S.T.O. (ORAN),12.62,value,,not_applicable,,not_applicable,47
N05IAL01,ARCHITECTURE,U02,U.S.T.O. (ORAN),13.82,value,,not_applicable,,not_applicable,47
A00LAL02,SCIENCES ET TECHNOLOGIES,U30,UNIV. ORAN 1,10.0,value,,not_applicable,,not_applicable,47
A08TCL01,GENIE DES PROCEDES,U30,UNIV. ORAN 1,,NC,,not_applicable,,not_applicable,47
B00LAL02,SCIENCES DE LA MATIERE,U30,UNIV. ORAN 1,,NC,,not_applicable,,not_applicable,47
C01LAL02,INFORMATIQUE,U30,UNIV. ORAN 1,11.07,value,11.62,value,,not_applicable,47
C01TCL02,INFORMATIQUE,U30,UNIV. ORAN 1,12.85,value,13.45,value,,not_applicable,47
C02LAL02,MATHEMATIQUES,U30,UNIV. ORAN 1,,NC,,NC,,not_applicable,48
D00LAL02,SCIENCES DE LA NATURE ET DE LA VIE,U30,UNIV. ORAN 1,,NC,,NC,,not_applicable,48
D03FPN02,SCIENCES AGRONOMIQUES (FORMATIONS PROFESSIONNALISANTES),U30,UNIV. ORAN 1,11.27,value,,not_applicable,,not_applicable,48
D03TCL01,SCIENCES AGRONOMIQUES,U30,UNIV. ORAN 1,,NC,,NC,,not_applicable,48
G02LAN01,DROIT,U30,UNIV. ORAN 1,,NC,,NC,,NC,48
H03IAL02,"TRADUCTION INTERPRETARIAT (ARABE, FRANCAIS, ANGLAIS)",U30,UNIV. ORAN 1,,NC,,NC,,not_applicable,48
H03IAN08,"TRADUCTION INTERPRETARIAT (ARABE, FRANCAIS, ESPAGNOLE)",U30,UNIV. ORAN 1,,NC,,NC,,not_applicable,48
H08LAL01,LANGUE TURQUE,U30,UNIV. ORAN 1,10.87,value,11.64,value,,not_applicable,48
I17LAL01,SCIENCES HUMAINES,U30,UNIV. ORAN 1,,NC,,NC,,not_applicable,48
I20LAL02,SCIENCES ISLAMIQUES,U30,UNIV. ORAN 1,11.53,value,12.34,value,,not_applicable,48
K00LAN01,ARTS,U30,UNIV. ORAN 1,,NC,,NC,,not_applicable,48
L00LAL01,LANGUE ET LITTERATURE ARABES,U30,UNIV. ORAN 1,,NC,,NC,,not_applicable,48
A11TPN01,OPTIQUE ET MECANIQUE DE PRECISION (FORMATIONS PROFESSIONNALISANTES),U49,UNIV. ORAN 1 I.S.T.A,15.58,value,16.72,value,,not_applicable,48
A11TPN04,OPTIQUE ET MECANIQUE DE PRECISION (FORMATIONS PROFESSIONNALISANTES),U49,UNIV. ORAN 1 I.S.T.A,14.09,value,14.73,value,,not_applicable,48
B02TPN02,PHYSIQUE (FORMATIONS PROFESSIONNALISANTES),U49,UNIV. ORAN 1 I.S.T.A,13.72,value,,not_applicable,,not_applicable,48
CF0LAN02,INFORMATIQUE + SCIENCES DE GESTION,U49,UNIV. ORAN 1 I.S.T.A,14.86,value,15.63,value,,not_applicable,48
F00TPN03,SCIENCES DE GESTION SCIENCES FINANCIERES ET COMPTABILITE (FORMATIONS PROFESSIONNALISANTES),U49,UNIV. ORAN 1 I.S.T.A,14.81,value,15.54,value,,none_assigned,48
A07IAN01,ELECTROMECANIQUE,U31,UNIV. ORAN 2,14.32,value,,not_applicable,,not_applicable,48
A18IAN01,GENIE INDUSTRIELLE,U31,UNIV. ORAN 2,13.96,value,,not_applicable,,not_applicable,48
A21IAN01,HYGIENE ET SECURITE INDUSTRIELLE,U31,UNIV. ORAN 2,14.29,value,,not_applicable,,not_applicable,48
E01LAL01,GEOGRAPHIE ET AMENAGEMENT DU TERRITOIRE,U31,UNIV. ORAN 2,,NC,,NC,,not_applicable,49
E03LAL01,GEOLOGIE,U31,UNIV. ORAN 2,,NC,,NC,,not_applicable,49
F00LAL01,"SCIENCES ECONOMIQUES, DE GESTION ET COMMERCIALES",U31,UNIV. ORAN 2,10.4,value,11.54,value,12.73,value,49
G01LAL01,SCIENCES POLITIQUES,U31,UNIV. ORAN 2,10.0,value,10.66,value,11.6,value,49
G02LAL03,DROIT,U31,UNIV. ORAN 2,10.0,value,10.66,value,11.46,value,49
H01LAL02,LANGUE FRANCAISE,U31,UNIV. ORAN 2,11.87,value,13.21,value,13.58,value,49
H05LAL01,LANGUE RUSSE,U31,UNIV. ORAN 2,11.1,value,11.91,value,,not_applicable,49
H06LAL01,LANGUE ANGLAISE,U31,UNIV. ORAN 2,12.57,value,13.46,value,14.37,value,49
H07LAL01,LANGUE ITALIENNE,U31,UNIV. ORAN 2,12.0,value,13.96,value,13.88,value,49
HG0LAN01,LANGUE ANGLAISE + SCIENCES POLITIQUES,U31,UNIV. ORAN 2,13.47,value,14.15,value,,not_applicable,49
I19LAL03,SCIENCES SOCIALES,U31,UNIV. ORAN 2,,NC,,NC,,not_applicable,49
A18TPN04,GENIE INDUSTRIEL (FORMATIONS PROFESSIONNALISANTES),W90,USTO ORAN I.S.T.A,13.91,value,14.65,value,,not_applicable,49
A00LAL02,SCIENCES ET TECHNOLOGIES,U26,C. UNIV. EL BAYADH,,NC,,not_applicable,,not_applicable,49
A05TCL01,GENIE CIVIL,U26,C. UNIV. EL BAYADH,,NC,,not_applicable,,not_applicable,49
A16TCL01,ELECTROTECHNIQUE,U26,C. UNIV. EL BAYADH,,NC,,not_applicable,,not_applicable,49
B00LAL03,SCIENCES DE LA MATIERE,U26,C. UNIV. EL BAYADH,,NC,,not_applicable,,not_applicable,49
C01LAL01,INFORMATIQUE,U26,C. UNIV. EL BAYADH,10.98,value,11.49,value,,not_applicable,49
C02LAL01,MATHEMATIQUES,U26,C. UNIV. EL BAYADH,,NC,,NC,,not_applicable,49
D00LAL04,SCIENCES DE LA NATURE ET DE LA VIE,U26,C. UNIV. EL BAYADH,,NC,,NC,,not_applicable,49
D03TCL01,SCIENCES AGRONOMIQUES,U26,C. UNIV. EL BAYADH,,NC,,NC,,not_applicable,49
F00LAL02,"SCIENCES ECONOMIQUES, DE GESTION ET COMMERCIALES",U26,C. UNIV. EL BAYADH,,NC,,NC,,NC,49
F01LPL01,MANAGEMENT DES SYSTEMES D INFORMATIONS DE SANTE,U26,C. UNIV. EL BAYADH,10.17,value,,not_applicable,,not_applicable,49
F03LPL01,COMMUNICATION MARKETING ET GESTION DE LA RELATION CLIENT,U26,C. UNIV. EL BAYADH,,NC,,not_applicable,,not_applicable,50
F03LPL02,MANAGEMENT ELECTRONIQUE DES AFFAIRES,U26,C. UNIV. EL BAYADH,,NC,,not_applicable,,not_applicable,50
F04LAL01,TRADING ET LES MARCHES FINANCIERS,U26,C. UNIV. EL BAYADH,,NC,,not_applicable,,not_applicable,50
G02LAL02,DROIT,U26,C. UNIV. EL BAYADH,,NC,,NC,,NC,50
GH0LAN01,SCIENCES POLITIQUES + LANGUE ANGLAISE,U26,C. UNIV. EL BAYADH,,NC,,NC,,not_applicable,50
H01LAL01,LANGUE FRANCAISE,U26,C. UNIV. EL BAYADH,11.08,value,11.13,value,11.35,value,50
H06LAL01,LANGUE ANGLAISE,U26,C. UNIV. EL BAYADH,11.27,value,11.91,value,12.89,value,50
I03LAL01,INFORMATION ET COMMUNICATION DE LA SANTE,U26,C. UNIV. EL BAYADH,,NC,,not_applicable,,not_applicable,50
I10LAL01,SOCIOLOGIE DE LOISIR ET DU VOYAGE,U26,C. UNIV. EL BAYADH,,NC,,not_applicable,,not_applicable,50
I17LAL02,SCIENCES HUMAINES,U26,C. UNIV. EL BAYADH,,NC,,NC,,not_applicable,50
I19LAL03,SCIENCES SOCIALES,U26,C. UNIV. EL BAYADH,,NC,,NC,,not_applicable,50
J00LAL01,SCIENCES ET TECHNIQUES DES ACTIVITES PHYSIQUES ET SPORTIVES,U26,C. UNIV. EL BAYADH,12.44,value,,not_applicable,,not_applicable,50
L00LAL03,LANGUE ET LITTERATURE ARABES,U26,C. UNIV. EL BAYADH,,NC,,NC,,not_applicable,50
C01LAL01,INFORMATIQUE,C41,C. UNIV ILLIZI,,NC,,NC,,not_applicable,50
F00LAL01,"SCIENCES ECONOMIQUES, DE GESTION ET COMMERCIALES",C41,C. UNIV ILLIZI,,NC,,NC,,NC,50
G02LAL03,DROIT,C41,C. UNIV ILLIZI,,NC,,NC,,NC,50
H06LAL02,LANGUE ANGLAISE,C41,C. UNIV ILLIZI,,NC,,NC,,NC,50
I19LAL03,SCIENCES SOCIALES,C41,C. UNIV ILLIZI,,NC,,NC,,not_applicable,50
A00LAL04,SCIENCES ET TECHNOLOGIES,E23,UNIV BORDJ BOU ARRERIDJ,,NC,,not_applicable,,not_applicable,50
A05TCL01,GENIE CIVIL,E23,UNIV BORDJ BOU ARRERIDJ,10.97,value,,not_applicable,,not_applicable,50
A07LAN01,ELECTROMECANIQUE (ELECTROMECANIQUE D AUTOMOBILE),E23,UNIV BORDJ BOU ARRERIDJ,13.71,value,,not_applicable,,not_applicable,50
A08TCL01,GENIE DES PROCEDES,E23,UNIV BORDJ BOU ARRERIDJ,,NC,,not_applicable,,not_applicable,50
A16TCL01,ELECTROTECHNIQUE,E23,UNIV BORDJ BOU ARRERIDJ,,NC,,not_applicable,,not_applicable,51
A17IAN01,ELECTRONIQUE,E23,UNIV BORDJ BOU ARRERIDJ,13.5,value,,not_applicable,,not_applicable,51
A17LAN02,ELECTRONIQUE (SYSTEME ELECTRONIQUE AUTOMOBILE),E23,UNIV BORDJ BOU ARRERIDJ,13.41,value,,not_applicable,,not_applicable,51
A19TCL01,GENIE MECANIQUE,E23,UNIV BORDJ BOU ARRERIDJ,,NC,,not_applicable,,not_applicable,51
B00LAL02,SCIENCES DE LA MATIERE,E23,UNIV BORDJ BOU ARRERIDJ,,NC,,not_applicable,,not_applicable,51
C01LAL03,INFORMATIQUE,E23,UNIV BORDJ BOU ARRERIDJ,11.55,value,11.8,value,,not_applicable,51
C01TCL01,INFORMATIQUE,E23,UNIV BORDJ BOU ARRERIDJ,,NC,,NC,,not_applicable,51
C02LAL03,MATHEMATIQUES,E23,UNIV BORDJ BOU ARRERIDJ,,NC,,NC,,not_applicable,51
D00LAL02,SCIENCES DE LA NATURE ET DE LA VIE,E23,UNIV BORDJ BOU ARRERIDJ,11.33,value,13.02,value,,not_applicable,51
D03TCL01,SCIENCES AGRONOMIQUES,E23,UNIV BORDJ BOU ARRERIDJ,,NC,,NC,,not_applicable,51
F00LAL01,"SCIENCES ECONOMIQUES, DE GESTION ET COMMERCIALES",E23,UNIV BORDJ BOU ARRERIDJ,10.0,value,11.05,value,12.46,value,51
G02LAL02,DROIT,E23,UNIV BORDJ BOU ARRERIDJ,,NC,,NC,,NC,51
H01LAL02,LANGUE FRANCAISE,E23,UNIV BORDJ BOU ARRERIDJ,,NC,,NC,,NC,51
H06LAL03,LANGUE ANGLAISE,E23,UNIV BORDJ BOU ARRERIDJ,11.88,value,12.68,value,13.55,value,51
I17LAL02,SCIENCES HUMAINES,E23,UNIV BORDJ BOU ARRERIDJ,,NC,,NC,,not_applicable,51
I19LAL02,SCIENCES SOCIALES,E23,UNIV BORDJ BOU ARRERIDJ,,NC,,NC,,not_applicable,51
I20LAL02,SCIENCES ISLAMIQUES,E23,UNIV BORDJ BOU ARRERIDJ,10.89,value,11.66,value,,not_applicable,51
L00LAL02,LANGUE ET LITTERATURE ARABES,E23,UNIV BORDJ BOU ARRERIDJ,,NC,,NC,,not_applicable,51
A00LAL04,SCIENCES ET TECHNOLOGIES,C27,UNIV. BOUMERDES,11.64,value,,not_applicable,,not_applicable,51
A02IAN01,AUTOMATIQUE,C27,UNIV. BOUMERDES,15.74,value,,not_applicable,,not_applicable,51
A03LAN01,HYDROCARBURES,C27,UNIV. BOUMERDES,16.12,value,,not_applicable,,not_applicable,51
A05TCL01,GENIE CIVIL,C27,UNIV. BOUMERDES,13.28,value,,not_applicable,,not_applicable,51
A07IAN02,ELECTROMECANIQUE,C27,UNIV. BOUMERDES,15.53,value,,not_applicable,,not_applicable,51
A08TCL01,GENIE DES PROCEDES,C27,UNIV. BOUMERDES,11.67,value,,not_applicable,,not_applicable,52
A16TCL01,ELECTROTECHNIQUE,C27,UNIV. BOUMERDES,12.57,value,,not_applicable,,not_applicable,52
A17LAN01,ELECTRONIQUE (ENSEIGNEMENT EN LANGUE ANGLAISE),C27,UNIV. BOUMERDES,16.85,value,,not_applicable,,not_applicable,52
A19LAN01,GENIE MECANIQUE (INGENIERIE DE CONSTRUCTION AUTOMOBILE),C27,UNIV. BOUMERDES,14.77,value,,not_applicable,,not_applicable,52
A19TCL01,GENIE MECANIQUE,C27,UNIV. BOUMERDES,11.59,value,,not_applicable,,not_applicable,52
B00LAL03,SCIENCES DE LA MATIERE,C27,UNIV. BOUMERDES,,NC,,not_applicable,,not_applicable,52
C01LAL03,INFORMATIQUE,C27,UNIV. BOUMERDES,13.99,value,14.69,value,,not_applicable,52
C02LAL03,MATHEMATIQUES,C27,UNIV. BOUMERDES,,NC,,NC,,not_applicable,52
C03FPN01,MATHEMATIQUES APPLIQUEES (FORMATIONS PROFESSIONNALISANTES),C27,UNIV. BOUMERDES,11.64,value,12.12,value,,not_applicable,52
D00LAL04,SCIENCES DE LA NATURE ET DE LA VIE,C27,UNIV. BOUMERDES,10.8,value,11.88,value,,not_applicable,52
D03TCL01,SCIENCES AGRONOMIQUES,C27,UNIV. BOUMERDES,,NC,,NC,,not_applicable,52
F00LAL04,"SCIENCES ECONOMIQUES, DE GESTION ET COMMERCIALES",C27,UNIV. BOUMERDES,10.31,value,11.45,value,12.6,value,52
G01LAL01,SCIENCES POLITIQUES,C27,UNIV. BOUMERDES,,NC,,NC,,NC,52
G02LAL01,DROIT,C27,UNIV. BOUMERDES,,NC,,NC,,NC,52
H01LAL01,LANGUE FRANCAISE,C27,UNIV. BOUMERDES,11.0,value,11.29,value,12.07,value,52
H06LAL01,LANGUE ANGLAISE,C27,UNIV. BOUMERDES,12.6,value,13.43,value,14.35,value,52
L00LAL02,LANGUE ET LITTERATURE ARABES,C27,UNIV. BOUMERDES,10.33,value,11.13,value,,not_applicable,52
A11TPN03,OPTIQUE ET MECANIQUE DE PRECISION (FORMATIONS PROFESSIONNALISANTES),W80,UNIV. BOUMERDES I.S.T.A,13.71,value,14.38,value,,not_applicable,52
A00LAL03,SCIENCES ET TECHNOLOGIES,E02,UNIV. EL TARF,10.66,value,,not_applicable,,not_applicable,52
B00LAL02,SCIENCES DE LA MATIERE,E02,UNIV. EL TARF,10.28,value,,not_applicable,,not_applicable,52
C01LAL03,INFORMATIQUE,E02,UNIV. EL TARF,11.21,value,11.15,value,,not_applicable,52
C02LAL03,MATHEMATIQUES,E02,UNIV. EL TARF,,NC,,NC,,not_applicable,52
D00LAL02,SCIENCES DE LA NATURE ET DE LA VIE,E02,UNIV. EL TARF,11.12,value,11.98,value,,not_applicable,53
D03TCL01,SCIENCES AGRONOMIQUES,E02,UNIV. EL TARF,10.1,value,10.81,value,,not_applicable,53
F00LAL01,"SCIENCES ECONOMIQUES, DE GESTION ET COMMERCIALES",E02,UNIV. EL TARF,10.21,value,11.37,value,12.81,value,53
G02LAL01,DROIT,E02,UNIV. EL TARF,10.25,value,10.95,value,11.7,value,53
H01LAL03,LANGUE FRANCAISE,E02,UNIV. EL TARF,,NC,,NC,,NC,53
H06LAL01,LANGUE ANGLAISE,E02,UNIV. EL TARF,12.13,value,12.96,value,13.74,value,53
I17LAL01,SCIENCES HUMAINES,E02,UNIV. EL TARF,,NC,,NC,,not_applicable,53
I19LAL02,SCIENCES SOCIALES,E02,UNIV. EL TARF,10.12,value,10.9,value,,not_applicable,53
L00LAL02,LANGUE ET LITTERATURE ARABES,E02,UNIV. EL TARF,,NC,,NC,,not_applicable,53
P04VAL01,SCIENCES VETERINAIRES,E02,UNIV. EL TARF,13.3,value,,none_assigned,,not_applicable,53
A00LAL05,SCIENCES ET TECHNOLOGIES,U27,C. UNIV. TINDOUF,,NC,,not_applicable,,not_applicable,53
C01LAL01,INFORMATIQUE,U27,C. UNIV. TINDOUF,,NC,,NC,,not_applicable,53
E03LAL01,GEOLOGIE,U27,C. UNIV. TINDOUF,,NC,,NC,,not_applicable,53
F00LAL01,"SCIENCES ECONOMIQUES, DE GESTION ET COMMERCIALES",U27,C. UNIV. TINDOUF,,NC,,NC,,NC,53
G02LAL01,DROIT,U27,C. UNIV. TINDOUF,,NC,,NC,,NC,53
L00LAL03,LANGUE ET LITTERATURE ARABES,U27,C. UNIV. TINDOUF,,NC,,NC,,not_applicable,53
A00LAL02,SCIENCES ET TECHNOLOGIES,U21,UNIV. TISSEMSILT,,NC,,not_applicable,,not_applicable,53
A05TCL01,GENIE CIVIL,U21,UNIV. TISSEMSILT,11.17,value,,not_applicable,,not_applicable,53
A19TCL01,GENIE MECANIQUE,U21,UNIV. TISSEMSILT,,NC,,not_applicable,,not_applicable,53
B00LAL01,SCIENCES DE LA MATIERE,U21,UNIV. TISSEMSILT,,NC,,not_applicable,,not_applicable,53
C01LAL01,INFORMATIQUE,U21,UNIV. TISSEMSILT,12.47,value,12.93,value,,not_applicable,53
C02LAL01,MATHEMATIQUES,U21,UNIV. TISSEMSILT,,NC,,NC,,not_applicable,53
D00LAL02,SCIENCES DE LA NATURE ET DE LA VIE,U21,UNIV. TISSEMSILT,,NC,,NC,,not_applicable,53
D03TCL01,SCIENCES AGRONOMIQUES,U21,UNIV. TISSEMSILT,,NC,,NC,,not_applicable,54
F00LAL02,"SCIENCES ECONOMIQUES, DE GESTION ET COMMERCIALES",U21,UNIV. TISSEMSILT,,NC,,NC,,NC,54
G02LAL01,DROIT,U21,UNIV. TISSEMSILT,,NC,,NC,,NC,54
H01LAL01,LANGUE FRANCAISE,U21,UNIV. TISSEMSILT,,NC,,NC,,NC,54
H06LAL01,LANGUE ANGLAISE,U21,UNIV. TISSEMSILT,11.92,value,12.71,value,13.57,value,54
I17LAL01,SCIENCES HUMAINES,U21,UNIV. TISSEMSILT,,NC,,NC,,not_applicable,54
I19LAL01,SCIENCES SOCIALES,U21,UNIV. TISSEMSILT,,NC,,NC,,not_applicable,54
J00LAL02,SCIENCES ET TECHNIQUES DES ACTIVITES PHYSIQUES ET SPORTIVES,U21,UNIV. TISSEMSILT,11.63,value,,not_applicable,,not_applicable,54
L00LAL01,LANGUE ET LITTERATURE ARABES,U21,UNIV. TISSEMSILT,,NC,,NC,,not_applicable,54
D00CAN13,FB SP ECOLE NATIONALE SUPERIEURE D AGRICULTURE SAHARIENNE D EL OUED,P74,ECOLE NATIONALE SUPERIEURE D AGRICULTURE SAHARIENNE D EL OUED,12.81,value,13.51,value,,not_applicable,54
A00LAL01,SCIENCES ET TECHNOLOGIES,E25,UNIV EL OUED,10.48,value,,not_applicable,,not_applicable,54
A05TCL01,GENIE CIVIL,E25,UNIV EL OUED,,NC,,not_applicable,,not_applicable,54
A08TCL01,GENIE DES PROCEDES,E25,UNIV EL OUED,11.87,value,,not_applicable,,not_applicable,54
A16TCL01,ELECTROTECHNIQUE,E25,UNIV EL OUED,10.82,value,,not_applicable,,not_applicable,54
A19TCL01,GENIE MECANIQUE,E25,UNIV EL OUED,,NC,,not_applicable,,not_applicable,54
B00LAL01,SCIENCES DE LA MATIERE,E25,UNIV EL OUED,10.31,value,,not_applicable,,not_applicable,54
C01LAL01,INFORMATIQUE,E25,UNIV EL OUED,12.13,value,12.74,value,,not_applicable,54
C02LAL01,MATHEMATIQUES,E25,UNIV EL OUED,,NC,,NC,,not_applicable,54
D00LAL01,SCIENCES DE LA NATURE ET DE LA VIE,E25,UNIV EL OUED,10.88,value,11.71,value,,not_applicable,54
D03TCL01,SCIENCES AGRONOMIQUES,E25,UNIV EL OUED,,NC,,NC,,not_applicable,54
F00LAL01,"SCIENCES ECONOMIQUES, DE GESTION ET COMMERCIALES",E25,UNIV EL OUED,10.0,value,10.09,value,11.37,value,54
G01LAL02,SCIENCES POLITIQUES,E25,UNIV EL OUED,,NC,,NC,,NC,54
G02LAL01,DROIT,E25,UNIV EL OUED,,NC,,NC,,NC,55
H03IAL16,"TRADUCTION INTERPRETARIAT (ARABE, FRANCAIS, ANGLAIS)",E25,UNIV EL OUED,,NC,,NC,,not_applicable,55
H06LAL01,LANGUE ANGLAISE,E25,UNIV EL OUED,11.96,value,12.82,value,13.64,value,55
I17LAL02,SCIENCES HUMAINES,E25,UNIV EL OUED,,NC,,NC,,not_applicable,55
I19LAL02,SCIENCES SOCIALES,E25,UNIV EL OUED,,NC,,NC,,not_applicable,55
I20LAL01,SCIENCES ISLAMIQUES,E25,UNIV EL OUED,,NC,,NC,,not_applicable,55
L00LAL02,LANGUE ET LITTERATURE ARABES,E25,UNIV EL OUED,10.25,value,11.01,value,,not_applicable,55
P04VAL01,SCIENCES VETERINAIRES,E25,UNIV EL OUED,,NC,,NC,,not_applicable,55
D00CAN09,FB SNV ECOLE NATIONALE SUPERIEURE DES FORETS DE KHENCHELA,W91,ECOLE NATIONALE SUPERIEURE DES FORETS KHENCHELA,13.57,value,14.29,value,,not_applicable,55
A00LAL01,SCIENCES ET TECHNOLOGIES,E24,UNIV KHENCHELA,,NC,,not_applicable,,not_applicable,55
A05TCL01,GENIE CIVIL,E24,UNIV KHENCHELA,,NC,,not_applicable,,not_applicable,55
A08TCL01,GENIE DES PROCEDES,E24,UNIV KHENCHELA,,NC,,not_applicable,,not_applicable,55
A16TCL01,ELECTROTECHNIQUE,E24,UNIV KHENCHELA,,NC,,not_applicable,,not_applicable,55
A19TCL01,GENIE MECANIQUE,E24,UNIV KHENCHELA,,NC,,not_applicable,,not_applicable,55
B00LAL01,SCIENCES DE LA MATIERE,E24,UNIV KHENCHELA,,NC,,not_applicable,,not_applicable,55
C01LAL01,INFORMATIQUE,E24,UNIV KHENCHELA,11.1,value,11.58,value,,not_applicable,55
C02LAL01,MATHEMATIQUES,E24,UNIV KHENCHELA,,NC,,NC,,not_applicable,55
CI1LPN01,MATHEMATIQUES ET INFORMATIQUE APPLIQUEES AUX SCIENCES HUMAINES ET SOCIALES,E24,UNIV KHENCHELA,,NC,,NC,,not_applicable,55
D00LAL01,SCIENCES DE LA NATURE ET DE LA VIE,E24,UNIV KHENCHELA,,NC,,NC,,not_applicable,55
D03TCL01,SCIENCES AGRONOMIQUES,E24,UNIV KHENCHELA,,NC,,NC,,not_applicable,55
F00LAL01,"SCIENCES ECONOMIQUES, DE GESTION ET COMMERCIALES",E24,UNIV KHENCHELA,,NC,,NC,,NC,55
G01LAL01,SCIENCES POLITIQUES,E24,UNIV KHENCHELA,,NC,,NC,,NC,55
G02LAL01,DROIT,E24,UNIV KHENCHELA,,NC,,NC,,NC,56
H01LAL01,LANGUE FRANCAISE,E24,UNIV KHENCHELA,,NC,,NC,,NC,56
H06LAL01,LANGUE ANGLAISE,E24,UNIV KHENCHELA,11.41,value,12.27,value,13.01,value,56
I04LAL01,HISTOIRE ET BIG DATA,E24,UNIV KHENCHELA,,NC,,not_applicable,,not_applicable,56
I17LAL01,SCIENCES HUMAINES,E24,UNIV KHENCHELA,,NC,,NC,,not_applicable,56
I19LAL01,SCIENCES SOCIALES,E24,UNIV KHENCHELA,,NC,,NC,,not_applicable,56
L00LAL01,LANGUE ET LITTERATURE ARABES,E24,UNIV KHENCHELA,,NC,,NC,,not_applicable,56
A00LAL01,SCIENCES ET TECHNOLOGIES,E26,UNIV SOUK AHRAS,,NC,,not_applicable,,not_applicable,56
A05TCL01,GENIE CIVIL,E26,UNIV SOUK AHRAS,,NC,,not_applicable,,not_applicable,56
A08TCL01,GENIE DES PROCEDES,E26,UNIV SOUK AHRAS,,NC,,not_applicable,,not_applicable,56
A16TCL01,ELECTROTECHNIQUE,E26,UNIV SOUK AHRAS,,NC,,not_applicable,,not_applicable,56
A19TCL01,GENIE MECANIQUE,E26,UNIV SOUK AHRAS,,NC,,not_applicable,,not_applicable,56
B00LAL01,SCIENCES DE LA MATIERE,E26,UNIV SOUK AHRAS,,NC,,not_applicable,,not_applicable,56
C01LAL01,INFORMATIQUE,E26,UNIV SOUK AHRAS,10.78,value,11.3,value,,not_applicable,56
C02LAL01,MATHEMATIQUES,E26,UNIV SOUK AHRAS,,NC,,NC,,not_applicable,56
D00LAL01,SCIENCES DE LA NATURE ET DE LA VIE,E26,UNIV SOUK AHRAS,,NC,,NC,,not_applicable,56
D03TCL01,SCIENCES AGRONOMIQUES,E26,UNIV SOUK AHRAS,,NC,,NC,,not_applicable,56
F00LAL01,"SCIENCES ECONOMIQUES, DE GESTION ET COMMERCIALES",E26,UNIV SOUK AHRAS,,NC,,NC,,NC,56
G02LAL01,DROIT,E26,UNIV SOUK AHRAS,,NC,,NC,,NC,56
H01LAL01,LANGUE FRANCAISE,E26,UNIV SOUK AHRAS,,NC,,NC,,NC,56
H06LAL01,LANGUE ANGLAISE,E26,UNIV SOUK AHRAS,11.43,value,12.2,value,13.03,value,56
I03LAL01,INFORMATION ET COMMUNICATION DE LA SANTE,E26,UNIV SOUK AHRAS,,NC,,not_applicable,,not_applicable,56
I04LAL01,HISTOIRE ET BIG DATA,E26,UNIV SOUK AHRAS,,NC,,not_applicable,,not_applicable,56
I10LAL01,SOCIOLOGIE DE LOISIR ET DU VOYAGE,E26,UNIV SOUK AHRAS,,NC,,not_applicable,,not_applicable,56
I17LAL01,SCIENCES HUMAINES,E26,UNIV SOUK AHRAS,,NC,,NC,,not_applicable,57
I19LAL01,SCIENCES SOCIALES,E26,UNIV SOUK AHRAS,,NC,,NC,,not_applicable,57
J00LAL01,SCIENCES ET TECHNIQUES DES ACTIVITES PHYSIQUES ET SPORTIVES,E26,UNIV SOUK AHRAS,10.46,value,,not_applicable,,not_applicable,57
L00LAL01,LANGUE ET LITTERATURE ARABES,E26,UNIV SOUK AHRAS,,NC,,NC,,not_applicable,57
P04VAL01,SCIENCES VETERINAIRES,E26,UNIV SOUK AHRAS,,NC,,NC,,not_applicable,57
A00LAL04,SCIENCES ET TECHNOLOGIES,C38,C. UNIV. TIPAZA,10.77,value,,not_applicable,,not_applicable,57
A05TCL01,GENIE CIVIL,C38,C. UNIV. TIPAZA,11.83,value,,not_applicable,,not_applicable,57
A08TCL01,GENIE DES PROCEDES,C38,C. UNIV. TIPAZA,,NC,,not_applicable,,not_applicable,57
C02LAL03,MATHEMATIQUES,C38,C. UNIV. TIPAZA,10.25,value,10.17,value,,not_applicable,57
D00LAL03,SCIENCES DE LA NATURE ET DE LA VIE,C38,C. UNIV. TIPAZA,11.9,value,13.96,value,,not_applicable,57
D03TCL01,SCIENCES AGRONOMIQUES,C38,C. UNIV. TIPAZA,,NC,,NC,,not_applicable,57
F00LAL02,"SCIENCES ECONOMIQUES, DE GESTION ET COMMERCIALES",C38,C. UNIV. TIPAZA,10.0,value,11.09,value,12.25,value,57
FC1LPN03,INTELLIGENCE ARTIFICIELLE EN ECONOMIE APPLIQUEE,C38,C. UNIV. TIPAZA,14.74,value,15.49,value,,not_applicable,57
FF1LAN01,BUSINESS COMPUTING (INFORMATIQUE DES AFFAIRES),C38,C. UNIV. TIPAZA,14.43,value,15.15,value,,not_applicable,57
G02LAL01,DROIT,C38,C. UNIV. TIPAZA,10.0,value,10.0,value,10.15,value,57
I17LAL01,SCIENCES HUMAINES,C38,C. UNIV. TIPAZA,,NC,,NC,,not_applicable,57
I19LAL01,SCIENCES SOCIALES,C38,C. UNIV. TIPAZA,10.0,value,10.32,value,,not_applicable,57
L00LAL02,LANGUE ET LITTERATURE ARABES,C38,C. UNIV. TIPAZA,10.01,value,10.64,value,,not_applicable,57
F00CAN06,FB SECSG ECOLE DES HAUTES ETUDES COMMERCIALES KOLEA,C04,ECOLE DES HAUTES ETUDES COMMERCIALES KOLEA,15.78,value,,not_applicable,,not_applicable,57
N00TUT01,CONSERVATION ET RESTAURATION DES BIENS CULTURELS,D04,ECOLE NATIONALE SUPERIEURE DE CONSERVATION ET DE RESTAURATION DES BIENS CULTURELS,13.23,value,,not_applicable,,not_applicable,57
F00CAN07,FB SECSG ECOLE NATIONALE SUPERIEURE EN STATISTIQUE ET EN ECONOMIE APPLIQUEE KOLEA,C45,ECOLE NATIONALE SUPERIEURE EN STATISTIQUE ET EN ECONOMIE APPLIQUEE DE KOLEA,15.41,value,,not_applicable,,not_applicable,58
F00CAN05,FB SECSG ECOLE SUPERIEURE DE COMMERCE KOLEA,C03,ECOLE SUPERIEURE DE COMMERCE KOLEA,16.02,value,,not_applicable,,not_applicable,58
F00CAN08,FB SECSG ECOLE SUPERIEURE DE GESTION ET DE L ECONOMIE NUMERIQUE KOLEA,W83,ECOLE SUPERIEURE DE GESTION ET DE L ECONOMIE NUMERIQUE – KOLEA,15.51,value,,not_applicable,,not_applicable,58
A00LAL02,SCIENCES ET TECHNOLOGIES,E28,C. UNIV MILA,,NC,,not_applicable,,not_applicable,58
A05TCL01,GENIE CIVIL,E28,C. UNIV MILA,,NC,,not_applicable,,not_applicable,58
A08TCL01,GENIE DES PROCEDES,E28,C. UNIV MILA,,NC,,not_applicable,,not_applicable,58
A19TCL01,GENIE MECANIQUE,E28,C. UNIV MILA,,NC,,not_applicable,,not_applicable,58
C01LAL01,INFORMATIQUE,E28,C. UNIV MILA,11.77,value,12.35,value,,not_applicable,58
C02LAL01,MATHEMATIQUES,E28,C. UNIV MILA,,NC,,NC,,not_applicable,58
D00LAL02,SCIENCES DE LA NATURE ET DE LA VIE,E28,C. UNIV MILA,10.82,value,14.36,value,,not_applicable,58
E03LAL01,GEOLOGIE,E28,C. UNIV MILA,,NC,,NC,,not_applicable,58
F00LAL04,"SCIENCES ECONOMIQUES, DE GESTION ET COMMERCIALES",E28,C. UNIV MILA,10.0,value,10.27,value,11.77,value,58
G02LAL02,DROIT,E28,C. UNIV MILA,,NC,,NC,,NC,58
H01LAL01,LANGUE FRANCAISE,E28,C. UNIV MILA,,NC,,NC,,NC,58
H06LAL01,LANGUE ANGLAISE,E28,C. UNIV MILA,12.52,value,13.5,value,14.28,value,58
L00LAL01,LANGUE ET LITTERATURE ARABES,E28,C. UNIV MILA,10.16,value,10.9,value,,not_applicable,58
A00LAL03,SCIENCES ET TECHNOLOGIES,C30,UNIV. KHEMIS MILIANA,10.63,value,,not_applicable,,not_applicable,58
A05TCL01,GENIE CIVIL,C30,UNIV. KHEMIS MILIANA,11.23,value,,not_applicable,,not_applicable,58
A08TCL01,GENIE DES PROCEDES,C30,UNIV. KHEMIS MILIANA,,NC,,not_applicable,,not_applicable,58
A16TCL01,ELECTROTECHNIQUE,C30,UNIV. KHEMIS MILIANA,,NC,,not_applicable,,not_applicable,58
A19TCL01,GENIE MECANIQUE,C30,UNIV. KHEMIS MILIANA,,NC,,not_applicable,,not_applicable,58
B00LAL02,SCIENCES DE LA MATIERE,C30,UNIV. KHEMIS MILIANA,,NC,,not_applicable,,not_applicable,58
C01LAL02,INFORMATIQUE,C30,UNIV. KHEMIS MILIANA,13.34,value,14.0,value,,not_applicable,59
C02LAL02,MATHEMATIQUES,C30,UNIV. KHEMIS MILIANA,10.56,value,10.03,value,,not_applicable,59
D00LAL02,SCIENCES DE LA NATURE ET DE LA VIE,C30,UNIV. KHEMIS MILIANA,11.17,value,12.37,value,,not_applicable,59
D03TCL01,SCIENCES AGRONOMIQUES,C30,UNIV. KHEMIS MILIANA,,NC,,NC,,not_applicable,59
E03LAL01,GEOLOGIE,C30,UNIV. KHEMIS MILIANA,,NC,,NC,,not_applicable,59
F00LAL04,"SCIENCES ECONOMIQUES, DE GESTION ET COMMERCIALES",C30,UNIV. KHEMIS MILIANA,10.56,value,11.72,value,13.0,value,59
G02LAL03,DROIT,C30,UNIV. KHEMIS MILIANA,10.1,value,10.78,value,11.77,value,59
H01LAL02,LANGUE FRANCAISE,C30,UNIV. KHEMIS MILIANA,11.11,value,11.91,value,12.63,value,59
H03IAL13,"TRADUCTION INTERPRETARIAT (ARABE, FRANCAIS, ANGLAIS)",C30,UNIV. KHEMIS MILIANA,,NC,,NC,,not_applicable,59
H06LAL01,LANGUE ANGLAISE,C30,UNIV. KHEMIS MILIANA,12.21,value,13.09,value,13.93,value,59
I17LAL03,SCIENCES HUMAINES,C30,UNIV. KHEMIS MILIANA,,NC,,NC,,not_applicable,59
I19LAL02,SCIENCES SOCIALES,C30,UNIV. KHEMIS MILIANA,10.04,value,10.76,value,,not_applicable,59
J00LAL02,SCIENCES ET TECHNIQUES DES ACTIVITES PHYSIQUES ET SPORTIVES,C30,UNIV. KHEMIS MILIANA,10.49,value,,not_applicable,,not_applicable,59
L00LAL03,LANGUE ET LITTERATURE ARABES,C30,UNIV. KHEMIS MILIANA,10.35,value,11.16,value,,not_applicable,59
A00LAL01,SCIENCES ET TECHNOLOGIES,U25,C. UNIV. NAAMA,,NC,,not_applicable,,not_applicable,59
A05TCL01,GENIE CIVIL,U25,C. UNIV. NAAMA,,NC,,not_applicable,,not_applicable,59
A16TCL01,ELECTROTECHNIQUE,U25,C. UNIV. NAAMA,,NC,,not_applicable,,not_applicable,59
A19TCL01,GENIE MECANIQUE,U25,C. UNIV. NAAMA,,NC,,not_applicable,,not_applicable,59
B00LAL03,SCIENCES DE LA MATIERE,U25,C. UNIV. NAAMA,,NC,,not_applicable,,not_applicable,59
C01LAL01,INFORMATIQUE,U25,C. UNIV. NAAMA,10.93,value,11.31,value,,not_applicable,59
C02LAL01,MATHEMATIQUES,U25,C. UNIV. NAAMA,,NC,,NC,,not_applicable,59
D00LAL01,SCIENCES DE LA NATURE ET DE LA VIE,U25,C. UNIV. NAAMA,,NC,,NC,,not_applicable,59
D03TCL01,SCIENCES AGRONOMIQUES,U25,C. UNIV. NAAMA,,NC,,NC,,not_applicable,59
F00LAL01,"SCIENCES ECONOMIQUES, DE GESTION ET COMMERCIALES",U25,C. UNIV. NAAMA,,NC,,NC,,NC,60
G02LAL01,DROIT,U25,C. UNIV. NAAMA,,NC,,NC,,NC,60
H01LAL01,LANGUE FRANCAISE,U25,C. UNIV. NAAMA,,NC,,NC,,NC,60
H03IAL25,"TRADUCTION INTERPRETARIAT (ARABE, FRANCAIS, ANGLAIS)",U25,C. UNIV. NAAMA,,NC,,NC,,not_applicable,60
H06LAL01,LANGUE ANGLAISE,U25,C. UNIV. NAAMA,,NC,,NC,,NC,60
I17LAL02,SCIENCES HUMAINES,U25,C. UNIV. NAAMA,,NC,,NC,,not_applicable,60
I19LAL03,SCIENCES SOCIALES,U25,C. UNIV. NAAMA,10.0,value,11.49,value,,not_applicable,60
I20LAL02,SCIENCES ISLAMIQUES,U25,C. UNIV. NAAMA,10.54,value,11.25,value,,not_applicable,60
L00LAL01,LANGUE ET LITTERATURE ARABES,U25,C. UNIV. NAAMA,,NC,,NC,,not_applicable,60
A00LAL02,SCIENCES ET TECHNOLOGIES,U22,UNIV. AIN TEMOUCHENT,,NC,,not_applicable,,not_applicable,60
A05TCL01,GENIE CIVIL,U22,UNIV. AIN TEMOUCHENT,,NC,,not_applicable,,not_applicable,60
A08TCL01,GENIE DES PROCEDES,U22,UNIV. AIN TEMOUCHENT,,NC,,not_applicable,,not_applicable,60
A16TCL01,ELECTROTECHNIQUE,U22,UNIV. AIN TEMOUCHENT,,NC,,not_applicable,,not_applicable,60
A19TCL01,GENIE MECANIQUE,U22,UNIV. AIN TEMOUCHENT,,NC,,not_applicable,,not_applicable,60
B00LAL01,SCIENCES DE LA MATIERE,U22,UNIV. AIN TEMOUCHENT,,NC,,not_applicable,,not_applicable,60
C01LAL02,INFORMATIQUE,U22,UNIV. AIN TEMOUCHENT,11.34,value,11.79,value,,not_applicable,60
C02LAL02,MATHEMATIQUES,U22,UNIV. AIN TEMOUCHENT,,NC,,NC,,not_applicable,60
D00LAL02,SCIENCES DE LA NATURE ET DE LA VIE,U22,UNIV. AIN TEMOUCHENT,,NC,,NC,,not_applicable,60
D03TCL01,SCIENCES AGRONOMIQUES,U22,UNIV. AIN TEMOUCHENT,,NC,,NC,,not_applicable,60
F00LAL03,"SCIENCES ECONOMIQUES, DE GESTION ET COMMERCIALES",U22,UNIV. AIN TEMOUCHENT,10.2,value,11.44,value,12.78,value,60
G02LAL02,DROIT,U22,UNIV. AIN TEMOUCHENT,,NC,,NC,,NC,60
H01LAL03,LANGUE FRANCAISE,U22,UNIV. AIN TEMOUCHENT,,NC,,NC,,NC,60
H02LAL01,LANGUE ESPAGNOLE,U22,UNIV. AIN TEMOUCHENT,12.29,value,,none_assigned,,none_assigned,60
H06LAL02,LANGUE ANGLAISE,U22,UNIV. AIN TEMOUCHENT,11.69,value,12.58,value,13.41,value,61
I17LAL02,SCIENCES HUMAINES,U22,UNIV. AIN TEMOUCHENT,,NC,,NC,,not_applicable,61
I19LAL02,SCIENCES SOCIALES,U22,UNIV. AIN TEMOUCHENT,,NC,,NC,,not_applicable,61
L00LAL03,LANGUE ET LITTERATURE ARABES,U22,UNIV. AIN TEMOUCHENT,10.05,value,10.76,value,,not_applicable,61
A00LAL01,SCIENCES ET TECHNOLOGIES,C32,UNIV. GHARDAIA,,NC,,not_applicable,,not_applicable,61
A05TCL01,GENIE CIVIL,C32,UNIV. GHARDAIA,,NC,,not_applicable,,not_applicable,61
A08TCL01,GENIE DES PROCEDES,C32,UNIV. GHARDAIA,,NC,,not_applicable,,not_applicable,61
A09FPN03,ENERGIES RENOUVELABLES (FORMATIONS PROFESSIONNALISANTES),C32,UNIV. GHARDAIA,11.54,value,,not_applicable,,not_applicable,61
A16TCL01,ELECTROTECHNIQUE,C32,UNIV. GHARDAIA,,NC,,not_applicable,,not_applicable,61
A19TCL01,GENIE MECANIQUE,C32,UNIV. GHARDAIA,,NC,,not_applicable,,not_applicable,61
B00LAL03,SCIENCES DE LA MATIERE,C32,UNIV. GHARDAIA,,NC,,not_applicable,,not_applicable,61
C01LAL03,INFORMATIQUE,C32,UNIV. GHARDAIA,,NC,,NC,,not_applicable,61
C02LAL03,MATHEMATIQUES,C32,UNIV. GHARDAIA,,NC,,NC,,not_applicable,61
D00LAL02,SCIENCES DE LA NATURE ET DE LA VIE,C32,UNIV. GHARDAIA,,NC,,NC,,not_applicable,61
D03TCL01,SCIENCES AGRONOMIQUES,C32,UNIV. GHARDAIA,,NC,,NC,,not_applicable,61
F00LAL02,"SCIENCES ECONOMIQUES, DE GESTION ET COMMERCIALES",C32,UNIV. GHARDAIA,,NC,,NC,,NC,61
G02LAL03,DROIT,C32,UNIV. GHARDAIA,,NC,,NC,,NC,61
H01LAL02,LANGUE FRANCAISE,C32,UNIV. GHARDAIA,,NC,,NC,,NC,61
H06LAL01,LANGUE ANGLAISE,C32,UNIV. GHARDAIA,,NC,,NC,,NC,61
I17LAL02,SCIENCES HUMAINES,C32,UNIV. GHARDAIA,,NC,,NC,,not_applicable,61
I19LAL02,SCIENCES SOCIALES,C32,UNIV. GHARDAIA,,NC,,NC,,not_applicable,61
I20LAL02,SCIENCES ISLAMIQUES,C32,UNIV. GHARDAIA,,NC,,NC,,not_applicable,61
L00LAL02,LANGUE ET LITTERATURE ARABES,C32,UNIV. GHARDAIA,,NC,,NC,,not_applicable,61
A00LAL05,SCIENCES ET TECHNOLOGIES,U23,UNIV. RELIZANE,10.98,value,,not_applicable,,not_applicable,62
A05TCL01,GENIE CIVIL,U23,UNIV. RELIZANE,12.43,value,,not_applicable,,not_applicable,62
A08FPN01,GENIE DES PROCEDES (FORMATIONS PROFESSIONNALISANTES),U23,UNIV. RELIZANE,11.27,value,,not_applicable,,not_applicable,62
A08TCL01,GENIE DES PROCEDES,U23,UNIV. RELIZANE,11.15,value,,not_applicable,,not_applicable,62
A16TCL01,ELECTROTECHNIQUE,U23,UNIV. RELIZANE,,NC,,not_applicable,,not_applicable,62
A19TCL01,GENIE MECANIQUE,U23,UNIV. RELIZANE,11.09,value,,not_applicable,,not_applicable,62
B00LAL01,SCIENCES DE LA MATIERE,U23,UNIV. RELIZANE,10.04,value,,not_applicable,,not_applicable,62
C01LAL01,INFORMATIQUE,U23,UNIV. RELIZANE,12.07,value,12.51,value,,not_applicable,62
C02LAL01,MATHEMATIQUES,U23,UNIV. RELIZANE,10.75,value,10.31,value,,not_applicable,62
D00LAL03,SCIENCES DE LA NATURE ET DE LA VIE,U23,UNIV. RELIZANE,10.93,value,12.82,value,,not_applicable,62
D03TCL01,SCIENCES AGRONOMIQUES,U23,UNIV. RELIZANE,10.0,value,10.29,value,,not_applicable,62
F00LAL01,"SCIENCES ECONOMIQUES, DE GESTION ET COMMERCIALES",U23,UNIV. RELIZANE,10.45,value,11.57,value,12.89,value,62
F01LPL01,MANAGEMENT DES SYSTEMES D INFORMATIONS DE SANTE,U23,UNIV. RELIZANE,12.0,value,,not_applicable,,not_applicable,62
F02LAL01,NEGOCIATION ET TECHNOLOGIE FINANCIERE,U23,UNIV. RELIZANE,,NC,,not_applicable,,not_applicable,62
F03LPL01,COMMUNICATION MARKETING ET GESTION DE LA RELATION CLIENT,U23,UNIV. RELIZANE,,NC,,not_applicable,,not_applicable,62
F04LAL01,TRADING ET LES MARCHES FINANCIERS,U23,UNIV. RELIZANE,,NC,,not_applicable,,not_applicable,62
G01LAL02,SCIENCES POLITIQUES,U23,UNIV. RELIZANE,,NC,,NC,,NC,62
G02LAL01,DROIT,U23,UNIV. RELIZANE,10.0,value,10.39,value,11.16,value,62
H01LAL01,LANGUE FRANCAISE,U23,UNIV. RELIZANE,,NC,,NC,,NC,62
H06LAL01,LANGUE ANGLAISE,U23,UNIV. RELIZANE,11.99,value,12.85,value,13.75,value,62
I10LAL01,SOCIOLOGIE DE LOISIR ET DU VOYAGE,U23,UNIV. RELIZANE,,NC,,not_applicable,,not_applicable,62
I17LAL01,SCIENCES HUMAINES,U23,UNIV. RELIZANE,,NC,,NC,,not_applicable,62
I19LAL01,SCIENCES SOCIALES,U23,UNIV. RELIZANE,,NC,,NC,,not_applicable,63
I20LAL02,SCIENCES ISLAMIQUES,U23,UNIV. RELIZANE,,NC,,NC,,not_applicable,63
L00LAL01,LANGUE ET LITTERATURE ARABES,U23,UNIV. RELIZANE,10.19,value,10.9,value,,not_applicable,63
L00PPL01,ARABE (P.E.P) -- pour bacheliers ADRAR,B35,UNIVERSITE D ADRAR (ECOLE NORMALE SUPERIEURE DE BECHAR),,NC,,NC,,not_applicable,63
L00PPL01,ARABE (P.E.P) -- pour bacheliers TIMIMOUN,B35,UNIVERSITE D ADRAR (ECOLE NORMALE SUPERIEURE DE BECHAR),,NC,,NC,,not_applicable,63
L00PPL01,ARABE (P.E.P) -- pour bacheliers BORDJ BADJI MOKHTAR,B35,UNIVERSITE D ADRAR (ECOLE NORMALE SUPERIEURE DE BECHAR),,NC,,NC,,not_applicable,63
B00PML01,SCIENCES PHYSIQUE ET TECHNOLOGIE (P.E.M) -- pour bacheliers CHLEF,B05,ANNEXE CHLEF (ECOLE NORMALE SUPERIEURE DE MOSTAGANEM),15.15,value,15.98,value,,not_applicable,63
B00PML01,SCIENCES PHYSIQUE ET TECHNOLOGIE (P.E.M) -- pour bacheliers TISSEMSILT,B05,ANNEXE CHLEF (ECOLE NORMALE SUPERIEURE DE MOSTAGANEM),15.14,value,16.14,value,,not_applicable,63
B00PML01,SCIENCES PHYSIQUE ET TECHNOLOGIE (P.E.M) -- pour bacheliers AIN-DEFLA,B05,ANNEXE CHLEF (ECOLE NORMALE SUPERIEURE DE MOSTAGANEM),15.1,value,15.88,value,,not_applicable,63
C02PML01,MATHEMATIQUES (P.E.M) -- pour bacheliers CHLEF,B05,ANNEXE CHLEF (ECOLE NORMALE SUPERIEURE DE MOSTAGANEM),14.69,value,15.39,value,,not_applicable,63
C02PML01,MATHEMATIQUES (P.E.M) -- pour bacheliers TISSEMSILT,B05,ANNEXE CHLEF (ECOLE NORMALE SUPERIEURE DE MOSTAGANEM),15.11,value,16.28,value,,not_applicable,63
C02PSL01,MATHEMATIQUES (P.E.S.) -- pour bacheliers CHLEF,B05,ANNEXE CHLEF (ECOLE NORMALE SUPERIEURE DE MOSTAGANEM),15.88,value,16.69,value,,not_applicable,63
C02PSL01,MATHEMATIQUES (P.E.S.) -- pour bacheliers AIN- TEMOUCHENT,B05,ANNEXE CHLEF (ECOLE NORMALE SUPERIEURE DE MOSTAGANEM),14.34,value,15.02,value,,not_applicable,63
C02PSL01,MATHEMATIQUES (P.E.S.) -- pour bacheliers RELIZANE,B05,ANNEXE CHLEF (ECOLE NORMALE SUPERIEURE DE MOSTAGANEM),15.55,value,16.26,value,,not_applicable,63
D00PML01,SCIENCES NATURELLES (P.E.M) -- pour bacheliers CHLEF,B05,ANNEXE CHLEF (ECOLE NORMALE SUPERIEURE DE MOSTAGANEM),15.37,value,,not_applicable,,not_applicable,63
D00PML01,SCIENCES NATURELLES (P.E.M) -- pour bacheliers TISSEMSILT,B05,ANNEXE CHLEF (ECOLE NORMALE SUPERIEURE DE MOSTAGANEM),15.68,value,,not_applicable,,not_applicable,64
D00PML01,SCIENCES NATURELLES (P.E.M) -- pour bacheliers AIN- DEFLA,B05,ANNEXE CHLEF (ECOLE NORMALE SUPERIEURE DE MOSTAGANEM),15.47,value,,not_applicable,,not_applicable,64
D00PML01,SCIENCES NATURELLES (P.E.M) -- pour bacheliers RELIZANE,B05,ANNEXE CHLEF (ECOLE NORMALE SUPERIEURE DE MOSTAGANEM),15.53,value,,not_applicable,,not_applicable,64
D00PSL01,SCIENCES NATURELLES (P.E.S) -- pour bacheliers CHLEF,B05,ANNEXE CHLEF (ECOLE NORMALE SUPERIEURE DE MOSTAGANEM),16.04,value,,not_applicable,,not_applicable,64
D00PSL01,SCIENCES NATURELLES (P.E.S) -- pour bacheliers MOSTAGANEM,B05,ANNEXE CHLEF (ECOLE NORMALE SUPERIEURE DE MOSTAGANEM),15.5,value,,not_applicable,,not_applicable,64
D00PSL01,SCIENCES NATURELLES (P.E.S) -- pour bacheliers TIPAZA,B05,ANNEXE CHLEF (ECOLE NORMALE SUPERIEURE DE MOSTAGANEM),14.92,value,,not_applicable,,not_applicable,64
D00PSL01,SCIENCES NATURELLES (P.E.S) -- pour bacheliers AIN-DEFLA,B05,ANNEXE CHLEF (ECOLE NORMALE SUPERIEURE DE MOSTAGANEM),16.18,value,,not_applicable,,not_applicable,64
H01PML01,LANGUE FRANCAISE (P.E.M) -- pour bacheliers CHLEF,B05,ANNEXE CHLEF (ECOLE NORMALE SUPERIEURE DE MOSTAGANEM),14.11,value,14.11,value,,not_applicable,64
H01PML01,LANGUE FRANCAISE (P.E.M) -- pour bacheliers TISSEMSILT,B05,ANNEXE CHLEF (ECOLE NORMALE SUPERIEURE DE MOSTAGANEM),14.17,value,14.21,value,,not_applicable,64
H01PPL01,FRANCAIS (P.E.P) -- pour bacheliers CHLEF,B05,ANNEXE CHLEF (ECOLE NORMALE SUPERIEURE DE MOSTAGANEM),13.4,value,13.95,value,,not_applicable,64
H01PPL01,FRANCAIS (P.E.P) -- pour bacheliers TISSEMSILT,B05,ANNEXE CHLEF (ECOLE NORMALE SUPERIEURE DE MOSTAGANEM),13.63,value,14.25,value,,not_applicable,64
H06PML01,LANGUE ANGLAISE (P.E.M) -- pour bacheliers CHLEF,B05,ANNEXE CHLEF (ECOLE NORMALE SUPERIEURE DE MOSTAGANEM),14.69,value,15.51,value,,not_applicable,64
H06PML01,LANGUE ANGLAISE (P.E.M) -- pour bacheliers MOSTAGANEM,B05,ANNEXE CHLEF (ECOLE NORMALE SUPERIEURE DE MOSTAGANEM),,NC,,NC,,not_applicable,64
H06PML01,LANGUE ANGLAISE (P.E.M) -- pour bacheliers TISSEMSILT,B05,ANNEXE CHLEF (ECOLE NORMALE SUPERIEURE DE MOSTAGANEM),15.28,value,15.97,value,,not_applicable,64
H06PSL01,LANGUE ANGLAISE (P.E.S) -- pour bacheliers CHLEF,B05,ANNEXE CHLEF (ECOLE NORMALE SUPERIEURE DE MOSTAGANEM),15.86,value,16.38,value,,not_applicable,65
H06PSL01,LANGUE ANGLAISE (P.E.S) -- pour bacheliers TISSEMSILT,B05,ANNEXE CHLEF (ECOLE NORMALE SUPERIEURE DE MOSTAGANEM),16.79,value,17.52,value,,not_applicable,65
H06PSL01,LANGUE ANGLAISE (P.E.S) -- pour bacheliers AIN- TEMOUCHENT,B05,ANNEXE CHLEF (ECOLE NORMALE SUPERIEURE DE MOSTAGANEM),,NC,,NC,,not_applicable,65
H06PSL01,LANGUE ANGLAISE (P.E.S) -- pour bacheliers RELIZANE,B05,ANNEXE CHLEF (ECOLE NORMALE SUPERIEURE DE MOSTAGANEM),15.81,value,16.75,value,,not_applicable,65
I00PML01,HISTOIRE GEOGRAPHIE (P.E.M) -- pour bacheliers CHLEF,B05,ANNEXE CHLEF (ECOLE NORMALE SUPERIEURE DE MOSTAGANEM),14.21,value,14.82,value,,not_applicable,65
I00PML01,HISTOIRE GEOGRAPHIE (P.E.M) -- pour bacheliers TISSEMSILT,B05,ANNEXE CHLEF (ECOLE NORMALE SUPERIEURE DE MOSTAGANEM),14.54,value,15.28,value,,not_applicable,65
I00PML01,HISTOIRE GEOGRAPHIE (P.E.M) -- pour bacheliers AIN-DEFLA,B05,ANNEXE CHLEF (ECOLE NORMALE SUPERIEURE DE MOSTAGANEM),14.15,value,14.85,value,,not_applicable,65
I00PML01,HISTOIRE GEOGRAPHIE (P.E.M) -- pour bacheliers RELIZANE,B05,ANNEXE CHLEF (ECOLE NORMALE SUPERIEURE DE MOSTAGANEM),14.1,value,14.83,value,,not_applicable,65
I00PSL01,HISTOIRE GEOGRAPHIE (P.E.S) -- pour bacheliers CHLEF,B05,ANNEXE CHLEF (ECOLE NORMALE SUPERIEURE DE MOSTAGANEM),14.74,value,15.44,value,,not_applicable,65
I00PSL01,HISTOIRE GEOGRAPHIE (P.E.S) -- pour bacheliers SAIDA,B05,ANNEXE CHLEF (ECOLE NORMALE SUPERIEURE DE MOSTAGANEM),,NC,,NC,,not_applicable,65
I00PSL01,HISTOIRE GEOGRAPHIE (P.E.S) -- pour bacheliers SIDIBEL- ABBES,B05,ANNEXE CHLEF (ECOLE NORMALE SUPERIEURE DE MOSTAGANEM),,NC,,NC,,not_applicable,65
I00PSL01,HISTOIRE GEOGRAPHIE (P.E.S) -- pour bacheliers MOSTAGANEM,B05,ANNEXE CHLEF (ECOLE NORMALE SUPERIEURE DE MOSTAGANEM),14.59,value,15.31,value,,not_applicable,65
I00PSL01,HISTOIRE GEOGRAPHIE (P.E.S) -- pour bacheliers MASCARA,B05,ANNEXE CHLEF (ECOLE NORMALE SUPERIEURE DE MOSTAGANEM),,none_assigned,15.66,value,,not_applicable,65
I00PSL01,HISTOIRE GEOGRAPHIE (P.E.S) -- pour bacheliers TISSEMSILT,B05,ANNEXE CHLEF (ECOLE NORMALE SUPERIEURE DE MOSTAGANEM),16.24,value,16.32,value,,not_applicable,65
I00PSL01,HISTOIRE GEOGRAPHIE (P.E.S) -- pour bacheliers NAAMA,B05,ANNEXE CHLEF (ECOLE NORMALE SUPERIEURE DE MOSTAGANEM),14.07,value,14.12,value,,not_applicable,66
I00PSL01,HISTOIRE GEOGRAPHIE (P.E.S) -- pour bacheliers RELIZANE,B05,ANNEXE CHLEF (ECOLE NORMALE SUPERIEURE DE MOSTAGANEM),14.98,value,15.7,value,,not_applicable,66
J00PML01,EDUCATION PHYSIQUE ET SPORTIVE (P.E.M) -- pour bacheliers ADRAR,B05,ANNEXE CHLEF (ECOLE NORMALE SUPERIEURE DE MOSTAGANEM),13.17,value,,not_applicable,,not_applicable,66
J00PML01,EDUCATION PHYSIQUE ET SPORTIVE (P.E.M) -- pour bacheliers CHLEF,B05,ANNEXE CHLEF (ECOLE NORMALE SUPERIEURE DE MOSTAGANEM),15.0,value,,not_applicable,,not_applicable,66
J00PML01,EDUCATION PHYSIQUE ET SPORTIVE (P.E.M) -- pour bacheliers BECHAR,B05,ANNEXE CHLEF (ECOLE NORMALE SUPERIEURE DE MOSTAGANEM),13.12,value,,not_applicable,,not_applicable,66
J00PML01,EDUCATION PHYSIQUE ET SPORTIVE (P.E.M) -- pour bacheliers BLIDA,B05,ANNEXE CHLEF (ECOLE NORMALE SUPERIEURE DE MOSTAGANEM),12.41,value,,not_applicable,,not_applicable,66
J00PML01,EDUCATION PHYSIQUE ET SPORTIVE (P.E.M) -- pour bacheliers TLEMCEN,B05,ANNEXE CHLEF (ECOLE NORMALE SUPERIEURE DE MOSTAGANEM),14.49,value,,not_applicable,,not_applicable,66
J00PML01,EDUCATION PHYSIQUE ET SPORTIVE (P.E.M) -- pour bacheliers SAIDA,B05,ANNEXE CHLEF (ECOLE NORMALE SUPERIEURE DE MOSTAGANEM),14.15,value,,not_applicable,,not_applicable,66
J00PML01,EDUCATION PHYSIQUE ET SPORTIVE (P.E.M) -- pour bacheliers SIDIBEL-ABBES,B05,ANNEXE CHLEF (ECOLE NORMALE SUPERIEURE DE MOSTAGANEM),15.32,value,,not_applicable,,not_applicable,66
J00PML01,EDUCATION PHYSIQUE ET SPORTIVE (P.E.M) -- pour bacheliers MOSTAGANEM,B05,ANNEXE CHLEF (ECOLE NORMALE SUPERIEURE DE MOSTAGANEM),14.42,value,,not_applicable,,not_applicable,66
J00PML01,EDUCATION PHYSIQUE ET SPORTIVE (P.E.M) -- pour bacheliers MASCARA,B05,ANNEXE CHLEF (ECOLE NORMALE SUPERIEURE DE MOSTAGANEM),15.27,value,,not_applicable,,not_applicable,66
J00PML01,EDUCATION PHYSIQUE ET SPORTIVE (P.E.M) -- pour bacheliers ORAN,B05,ANNEXE CHLEF (ECOLE NORMALE SUPERIEURE DE MOSTAGANEM),13.32,value,,not_applicable,,not_applicable,66
J00PML01,EDUCATION PHYSIQUE ET SPORTIVE (P.E.M) -- pour bacheliers EL BAYADH,B05,ANNEXE CHLEF (ECOLE NORMALE SUPERIEURE DE MOSTAGANEM),14.73,value,,not_applicable,,not_applicable,66
J00PML01,EDUCATION PHYSIQUE ET SPORTIVE (P.E.M) -- pour bacheliers AIN-DEFLA,B05,ANNEXE CHLEF (ECOLE NORMALE SUPERIEURE DE MOSTAGANEM),14.57,value,,not_applicable,,not_applicable,66
J00PML01,EDUCATION PHYSIQUE ET SPORTIVE (P.E.M) -- pour bacheliers NAAMA,B05,ANNEXE CHLEF (ECOLE NORMALE SUPERIEURE DE MOSTAGANEM),14.26,value,,not_applicable,,not_applicable,67
J00PML01,EDUCATION PHYSIQUE ET SPORTIVE (P.E.M) -- pour bacheliers AIN-TEMOUCHENT,B05,ANNEXE CHLEF (ECOLE NORMALE SUPERIEURE DE MOSTAGANEM),14.25,value,,not_applicable,,not_applicable,67
J00PML01,EDUCATION PHYSIQUE ET SPORTIVE (P.E.M) -- pour bacheliers RELIZANE,B05,ANNEXE CHLEF (ECOLE NORMALE SUPERIEURE DE MOSTAGANEM),14.99,value,,not_applicable,,not_applicable,67
J00PML01,EDUCATION PHYSIQUE ET SPORTIVE (P.E.M) -- pour bacheliers BENI ABBES,B05,ANNEXE CHLEF (ECOLE NORMALE SUPERIEURE DE MOSTAGANEM),12.71,value,,not_applicable,,not_applicable,67
J00PPL01,EDUCATION PHYSIQUE ET SPORTIVE (P.E.P) -- pour bacheliers CHLEF,B05,ANNEXE CHLEF (ECOLE NORMALE SUPERIEURE DE MOSTAGANEM),14.65,value,,not_applicable,,not_applicable,67
J00PPL01,EDUCATION PHYSIQUE ET SPORTIVE (P.E.P) -- pour bacheliers AIN-TEMOUCHENT,B05,ANNEXE CHLEF (ECOLE NORMALE SUPERIEURE DE MOSTAGANEM),14.15,value,,not_applicable,,not_applicable,67
J00PPL01,EDUCATION PHYSIQUE ET SPORTIVE (P.E.P) -- pour bacheliers RELIZANE,B05,ANNEXE CHLEF (ECOLE NORMALE SUPERIEURE DE MOSTAGANEM),14.89,value,,not_applicable,,not_applicable,67
J00PSL01,EDUCATION PHYSIQUE ET SPORTIVE (P.E.S) -- pour bacheliers ADRAR,B05,ANNEXE CHLEF (ECOLE NORMALE SUPERIEURE DE MOSTAGANEM),13.83,value,,not_applicable,,not_applicable,67
J00PSL01,EDUCATION PHYSIQUE ET SPORTIVE (P.E.S) -- pour bacheliers CHLEF,B05,ANNEXE CHLEF (ECOLE NORMALE SUPERIEURE DE MOSTAGANEM),15.63,value,,not_applicable,,not_applicable,67
J00PSL01,EDUCATION PHYSIQUE ET SPORTIVE (P.E.S) -- pour bacheliers BECHAR,B05,ANNEXE CHLEF (ECOLE NORMALE SUPERIEURE DE MOSTAGANEM),,none_assigned,,not_applicable,,not_applicable,67
J00PSL01,EDUCATION PHYSIQUE ET SPORTIVE (P.E.S) -- pour bacheliers BLIDA,B05,ANNEXE CHLEF (ECOLE NORMALE SUPERIEURE DE MOSTAGANEM),13.62,value,,not_applicable,,not_applicable,67
J00PSL01,EDUCATION PHYSIQUE ET SPORTIVE (P.E.S) -- pour bacheliers TLEMCEN,B05,ANNEXE CHLEF (ECOLE NORMALE SUPERIEURE DE MOSTAGANEM),14.84,value,,not_applicable,,not_applicable,67
J00PSL01,EDUCATION PHYSIQUE ET SPORTIVE (P.E.S) -- pour bacheliers SAIDA,B05,ANNEXE CHLEF (ECOLE NORMALE SUPERIEURE DE MOSTAGANEM),14.68,value,,not_applicable,,not_applicable,67
J00PSL01,EDUCATION PHYSIQUE ET SPORTIVE (P.E.S) -- pour bacheliers SIDIBEL-ABBES,B05,ANNEXE CHLEF (ECOLE NORMALE SUPERIEURE DE MOSTAGANEM),15.63,value,,not_applicable,,not_applicable,67
J00PSL01,EDUCATION PHYSIQUE ET SPORTIVE (P.E.S) -- pour bacheliers MOSTAGANEM,B05,ANNEXE CHLEF (ECOLE NORMALE SUPERIEURE DE MOSTAGANEM),15.56,value,,not_applicable,,not_applicable,68
J00PSL01,EDUCATION PHYSIQUE ET SPORTIVE (P.E.S) -- pour bacheliers MASCARA,B05,ANNEXE CHLEF (ECOLE NORMALE SUPERIEURE DE MOSTAGANEM),15.92,value,,not_applicable,,not_applicable,68
J00PSL01,EDUCATION PHYSIQUE ET SPORTIVE (P.E.S) -- pour bacheliers ORAN,B05,ANNEXE CHLEF (ECOLE NORMALE SUPERIEURE DE MOSTAGANEM),13.13,value,,not_applicable,,not_applicable,68
J00PSL01,EDUCATION PHYSIQUE ET SPORTIVE (P.E.S) -- pour bacheliers EL BAYADH,B05,ANNEXE CHLEF (ECOLE NORMALE SUPERIEURE DE MOSTAGANEM),15.81,value,,not_applicable,,not_applicable,68
J00PSL01,EDUCATION PHYSIQUE ET SPORTIVE (P.E.S) -- pour bacheliers AIN-DEFLA,B05,ANNEXE CHLEF (ECOLE NORMALE SUPERIEURE DE MOSTAGANEM),15.29,value,,not_applicable,,not_applicable,68
J00PSL01,EDUCATION PHYSIQUE ET SPORTIVE (P.E.S) -- pour bacheliers NAAMA,B05,ANNEXE CHLEF (ECOLE NORMALE SUPERIEURE DE MOSTAGANEM),15.42,value,,not_applicable,,not_applicable,68
J00PSL01,EDUCATION PHYSIQUE ET SPORTIVE (P.E.S) -- pour bacheliers AIN-TEMOUCHENT,B05,ANNEXE CHLEF (ECOLE NORMALE SUPERIEURE DE MOSTAGANEM),15.07,value,,not_applicable,,not_applicable,68
J00PSL01,EDUCATION PHYSIQUE ET SPORTIVE (P.E.S) -- pour bacheliers RELIZANE,B05,ANNEXE CHLEF (ECOLE NORMALE SUPERIEURE DE MOSTAGANEM),16.0,value,,not_applicable,,not_applicable,68
L00PML01,LANGUE ET LITTERATURE ARABES (P.E.M) -- pour bacheliers CHLEF,B05,ANNEXE CHLEF (ECOLE NORMALE SUPERIEURE DE MOSTAGANEM),14.0,value,14.58,value,,not_applicable,68
L00PPL01,ARABE (P.E.P) -- pour bacheliers CHLEF,B05,ANNEXE CHLEF (ECOLE NORMALE SUPERIEURE DE MOSTAGANEM),13.2,value,13.9,value,,not_applicable,68
L00PSL01,LANGUE ET LITTERATURE ARABES (P.E.S) -- pour bacheliers CHLEF,B05,ANNEXE CHLEF (ECOLE NORMALE SUPERIEURE DE MOSTAGANEM),14.68,value,15.36,value,,not_applicable,68
B00PML01,SCIENCES PHYSIQUE ET TECHNOLOGIE (P.E.M) -- pour bacheliers LAGHOUAT,C42,ECOLE NORMALE SUPERIEURE DE LAGHOUAT,14.47,value,15.06,value,,not_applicable,68
B00PML01,SCIENCES PHYSIQUE ET TECHNOLOGIE (P.E.M) -- pour bacheliers TIARET,C42,ECOLE NORMALE SUPERIEURE DE LAGHOUAT,15.14,value,,none_assigned,,not_applicable,68
B00PML01,SCIENCES PHYSIQUE ET TECHNOLOGIE (P.E.M) -- pour bacheliers DJELFA,C42,ECOLE NORMALE SUPERIEURE DE LAGHOUAT,14.37,value,15.07,value,,not_applicable,68
B00PSL01,SCIENCES PHYSIQUES (P.E.S.) -- pour bacheliers LAGHOUAT,C42,ECOLE NORMALE SUPERIEURE DE LAGHOUAT,15.61,value,16.52,value,,not_applicable,68
B00PSL01,SCIENCES PHYSIQUES (P.E.S.) -- pour bacheliers DJELFA,C42,ECOLE NORMALE SUPERIEURE DE LAGHOUAT,15.19,value,15.91,value,,not_applicable,69
C01PSL01,INFORMATIQUE (P.E.S) -- pour bacheliers LAGHOUAT,C42,ECOLE NORMALE SUPERIEURE DE LAGHOUAT,15.25,value,,none_assigned,,not_applicable,69
C01PSL01,INFORMATIQUE (P.E.S) -- pour bacheliers BEJAIA,C42,ECOLE NORMALE SUPERIEURE DE LAGHOUAT,,NC,,NC,,not_applicable,69
C01PSL01,INFORMATIQUE (P.E.S) -- pour bacheliers BISKRA,C42,ECOLE NORMALE SUPERIEURE DE LAGHOUAT,14.69,value,15.38,value,,not_applicable,69
C01PSL01,INFORMATIQUE (P.E.S) -- pour bacheliers TIARET,C42,ECOLE NORMALE SUPERIEURE DE LAGHOUAT,,none_assigned,,none_assigned,,not_applicable,69
C01PSL01,INFORMATIQUE (P.E.S) -- pour bacheliers DJELFA,C42,ECOLE NORMALE SUPERIEURE DE LAGHOUAT,16.03,value,,none_assigned,,not_applicable,69
C01PSL01,INFORMATIQUE (P.E.S) -- pour bacheliers MASCARA,C42,ECOLE NORMALE SUPERIEURE DE LAGHOUAT,15.05,value,,none_assigned,,not_applicable,69
C01PSL01,INFORMATIQUE (P.E.S) -- pour bacheliers OUARGLA,C42,ECOLE NORMALE SUPERIEURE DE LAGHOUAT,,NC,,NC,,not_applicable,69
C01PSL01,INFORMATIQUE (P.E.S) -- pour bacheliers TISSEMSILT,C42,ECOLE NORMALE SUPERIEURE DE LAGHOUAT,,none_assigned,,none_assigned,,not_applicable,69
C01PSL01,INFORMATIQUE (P.E.S) -- pour bacheliers EL OUED,C42,ECOLE NORMALE SUPERIEURE DE LAGHOUAT,14.83,value,15.61,value,,not_applicable,69
C01PSL01,INFORMATIQUE (P.E.S) -- pour bacheliers GHARDAIA,C42,ECOLE NORMALE SUPERIEURE DE LAGHOUAT,15.19,value,16.09,value,,not_applicable,69
C01PSL01,INFORMATIQUE (P.E.S) -- pour bacheliers OULED DJELLAL,C42,ECOLE NORMALE SUPERIEURE DE LAGHOUAT,15.06,value,,none_assigned,,not_applicable,69
C01PSL01,INFORMATIQUE (P.E.S) -- pour bacheliers IN SALAH,C42,ECOLE NORMALE SUPERIEURE DE LAGHOUAT,,none_assigned,,none_assigned,,not_applicable,69
C01PSL01,INFORMATIQUE (P.E.S) -- pour bacheliers EL MGHAIER,C42,ECOLE NORMALE SUPERIEURE DE LAGHOUAT,,NC,,NC,,not_applicable,69
C01PSL01,INFORMATIQUE (P.E.S) -- pour bacheliers EL MENIAA,C42,ECOLE NORMALE SUPERIEURE DE LAGHOUAT,16.06,value,16.12,value,,not_applicable,69
C02PML01,MATHEMATIQUES (P.E.M) -- pour bacheliers LAGHOUAT,C42,ECOLE NORMALE SUPERIEURE DE LAGHOUAT,14.02,value,14.7,value,,not_applicable,69
C02PML01,MATHEMATIQUES (P.E.M) -- pour bacheliers TIARET,C42,ECOLE NORMALE SUPERIEURE DE LAGHOUAT,14.86,value,15.64,value,,not_applicable,69
C02PML01,MATHEMATIQUES (P.E.M) -- pour bacheliers DJELFA,C42,ECOLE NORMALE SUPERIEURE DE LAGHOUAT,14.05,value,14.75,value,,not_applicable,69
C02PSL01,MATHEMATIQUES (P.E.S.) -- pour bacheliers LAGHOUAT,C42,ECOLE NORMALE SUPERIEURE DE LAGHOUAT,14.96,value,15.69,value,,not_applicable,69
C02PSL01,MATHEMATIQUES (P.E.S.) -- pour bacheliers DJELFA,C42,ECOLE NORMALE SUPERIEURE DE LAGHOUAT,15.22,value,16.0,value,,not_applicable,69
C02PSL01,MATHEMATIQUES (P.E.S.) -- pour bacheliers MEDEA,C42,ECOLE NORMALE SUPERIEURE DE LAGHOUAT,15.73,value,16.52,value,,not_applicable,69
C02PSL01,MATHEMATIQUES (P.E.S.) -- pour bacheliers GHARDAIA,C42,ECOLE NORMALE SUPERIEURE DE LAGHOUAT,15.61,value,16.21,value,,not_applicable,69
C02PSL01,MATHEMATIQUES (P.E.S.) -- pour bacheliers EL MENIAA,C42,ECOLE NORMALE SUPERIEURE DE LAGHOUAT,,none_assigned,15.88,value,,not_applicable,69
D00PML01,SCIENCES NATURELLES (P.E.M) -- pour bacheliers LAGHOUAT,C42,ECOLE NORMALE SUPERIEURE DE LAGHOUAT,14.81,value,,not_applicable,,not_applicable,69
D00PML01,SCIENCES NATURELLES (P.E.M) -- pour bacheliers TIARET,C42,ECOLE NORMALE SUPERIEURE DE LAGHOUAT,15.42,value,,not_applicable,,not_applicable,70
D00PML01,SCIENCES NATURELLES (P.E.M) -- pour bacheliers EL BAYADH,C42,ECOLE NORMALE SUPERIEURE DE LAGHOUAT,,NC,,not_applicable,,not_applicable,70
D00PSL01,SCIENCES NATURELLES (P.E.S) -- pour bacheliers LAGHOUAT,C42,ECOLE NORMALE SUPERIEURE DE LAGHOUAT,15.78,value,,not_applicable,,not_applicable,70
D00PSL01,SCIENCES NATURELLES (P.E.S) -- pour bacheliers TIARET,C42,ECOLE NORMALE SUPERIEURE DE LAGHOUAT,15.45,value,,not_applicable,,not_applicable,70
D00PSL01,SCIENCES NATURELLES (P.E.S) -- pour bacheliers DJELFA,C42,ECOLE NORMALE SUPERIEURE DE LAGHOUAT,15.95,value,,not_applicable,,not_applicable,70
D00PSL01,SCIENCES NATURELLES (P.E.S) -- pour bacheliers MEDEA,C42,ECOLE NORMALE SUPERIEURE DE LAGHOUAT,16.06,value,,not_applicable,,not_applicable,70
D00PSL01,SCIENCES NATURELLES (P.E.S) -- pour bacheliers EL BAYADH,C42,ECOLE NORMALE SUPERIEURE DE LAGHOUAT,15.55,value,,not_applicable,,not_applicable,70
D00PSL01,SCIENCES NATURELLES (P.E.S) -- pour bacheliers GHARDAIA,C42,ECOLE NORMALE SUPERIEURE DE LAGHOUAT,15.48,value,,not_applicable,,not_applicable,70
D00PSL01,SCIENCES NATURELLES (P.E.S) -- pour bacheliers EL MENIAA,C42,ECOLE NORMALE SUPERIEURE DE LAGHOUAT,15.7,value,,not_applicable,,not_applicable,70
H01PML01,LANGUE FRANCAISE (P.E.M) -- pour bacheliers LAGHOUAT,C42,ECOLE NORMALE SUPERIEURE DE LAGHOUAT,,NC,,NC,,not_applicable,70
H01PPL01,FRANCAIS (P.E.P) -- pour bacheliers LAGHOUAT,C42,ECOLE NORMALE SUPERIEURE DE LAGHOUAT,13.16,value,13.73,value,,not_applicable,70
H01PPL01,FRANCAIS (P.E.P) -- pour bacheliers GHARDAIA,C42,ECOLE NORMALE SUPERIEURE DE LAGHOUAT,13.24,value,13.23,value,,not_applicable,70
H01PPL01,FRANCAIS (P.E.P) -- pour bacheliers EL MENIAA,C42,ECOLE NORMALE SUPERIEURE DE LAGHOUAT,,NC,,NC,,not_applicable,70
H01PSL01,LANGUE FRANCAISE (P.E.S) -- pour bacheliers LAGHOUAT,C42,ECOLE NORMALE SUPERIEURE DE LAGHOUAT,,NC,,NC,,not_applicable,70
H01PSL01,LANGUE FRANCAISE (P.E.S) -- pour bacheliers TIARET,C42,ECOLE NORMALE SUPERIEURE DE LAGHOUAT,14.78,value,15.1,value,,not_applicable,70
H01PSL01,LANGUE FRANCAISE (P.E.S) -- pour bacheliers DJELFA,C42,ECOLE NORMALE SUPERIEURE DE LAGHOUAT,14.99,value,15.61,value,,not_applicable,70
H01PSL01,LANGUE FRANCAISE (P.E.S) -- pour bacheliers MEDEA,C42,ECOLE NORMALE SUPERIEURE DE LAGHOUAT,14.58,value,14.93,value,,not_applicable,70
H06PML01,LANGUE ANGLAISE (P.E.M) -- pour bacheliers LAGHOUAT,C42,ECOLE NORMALE SUPERIEURE DE LAGHOUAT,14.13,value,14.48,value,,not_applicable,70
H06PML01,LANGUE ANGLAISE (P.E.M) -- pour bacheliers TIARET,C42,ECOLE NORMALE SUPERIEURE DE LAGHOUAT,15.65,value,16.63,value,,not_applicable,70
H06PML01,LANGUE ANGLAISE (P.E.M) -- pour bacheliers GHARDAIA,C42,ECOLE NORMALE SUPERIEURE DE LAGHOUAT,14.31,value,14.77,value,,not_applicable,70
H06PML01,LANGUE ANGLAISE (P.E.M) -- pour bacheliers EL MENIAA,C42,ECOLE NORMALE SUPERIEURE DE LAGHOUAT,,NC,,NC,,not_applicable,70
H06PPL01,LANGUE ANGLAISE (P.E.P) -- pour bacheliers LAGHOUAT,C42,ECOLE NORMALE SUPERIEURE DE LAGHOUAT,13.85,value,14.6,value,,not_applicable,70
H06PPL01,LANGUE ANGLAISE (P.E.P) -- pour bacheliers TIARET,C42,ECOLE NORMALE SUPERIEURE DE LAGHOUAT,15.04,value,15.99,value,,not_applicable,70
H06PPL01,LANGUE ANGLAISE (P.E.P) -- pour bacheliers DJELFA,C42,ECOLE NORMALE SUPERIEURE DE LAGHOUAT,14.67,value,15.42,value,,not_applicable,71
H06PPL01,LANGUE ANGLAISE (P.E.P) -- pour bacheliers MEDEA,C42,ECOLE NORMALE SUPERIEURE DE LAGHOUAT,14.25,value,14.89,value,,not_applicable,71
H06PSL01,LANGUE ANGLAISE (P.E.S) -- pour bacheliers LAGHOUAT,C42,ECOLE NORMALE SUPERIEURE DE LAGHOUAT,15.21,value,15.83,value,,not_applicable,71
H06PSL01,LANGUE ANGLAISE (P.E.S) -- pour bacheliers TIARET,C42,ECOLE NORMALE SUPERIEURE DE LAGHOUAT,16.4,value,17.33,value,,not_applicable,71
H06PSL01,LANGUE ANGLAISE (P.E.S) -- pour bacheliers DJELFA,C42,ECOLE NORMALE SUPERIEURE DE LAGHOUAT,16.27,value,17.09,value,,not_applicable,71
H06PSL01,LANGUE ANGLAISE (P.E.S) -- pour bacheliers MEDEA,C42,ECOLE NORMALE SUPERIEURE DE LAGHOUAT,15.35,value,16.15,value,,not_applicable,71
I00PML01,HISTOIRE GEOGRAPHIE (P.E.M) -- pour bacheliers LAGHOUAT,C42,ECOLE NORMALE SUPERIEURE DE LAGHOUAT,14.02,value,14.52,value,,not_applicable,71
I00PML01,HISTOIRE GEOGRAPHIE (P.E.M) -- pour bacheliers TIARET,C42,ECOLE NORMALE SUPERIEURE DE LAGHOUAT,14.62,value,15.22,value,,not_applicable,71
I00PML01,HISTOIRE GEOGRAPHIE (P.E.M) -- pour bacheliers MSILA,C42,ECOLE NORMALE SUPERIEURE DE LAGHOUAT,14.25,value,14.63,value,,not_applicable,71
I00PML01,HISTOIRE GEOGRAPHIE (P.E.M) -- pour bacheliers EL BAYADH,C42,ECOLE NORMALE SUPERIEURE DE LAGHOUAT,,NC,,NC,,not_applicable,71
I00PSL01,HISTOIRE GEOGRAPHIE (P.E.S) -- pour bacheliers LAGHOUAT,C42,ECOLE NORMALE SUPERIEURE DE LAGHOUAT,14.41,value,15.03,value,,not_applicable,71
I00PSL01,HISTOIRE GEOGRAPHIE (P.E.S) -- pour bacheliers TIARET,C42,ECOLE NORMALE SUPERIEURE DE LAGHOUAT,15.32,value,16.61,value,,not_applicable,71
I00PSL01,HISTOIRE GEOGRAPHIE (P.E.S) -- pour bacheliers DJELFA,C42,ECOLE NORMALE SUPERIEURE DE LAGHOUAT,16.05,value,15.51,value,,not_applicable,71
I00PSL01,HISTOIRE GEOGRAPHIE (P.E.S) -- pour bacheliers MSILA,C42,ECOLE NORMALE SUPERIEURE DE LAGHOUAT,14.48,value,14.91,value,,not_applicable,71
I00PSL01,HISTOIRE GEOGRAPHIE (P.E.S) -- pour bacheliers EL BAYADH,C42,ECOLE NORMALE SUPERIEURE DE LAGHOUAT,14.07,value,14.16,value,,not_applicable,71
J00PPL01,EDUCATION PHYSIQUE ET SPORTIVE (P.E.P) -- pour bacheliers LAGHOUAT,C42,ECOLE NORMALE SUPERIEURE DE LAGHOUAT,14.32,value,,not_applicable,,not_applicable,71
J00PPL01,EDUCATION PHYSIQUE ET SPORTIVE (P.E.P) -- pour bacheliers TIARET,C42,ECOLE NORMALE SUPERIEURE DE LAGHOUAT,15.16,value,,not_applicable,,not_applicable,71
J00PPL01,EDUCATION PHYSIQUE ET SPORTIVE (P.E.P) -- pour bacheliers DJELFA,C42,ECOLE NORMALE SUPERIEURE DE LAGHOUAT,14.73,value,,not_applicable,,not_applicable,71
J00PPL01,EDUCATION PHYSIQUE ET SPORTIVE (P.E.P) -- pour bacheliers MEDEA,C42,ECOLE NORMALE SUPERIEURE DE LAGHOUAT,14.48,value,,not_applicable,,not_applicable,71
J00PPL01,EDUCATION PHYSIQUE ET SPORTIVE (P.E.P) -- pour bacheliers TISSEMSILT,C42,ECOLE NORMALE SUPERIEURE DE LAGHOUAT,14.77,value,,not_applicable,,not_applicable,72
J00PPL01,EDUCATION PHYSIQUE ET SPORTIVE (P.E.P) -- pour bacheliers AIN-DEFLA,C42,ECOLE NORMALE SUPERIEURE DE LAGHOUAT,14.42,value,,not_applicable,,not_applicable,72
J00PPL01,EDUCATION PHYSIQUE ET SPORTIVE (P.E.P) -- pour bacheliers GHARDAIA,C42,ECOLE NORMALE SUPERIEURE DE LAGHOUAT,13.4,value,,not_applicable,,not_applicable,72
J00PPL01,EDUCATION PHYSIQUE ET SPORTIVE (P.E.P) -- pour bacheliers EL MENIAA,C42,ECOLE NORMALE SUPERIEURE DE LAGHOUAT,13.55,value,,not_applicable,,not_applicable,72
L00PML01,LANGUE ET LITTERATURE ARABES (P.E.M) -- pour bacheliers LAGHOUAT,C42,ECOLE NORMALE SUPERIEURE DE LAGHOUAT,14.13,value,14.09,value,,not_applicable,72
L00PML01,LANGUE ET LITTERATURE ARABES (P.E.M) -- pour bacheliers EL MENIAA,C42,ECOLE NORMALE SUPERIEURE DE LAGHOUAT,,NC,,NC,,not_applicable,72
L00PPL01,ARABE (P.E.P) -- pour bacheliers LAGHOUAT,C42,ECOLE NORMALE SUPERIEURE DE LAGHOUAT,,NC,,NC,,not_applicable,72
L00PPL01,ARABE (P.E.P) -- pour bacheliers EL BAYADH,C42,ECOLE NORMALE SUPERIEURE DE LAGHOUAT,,NC,,NC,,not_applicable,72
L00PSL01,LANGUE ET LITTERATURE ARABES (P.E.S) -- pour bacheliers LAGHOUAT,C42,ECOLE NORMALE SUPERIEURE DE LAGHOUAT,14.15,value,14.91,value,,not_applicable,72
L00PSL01,LANGUE ET LITTERATURE ARABES (P.E.S) -- pour bacheliers TIARET,C42,ECOLE NORMALE SUPERIEURE DE LAGHOUAT,15.15,value,16.22,value,,not_applicable,72
L00PSL01,LANGUE ET LITTERATURE ARABES (P.E.S) -- pour bacheliers DJELFA,C42,ECOLE NORMALE SUPERIEURE DE LAGHOUAT,15.23,value,15.68,value,,not_applicable,72
H01PPL01,FRANCAIS (P.E.P) -- pour bacheliers OUM-EL-BOUAGHI,B39,UNIVERSITE D OUM EL BOUAGHI (ECOLE NORMALE SUPERIEURE DE SETIF),13.89,value,14.64,value,,not_applicable,72
H01PPL01,FRANCAIS (P.E.P) -- pour bacheliers BATNA,B39,UNIVERSITE D OUM EL BOUAGHI (ECOLE NORMALE SUPERIEURE DE SETIF),13.96,value,14.7,value,,not_applicable,72
L00PPL01,ARABE (P.E.P) -- pour bacheliers OUM-EL-BOUAGHI,B39,UNIVERSITE D OUM EL BOUAGHI (ECOLE NORMALE SUPERIEURE DE SETIF),13.17,value,13.84,value,,not_applicable,72
B00PML01,SCIENCES PHYSIQUE ET TECHNOLOGIE (P.E.M) -- pour bacheliers OUM-EL-BOUAGHI,B51,ANNEXE BATNA 2 (ECOLE NORMALE SUPERIEURE DE SETIF),15.38,value,,none_assigned,,not_applicable,72
B00PML01,SCIENCES PHYSIQUE ET TECHNOLOGIE (P.E.M) -- pour bacheliers BATNA,B51,ANNEXE BATNA 2 (ECOLE NORMALE SUPERIEURE DE SETIF),15.52,value,16.51,value,,not_applicable,73
C01PSL01,INFORMATIQUE (P.E.S) -- pour bacheliers BATNA,B51,ANNEXE BATNA 2 (ECOLE NORMALE SUPERIEURE DE SETIF),16.7,value,17.25,value,,not_applicable,73
C01PSL01,INFORMATIQUE (P.E.S) -- pour bacheliers TEBESSA,B51,ANNEXE BATNA 2 (ECOLE NORMALE SUPERIEURE DE SETIF),15.42,value,16.38,value,,not_applicable,73
C01PSL01,INFORMATIQUE (P.E.S) -- pour bacheliers SETIF,B51,ANNEXE BATNA 2 (ECOLE NORMALE SUPERIEURE DE SETIF),15.18,value,15.82,value,,not_applicable,73
C02PML01,MATHEMATIQUES (P.E.M) -- pour bacheliers BATNA,B51,ANNEXE BATNA 2 (ECOLE NORMALE SUPERIEURE DE SETIF),15.54,value,16.4,value,,not_applicable,73
C02PML01,MATHEMATIQUES (P.E.M) -- pour bacheliers BISKRA,B51,ANNEXE BATNA 2 (ECOLE NORMALE SUPERIEURE DE SETIF),14.39,value,14.97,value,,not_applicable,73
H01PML01,LANGUE FRANCAISE (P.E.M) -- pour bacheliers BATNA,B51,ANNEXE BATNA 2 (ECOLE NORMALE SUPERIEURE DE SETIF),14.8,value,15.55,value,,not_applicable,73
H06PML01,LANGUE ANGLAISE (P.E.M) -- pour bacheliers BATNA,B51,ANNEXE BATNA 2 (ECOLE NORMALE SUPERIEURE DE SETIF),15.28,value,15.98,value,,not_applicable,73
L00PPL01,ARABE (P.E.P) -- pour bacheliers BATNA,B51,ANNEXE BATNA 2 (ECOLE NORMALE SUPERIEURE DE SETIF),14.18,value,14.89,value,,not_applicable,73
B00PML01,SCIENCES PHYSIQUE ET TECHNOLOGIE (P.E.M) -- pour bacheliers BEJAIA,B03,ANNEXE BEJAIA (ECOLE NORMALE SUPERIEURE DE SETIF),14.17,value,14.26,value,,not_applicable,73
B00PML01,SCIENCES PHYSIQUE ET TECHNOLOGIE (P.E.M) -- pour bacheliers BOUIRA,B03,ANNEXE BEJAIA (ECOLE NORMALE SUPERIEURE DE SETIF),14.45,value,15.19,value,,not_applicable,73
B00PML01,SCIENCES PHYSIQUE ET TECHNOLOGIE (P.E.M) -- pour bacheliers TIZI-OUZOU,B03,ANNEXE BEJAIA (ECOLE NORMALE SUPERIEURE DE SETIF),,NC,,NC,,not_applicable,73
C02PML01,MATHEMATIQUES (P.E.M) -- pour bacheliers BEJAIA,B03,ANNEXE BEJAIA (ECOLE NORMALE SUPERIEURE DE SETIF),,NC,,NC,,not_applicable,73
C02PML01,MATHEMATIQUES (P.E.M) -- pour bacheliers BOUIRA,B03,ANNEXE BEJAIA (ECOLE NORMALE SUPERIEURE DE SETIF),14.11,value,14.48,value,,not_applicable,73
C02PML01,MATHEMATIQUES (P.E.M) -- pour bacheliers TIZI-OUZOU,B03,ANNEXE BEJAIA (ECOLE NORMALE SUPERIEURE DE SETIF),,NC,,NC,,not_applicable,74
C02PSL01,MATHEMATIQUES (P.E.S.) -- pour bacheliers BEJAIA,B03,ANNEXE BEJAIA (ECOLE NORMALE SUPERIEURE DE SETIF),15.44,value,16.23,value,,not_applicable,74
C02PSL01,MATHEMATIQUES (P.E.S.) -- pour bacheliers BOUIRA,B03,ANNEXE BEJAIA (ECOLE NORMALE SUPERIEURE DE SETIF),15.23,value,15.9,value,,not_applicable,74
C02PSL01,MATHEMATIQUES (P.E.S.) -- pour bacheliers TIZI-OUZOU,B03,ANNEXE BEJAIA (ECOLE NORMALE SUPERIEURE DE SETIF),,NC,,NC,,not_applicable,74
H01PML01,LANGUE FRANCAISE (P.E.M) -- pour bacheliers BEJAIA,B03,ANNEXE BEJAIA (ECOLE NORMALE SUPERIEURE DE SETIF),,NC,,NC,,not_applicable,74
H01PPL01,FRANCAIS (P.E.P) -- pour bacheliers BEJAIA,B03,ANNEXE BEJAIA (ECOLE NORMALE SUPERIEURE DE SETIF),13.08,value,13.72,value,,not_applicable,74
H06PML01,LANGUE ANGLAISE (P.E.M) -- pour bacheliers BEJAIA,B03,ANNEXE BEJAIA (ECOLE NORMALE SUPERIEURE DE SETIF),15.1,value,15.88,value,,not_applicable,74
L00PML01,LANGUE ET LITTERATURE ARABES (P.E.M) -- pour bacheliers BEJAIA,B03,ANNEXE BEJAIA (ECOLE NORMALE SUPERIEURE DE SETIF),,NC,,NC,,not_applicable,74
L00PPL01,ARABE (P.E.P) -- pour bacheliers BEJAIA,B03,ANNEXE BEJAIA (ECOLE NORMALE SUPERIEURE DE SETIF),,NC,,NC,,not_applicable,74
H01PPL01,FRANCAIS (P.E.P) -- pour bacheliers BISKRA,B24,ANNEXE BISKRA (ECOLE NORMALE SUPERIEURE DE BOU SAADA),13.07,value,13.77,value,,not_applicable,74
H01PPL01,FRANCAIS (P.E.P) -- pour bacheliers OULED DJELLAL,B24,ANNEXE BISKRA (ECOLE NORMALE SUPERIEURE DE BOU SAADA),,NC,,NC,,not_applicable,74
L00PPL01,ARABE (P.E.P) -- pour bacheliers BISKRA,B24,ANNEXE BISKRA (ECOLE NORMALE SUPERIEURE DE BOU SAADA),,NC,,NC,,not_applicable,74
L00PPL01,ARABE (P.E.P) -- pour bacheliers OULED DJELLAL,B24,ANNEXE BISKRA (ECOLE NORMALE SUPERIEURE DE BOU SAADA),,NC,,NC,,not_applicable,74
H01PPL01,FRANCAIS (P.E.P) -- pour bacheliers BECHAR,B37,UNIVERSITE DE BECHAR (ECOLE NORMALE SUPERIEURE DE BECHAR),,NC,,NC,,not_applicable,74
H01PPL01,FRANCAIS (P.E.P) -- pour bacheliers TINDOUF,B37,UNIVERSITE DE BECHAR (ECOLE NORMALE SUPERIEURE DE BECHAR),,NC,,NC,,not_applicable,75
H01PPL01,FRANCAIS (P.E.P) -- pour bacheliers TIMIMOUN,B37,UNIVERSITE DE BECHAR (ECOLE NORMALE SUPERIEURE DE BECHAR),,NC,,NC,,not_applicable,75
H01PPL01,FRANCAIS (P.E.P) -- pour bacheliers BORDJ BADJI MOKHTAR,B37,UNIVERSITE DE BECHAR (ECOLE NORMALE SUPERIEURE DE BECHAR),,NC,,NC,,not_applicable,75
H01PPL01,FRANCAIS (P.E.P) -- pour bacheliers BENI ABBES,B37,UNIVERSITE DE BECHAR (ECOLE NORMALE SUPERIEURE DE BECHAR),,NC,,NC,,not_applicable,75
H06PPL01,LANGUE ANGLAISE (P.E.P) -- pour bacheliers BECHAR,B37,UNIVERSITE DE BECHAR (ECOLE NORMALE SUPERIEURE DE BECHAR),13.62,value,14.13,value,,not_applicable,75
H06PPL01,LANGUE ANGLAISE (P.E.P) -- pour bacheliers TIMIMOUN,B37,UNIVERSITE DE BECHAR (ECOLE NORMALE SUPERIEURE DE BECHAR),,NC,,NC,,not_applicable,75
H06PPL01,LANGUE ANGLAISE (P.E.P) -- pour bacheliers BORDJ BADJI MOKHTAR,B37,UNIVERSITE DE BECHAR (ECOLE NORMALE SUPERIEURE DE BECHAR),,NC,,NC,,not_applicable,75
H06PPL01,LANGUE ANGLAISE (P.E.P) -- pour bacheliers BENI ABBES,B37,UNIVERSITE DE BECHAR (ECOLE NORMALE SUPERIEURE DE BECHAR),,NC,,NC,,not_applicable,75
L00PPL01,ARABE (P.E.P) -- pour bacheliers BECHAR,B37,UNIVERSITE DE BECHAR (ECOLE NORMALE SUPERIEURE DE BECHAR),,NC,,NC,,not_applicable,75
L00PPL01,ARABE (P.E.P) -- pour bacheliers TINDOUF,B37,UNIVERSITE DE BECHAR (ECOLE NORMALE SUPERIEURE DE BECHAR),,NC,,NC,,not_applicable,75
L00PPL01,ARABE (P.E.P) -- pour bacheliers BENI ABBES,B37,UNIVERSITE DE BECHAR (ECOLE NORMALE SUPERIEURE DE BECHAR),,NC,,NC,,not_applicable,75
B00PML01,SCIENCES PHYSIQUE ET TECHNOLOGIE (P.E.M) -- pour bacheliers BECHAR,U44,ECOLE NORMALE SUPERIEURE DE BECHAR,14.06,value,14.23,value,,not_applicable,75
B00PML01,SCIENCES PHYSIQUE ET TECHNOLOGIE (P.E.M) -- pour bacheliers TINDOUF,U44,ECOLE NORMALE SUPERIEURE DE BECHAR,,NC,,NC,,not_applicable,75
B00PML01,SCIENCES PHYSIQUE ET TECHNOLOGIE (P.E.M) -- pour bacheliers TIMIMOUN,U44,ECOLE NORMALE SUPERIEURE DE BECHAR,14.77,value,15.44,value,,not_applicable,75
B00PML01,SCIENCES PHYSIQUE ET TECHNOLOGIE (P.E.M) -- pour bacheliers BORDJ BADJI MOKHTAR,U44,ECOLE NORMALE SUPERIEURE DE BECHAR,,NC,,NC,,not_applicable,76
B00PML01,SCIENCES PHYSIQUE ET TECHNOLOGIE (P.E.M) -- pour bacheliers BENI ABBES,U44,ECOLE NORMALE SUPERIEURE DE BECHAR,,NC,,NC,,not_applicable,76
B00PSL01,SCIENCES PHYSIQUES (P.E.S.) -- pour bacheliers BECHAR,U44,ECOLE NORMALE SUPERIEURE DE BECHAR,15.83,value,,none_assigned,,not_applicable,76
B00PSL01,SCIENCES PHYSIQUES (P.E.S.) -- pour bacheliers TINDOUF,U44,ECOLE NORMALE SUPERIEURE DE BECHAR,,none_assigned,14.54,value,,not_applicable,76
B00PSL01,SCIENCES PHYSIQUES (P.E.S.) -- pour bacheliers NAAMA,U44,ECOLE NORMALE SUPERIEURE DE BECHAR,14.65,value,15.69,value,,not_applicable,76
B00PSL01,SCIENCES PHYSIQUES (P.E.S.) -- pour bacheliers TIMIMOUN,U44,ECOLE NORMALE SUPERIEURE DE BECHAR,15.44,value,16.27,value,,not_applicable,76
B00PSL01,SCIENCES PHYSIQUES (P.E.S.) -- pour bacheliers BORDJ BADJI MOKHTAR,U44,ECOLE NORMALE SUPERIEURE DE BECHAR,,NC,,NC,,not_applicable,76
B00PSL01,SCIENCES PHYSIQUES (P.E.S.) -- pour bacheliers BENI ABBES,U44,ECOLE NORMALE SUPERIEURE DE BECHAR,,none_assigned,14.43,value,,not_applicable,76
C01PML01,INFORMATIQUE (P.E.M) -- pour bacheliers BECHAR,U44,ECOLE NORMALE SUPERIEURE DE BECHAR,14.38,value,14.43,value,,not_applicable,76
C01PML01,INFORMATIQUE (P.E.M) -- pour bacheliers EL BAYADH,U44,ECOLE NORMALE SUPERIEURE DE BECHAR,,NC,,NC,,not_applicable,76
C01PML01,INFORMATIQUE (P.E.M) -- pour bacheliers TINDOUF,U44,ECOLE NORMALE SUPERIEURE DE BECHAR,,NC,,NC,,not_applicable,76
C01PML01,INFORMATIQUE (P.E.M) -- pour bacheliers TIMIMOUN,U44,ECOLE NORMALE SUPERIEURE DE BECHAR,,NC,,NC,,not_applicable,76
C01PML01,INFORMATIQUE (P.E.M) -- pour bacheliers BORDJ BADJI MOKHTAR,U44,ECOLE NORMALE SUPERIEURE DE BECHAR,,NC,,NC,,not_applicable,76
C01PML01,INFORMATIQUE (P.E.M) -- pour bacheliers BENI ABBES,U44,ECOLE NORMALE SUPERIEURE DE BECHAR,,NC,,NC,,not_applicable,76
C01PSL01,INFORMATIQUE (P.E.S) -- pour bacheliers ADRAR,U44,ECOLE NORMALE SUPERIEURE DE BECHAR,15.07,value,16.43,value,,not_applicable,76
C01PSL01,INFORMATIQUE (P.E.S) -- pour bacheliers BECHAR,U44,ECOLE NORMALE SUPERIEURE DE BECHAR,,none_assigned,16.92,value,,not_applicable,76
C01PSL01,INFORMATIQUE (P.E.S) -- pour bacheliers EL BAYADH,U44,ECOLE NORMALE SUPERIEURE DE BECHAR,14.28,value,14.97,value,,not_applicable,76
C01PSL01,INFORMATIQUE (P.E.S) -- pour bacheliers TINDOUF,U44,ECOLE NORMALE SUPERIEURE DE BECHAR,,none_assigned,14.32,value,,not_applicable,76
C01PSL01,INFORMATIQUE (P.E.S) -- pour bacheliers NAAMA,U44,ECOLE NORMALE SUPERIEURE DE BECHAR,15.96,value,,none_assigned,,not_applicable,76
C01PSL01,INFORMATIQUE (P.E.S) -- pour bacheliers TIMIMOUN,U44,ECOLE NORMALE SUPERIEURE DE BECHAR,16.02,value,,none_assigned,,not_applicable,76
C01PSL01,INFORMATIQUE (P.E.S) -- pour bacheliers BORDJ BADJI MOKHTAR,U44,ECOLE NORMALE SUPERIEURE DE BECHAR,,NC,,NC,,not_applicable,76
C01PSL01,INFORMATIQUE (P.E.S) -- pour bacheliers BENI ABBES,U44,ECOLE NORMALE SUPERIEURE DE BECHAR,,none_assigned,16.27,value,,not_applicable,77
C02PML01,MATHEMATIQUES (P.E.M) -- pour bacheliers BECHAR,U44,ECOLE NORMALE SUPERIEURE DE BECHAR,,NC,,NC,,not_applicable,77
C02PML01,MATHEMATIQUES (P.E.M) -- pour bacheliers TINDOUF,U44,ECOLE NORMALE SUPERIEURE DE BECHAR,,NC,,NC,,not_applicable,77
C02PML01,MATHEMATIQUES (P.E.M) -- pour bacheliers TIMIMOUN,U44,ECOLE NORMALE SUPERIEURE DE BECHAR,,NC,,NC,,not_applicable,77
C02PML01,MATHEMATIQUES (P.E.M) -- pour bacheliers BORDJ BADJI MOKHTAR,U44,ECOLE NORMALE SUPERIEURE DE BECHAR,,NC,,NC,,not_applicable,77
C02PML01,MATHEMATIQUES (P.E.M) -- pour bacheliers BENI ABBES,U44,ECOLE NORMALE SUPERIEURE DE BECHAR,,NC,,NC,,not_applicable,77
C02PSL01,MATHEMATIQUES (P.E.S.) -- pour bacheliers BECHAR,U44,ECOLE NORMALE SUPERIEURE DE BECHAR,15.67,value,16.4,value,,not_applicable,77
C02PSL01,MATHEMATIQUES (P.E.S.) -- pour bacheliers TINDOUF,U44,ECOLE NORMALE SUPERIEURE DE BECHAR,,none_assigned,14.06,value,,not_applicable,77
C02PSL01,MATHEMATIQUES (P.E.S.) -- pour bacheliers TIMIMOUN,U44,ECOLE NORMALE SUPERIEURE DE BECHAR,14.8,value,15.55,value,,not_applicable,77
C02PSL01,MATHEMATIQUES (P.E.S.) -- pour bacheliers BORDJ BADJI MOKHTAR,U44,ECOLE NORMALE SUPERIEURE DE BECHAR,,NC,,NC,,not_applicable,77
C02PSL01,MATHEMATIQUES (P.E.S.) -- pour bacheliers BENI ABBES,U44,ECOLE NORMALE SUPERIEURE DE BECHAR,,NC,,NC,,not_applicable,77
H01PML01,LANGUE FRANCAISE (P.E.M) -- pour bacheliers BECHAR,U44,ECOLE NORMALE SUPERIEURE DE BECHAR,,NC,,NC,,not_applicable,77
H01PML01,LANGUE FRANCAISE (P.E.M) -- pour bacheliers TINDOUF,U44,ECOLE NORMALE SUPERIEURE DE BECHAR,,NC,,NC,,not_applicable,77
H01PML01,LANGUE FRANCAISE (P.E.M) -- pour bacheliers TIMIMOUN,U44,ECOLE NORMALE SUPERIEURE DE BECHAR,,NC,,NC,,not_applicable,77
H01PML01,LANGUE FRANCAISE (P.E.M) -- pour bacheliers BORDJ BADJI MOKHTAR,U44,ECOLE NORMALE SUPERIEURE DE BECHAR,,NC,,NC,,not_applicable,77
H01PML01,LANGUE FRANCAISE (P.E.M) -- pour bacheliers BENI ABBES,U44,ECOLE NORMALE SUPERIEURE DE BECHAR,,NC,,NC,,not_applicable,77
H01PSL01,LANGUE FRANCAISE (P.E.S) -- pour bacheliers ADRAR,U44,ECOLE NORMALE SUPERIEURE DE BECHAR,,NC,,NC,,not_applicable,77
H01PSL01,LANGUE FRANCAISE (P.E.S) -- pour bacheliers BECHAR,U44,ECOLE NORMALE SUPERIEURE DE BECHAR,16.08,value,14.8,value,,not_applicable,77
H01PSL01,LANGUE FRANCAISE (P.E.S) -- pour bacheliers EL BAYADH,U44,ECOLE NORMALE SUPERIEURE DE BECHAR,,NC,,NC,,not_applicable,77
H01PSL01,LANGUE FRANCAISE (P.E.S) -- pour bacheliers TINDOUF,U44,ECOLE NORMALE SUPERIEURE DE BECHAR,,NC,,NC,,not_applicable,77
H01PSL01,LANGUE FRANCAISE (P.E.S) -- pour bacheliers NAAMA,U44,ECOLE NORMALE SUPERIEURE DE BECHAR,,NC,,NC,,not_applicable,77
H01PSL01,LANGUE FRANCAISE (P.E.S) -- pour bacheliers TIMIMOUN,U44,ECOLE NORMALE SUPERIEURE DE BECHAR,,NC,,NC,,not_applicable,77
H01PSL01,LANGUE FRANCAISE (P.E.S) -- pour bacheliers BORDJ BADJI MOKHTAR,U44,ECOLE NORMALE SUPERIEURE DE BECHAR,,NC,,NC,,not_applicable,78
H01PSL01,LANGUE FRANCAISE (P.E.S) -- pour bacheliers BENI ABBES,U44,ECOLE NORMALE SUPERIEURE DE BECHAR,,none_assigned,15.09,value,,not_applicable,78
H06PML01,LANGUE ANGLAISE (P.E.M) -- pour bacheliers BECHAR,U44,ECOLE NORMALE SUPERIEURE DE BECHAR,14.06,value,14.23,value,,not_applicable,78
H06PML01,LANGUE ANGLAISE (P.E.M) -- pour bacheliers EL BAYADH,U44,ECOLE NORMALE SUPERIEURE DE BECHAR,,NC,,NC,,not_applicable,78
H06PML01,LANGUE ANGLAISE (P.E.M) -- pour bacheliers TINDOUF,U44,ECOLE NORMALE SUPERIEURE DE BECHAR,,NC,,NC,,not_applicable,78
H06PML01,LANGUE ANGLAISE (P.E.M) -- pour bacheliers TIMIMOUN,U44,ECOLE NORMALE SUPERIEURE DE BECHAR,,NC,,NC,,not_applicable,78
H06PML01,LANGUE ANGLAISE (P.E.M) -- pour bacheliers BORDJ BADJI MOKHTAR,U44,ECOLE NORMALE SUPERIEURE DE BECHAR,,NC,,NC,,not_applicable,78
H06PML01,LANGUE ANGLAISE (P.E.M) -- pour bacheliers BENI ABBES,U44,ECOLE NORMALE SUPERIEURE DE BECHAR,,NC,,NC,,not_applicable,78
H06PSL01,LANGUE ANGLAISE (P.E.S) -- pour bacheliers ADRAR,U44,ECOLE NORMALE SUPERIEURE DE BECHAR,14.29,value,14.43,value,,not_applicable,78
H06PSL01,LANGUE ANGLAISE (P.E.S) -- pour bacheliers BECHAR,U44,ECOLE NORMALE SUPERIEURE DE BECHAR,,none_assigned,,none_assigned,,not_applicable,78
H06PSL01,LANGUE ANGLAISE (P.E.S) -- pour bacheliers EL BAYADH,U44,ECOLE NORMALE SUPERIEURE DE BECHAR,14.23,value,15.26,value,,not_applicable,78
H06PSL01,LANGUE ANGLAISE (P.E.S) -- pour bacheliers TINDOUF,U44,ECOLE NORMALE SUPERIEURE DE BECHAR,15.01,value,,none_assigned,,not_applicable,78
H06PSL01,LANGUE ANGLAISE (P.E.S) -- pour bacheliers NAAMA,U44,ECOLE NORMALE SUPERIEURE DE BECHAR,14.46,value,15.73,value,,not_applicable,78
H06PSL01,LANGUE ANGLAISE (P.E.S) -- pour bacheliers TIMIMOUN,U44,ECOLE NORMALE SUPERIEURE DE BECHAR,,NC,,NC,,not_applicable,78
H06PSL01,LANGUE ANGLAISE (P.E.S) -- pour bacheliers BORDJ BADJI MOKHTAR,U44,ECOLE NORMALE SUPERIEURE DE BECHAR,,NC,,NC,,not_applicable,78
H06PSL01,LANGUE ANGLAISE (P.E.S) -- pour bacheliers BENI ABBES,U44,ECOLE NORMALE SUPERIEURE DE BECHAR,,NC,,NC,,not_applicable,78
L00PML01,LANGUE ET LITTERATURE ARABES (P.E.M) -- pour bacheliers BECHAR,U44,ECOLE NORMALE SUPERIEURE DE BECHAR,,NC,,NC,,not_applicable,78
L00PML01,LANGUE ET LITTERATURE ARABES (P.E.M) -- pour bacheliers TINDOUF,U44,ECOLE NORMALE SUPERIEURE DE BECHAR,,NC,,NC,,not_applicable,78
L00PML01,LANGUE ET LITTERATURE ARABES (P.E.M) -- pour bacheliers TIMIMOUN,U44,ECOLE NORMALE SUPERIEURE DE BECHAR,,NC,,NC,,not_applicable,78
L00PML01,LANGUE ET LITTERATURE ARABES (P.E.M) -- pour bacheliers BORDJ BADJI MOKHTAR,U44,ECOLE NORMALE SUPERIEURE DE BECHAR,,NC,,NC,,not_applicable,78
L00PML01,LANGUE ET LITTERATURE ARABES (P.E.M) -- pour bacheliers BENI ABBES,U44,ECOLE NORMALE SUPERIEURE DE BECHAR,,NC,,NC,,not_applicable,79
L00PSL01,LANGUE ET LITTERATURE ARABES (P.E.S) -- pour bacheliers ADRAR,U44,ECOLE NORMALE SUPERIEURE DE BECHAR,,NC,,NC,,not_applicable,79
L00PSL01,LANGUE ET LITTERATURE ARABES (P.E.S) -- pour bacheliers BECHAR,U44,ECOLE NORMALE SUPERIEURE DE BECHAR,15.45,value,15.62,value,,not_applicable,79
L00PSL01,LANGUE ET LITTERATURE ARABES (P.E.S) -- pour bacheliers EL BAYADH,U44,ECOLE NORMALE SUPERIEURE DE BECHAR,,NC,,NC,,not_applicable,79
L00PSL01,LANGUE ET LITTERATURE ARABES (P.E.S) -- pour bacheliers TINDOUF,U44,ECOLE NORMALE SUPERIEURE DE BECHAR,,NC,,NC,,not_applicable,79
L00PSL01,LANGUE ET LITTERATURE ARABES (P.E.S) -- pour bacheliers NAAMA,U44,ECOLE NORMALE SUPERIEURE DE BECHAR,14.02,value,14.02,value,,not_applicable,79
L00PSL01,LANGUE ET LITTERATURE ARABES (P.E.S) -- pour bacheliers TIMIMOUN,U44,ECOLE NORMALE SUPERIEURE DE BECHAR,,NC,,NC,,not_applicable,79
L00PSL01,LANGUE ET LITTERATURE ARABES (P.E.S) -- pour bacheliers BORDJ BADJI MOKHTAR,U44,ECOLE NORMALE SUPERIEURE DE BECHAR,,NC,,NC,,not_applicable,79
L00PSL01,LANGUE ET LITTERATURE ARABES (P.E.S) -- pour bacheliers BENI ABBES,U44,ECOLE NORMALE SUPERIEURE DE BECHAR,,NC,,NC,,not_applicable,79
H01PPL01,FRANCAIS (P.E.P) -- pour bacheliers BLIDA,B25,UNIVERSITE DE BLIDA 2 (ECOLE NORMALE SUPERIEURE DE BOUZAREAH),13.02,value,13.29,value,,not_applicable,79
H01PSL01,LANGUE FRANCAISE (P.E.S) -- pour bacheliers BLIDA,B25,UNIVERSITE DE BLIDA 2 (ECOLE NORMALE SUPERIEURE DE BOUZAREAH),,NC,,NC,,not_applicable,79
H06PSL01,LANGUE ANGLAISE (P.E.S) -- pour bacheliers BLIDA,B25,UNIVERSITE DE BLIDA 2 (ECOLE NORMALE SUPERIEURE DE BOUZAREAH),15.27,value,16.05,value,,not_applicable,79
I00PSL01,HISTOIRE GEOGRAPHIE (P.E.S) -- pour bacheliers BLIDA,B25,UNIVERSITE DE BLIDA 2 (ECOLE NORMALE SUPERIEURE DE BOUZAREAH),14.06,value,14.83,value,,not_applicable,79
L00PPL01,ARABE (P.E.P) -- pour bacheliers BLIDA,B25,UNIVERSITE DE BLIDA 2 (ECOLE NORMALE SUPERIEURE DE BOUZAREAH),,NC,,NC,,not_applicable,79
L00PSL01,LANGUE ET LITTERATURE ARABES (P.E.S) -- pour bacheliers BLIDA,B25,UNIVERSITE DE BLIDA 2 (ECOLE NORMALE SUPERIEURE DE BOUZAREAH),14.35,value,14.92,value,,not_applicable,80
B00PML01,SCIENCES PHYSIQUE ET TECHNOLOGIE (P.E.M) -- pour bacheliers BLIDA,B46,UNIVERSITE DE BLIDA 1 (ECOLE NORMALE SUPERIEURE DE KOUBA),14.61,value,15.24,value,,not_applicable,80
B00PSL01,SCIENCES PHYSIQUES (P.E.S.) -- pour bacheliers BLIDA,B46,UNIVERSITE DE BLIDA 1 (ECOLE NORMALE SUPERIEURE DE KOUBA),15.42,value,16.41,value,,not_applicable,80
C02PML01,MATHEMATIQUES (P.E.M) -- pour bacheliers BLIDA,B46,UNIVERSITE DE BLIDA 1 (ECOLE NORMALE SUPERIEURE DE KOUBA),14.33,value,15.03,value,,not_applicable,80
C02PSL01,MATHEMATIQUES (P.E.S.) -- pour bacheliers BLIDA,B46,UNIVERSITE DE BLIDA 1 (ECOLE NORMALE SUPERIEURE DE KOUBA),15.41,value,16.18,value,,not_applicable,80
D00PML01,SCIENCES NATURELLES (P.E.M) -- pour bacheliers BLIDA,B46,UNIVERSITE DE BLIDA 1 (ECOLE NORMALE SUPERIEURE DE KOUBA),15.37,value,,not_applicable,,not_applicable,80
D00PSL01,SCIENCES NATURELLES (P.E.S) -- pour bacheliers BLIDA,B46,UNIVERSITE DE BLIDA 1 (ECOLE NORMALE SUPERIEURE DE KOUBA),15.95,value,,not_applicable,,not_applicable,80
H07PSN01,LANGUE ITALIENNE (PROFESSEUR DE L ENSEIGNEMENT SECONDAIRE) -- pour bacheliers ADRAR,B52,UNIVERSITE DE BLIDA 2 (ECOLE NORMALE SUPERIEURE DE KOUBA),,none_assigned,,none_assigned,,not_applicable,80
H07PSN01,LANGUE ITALIENNE (PROFESSEUR DE L ENSEIGNEMENT SECONDAIRE) -- pour bacheliers CHLEF,B52,UNIVERSITE DE BLIDA 2 (ECOLE NORMALE SUPERIEURE DE KOUBA),,none_assigned,,none_assigned,,not_applicable,80
H07PSN01,LANGUE ITALIENNE (PROFESSEUR DE L ENSEIGNEMENT SECONDAIRE) -- pour bacheliers LAGHOUAT,B52,UNIVERSITE DE BLIDA 2 (ECOLE NORMALE SUPERIEURE DE KOUBA),,none_assigned,,none_assigned,,not_applicable,80
H07PSN01,LANGUE ITALIENNE (PROFESSEUR DE L ENSEIGNEMENT SECONDAIRE) -- pour bacheliers OUM-EL-BOUAGHI,B52,UNIVERSITE DE BLIDA 2 (ECOLE NORMALE SUPERIEURE DE KOUBA),,none_assigned,,none_assigned,,not_applicable,80
H07PSN01,LANGUE ITALIENNE (PROFESSEUR DE L ENSEIGNEMENT SECONDAIRE) -- pour bacheliers BATNA,B52,UNIVERSITE DE BLIDA 2 (ECOLE NORMALE SUPERIEURE DE KOUBA),17.27,value,,none_assigned,,not_applicable,80
H07PSN01,LANGUE ITALIENNE (PROFESSEUR DE L ENSEIGNEMENT SECONDAIRE) -- pour bacheliers BEJAIA,B52,UNIVERSITE DE BLIDA 2 (ECOLE NORMALE SUPERIEURE DE KOUBA),14.14,value,,none_assigned,,not_applicable,80
H07PSN01,LANGUE ITALIENNE (PROFESSEUR DE L ENSEIGNEMENT SECONDAIRE) -- pour bacheliers BISKRA,B52,UNIVERSITE DE BLIDA 2 (ECOLE NORMALE SUPERIEURE DE KOUBA),14.43,value,,none_assigned,,not_applicable,80
H07PSN01,LANGUE ITALIENNE (PROFESSEUR DE L ENSEIGNEMENT SECONDAIRE) -- pour bacheliers BECHAR,B52,UNIVERSITE DE BLIDA 2 (ECOLE NORMALE SUPERIEURE DE KOUBA),,none_assigned,,none_assigned,,not_applicable,81
H07PSN01,LANGUE ITALIENNE (PROFESSEUR DE L ENSEIGNEMENT SECONDAIRE) -- pour bacheliers BLIDA,B52,UNIVERSITE DE BLIDA 2 (ECOLE NORMALE SUPERIEURE DE KOUBA),,none_assigned,,none_assigned,,not_applicable,81
H07PSN01,LANGUE ITALIENNE (PROFESSEUR DE L ENSEIGNEMENT SECONDAIRE) -- pour bacheliers BOUIRA,B52,UNIVERSITE DE BLIDA 2 (ECOLE NORMALE SUPERIEURE DE KOUBA),15.37,value,,none_assigned,,not_applicable,81
H07PSN01,LANGUE ITALIENNE (PROFESSEUR DE L ENSEIGNEMENT SECONDAIRE) -- pour bacheliers TAMANRASSET,B52,UNIVERSITE DE BLIDA 2 (ECOLE NORMALE SUPERIEURE DE KOUBA),,none_assigned,,none_assigned,,not_applicable,81
H07PSN01,LANGUE ITALIENNE (PROFESSEUR DE L ENSEIGNEMENT SECONDAIRE) -- pour bacheliers TEBESSA,B52,UNIVERSITE DE BLIDA 2 (ECOLE NORMALE SUPERIEURE DE KOUBA),14.16,value,,none_assigned,,not_applicable,81
H07PSN01,LANGUE ITALIENNE (PROFESSEUR DE L ENSEIGNEMENT SECONDAIRE) -- pour bacheliers TLEMCEN,B52,UNIVERSITE DE BLIDA 2 (ECOLE NORMALE SUPERIEURE DE KOUBA),,none_assigned,,none_assigned,,not_applicable,81
H07PSN01,LANGUE ITALIENNE (PROFESSEUR DE L ENSEIGNEMENT SECONDAIRE) -- pour bacheliers TIARET,B52,UNIVERSITE DE BLIDA 2 (ECOLE NORMALE SUPERIEURE DE KOUBA),,none_assigned,,none_assigned,,not_applicable,81
H07PSN01,LANGUE ITALIENNE (PROFESSEUR DE L ENSEIGNEMENT SECONDAIRE) -- pour bacheliers TIZI-OUZOU,B52,UNIVERSITE DE BLIDA 2 (ECOLE NORMALE SUPERIEURE DE KOUBA),,NC,,NC,,not_applicable,81
H07PSN01,LANGUE ITALIENNE (PROFESSEUR DE L ENSEIGNEMENT SECONDAIRE) -- pour bacheliers ALGER,B52,UNIVERSITE DE BLIDA 2 (ECOLE NORMALE SUPERIEURE DE KOUBA),15.36,value,,none_assigned,,not_applicable,81
H07PSN01,LANGUE ITALIENNE (PROFESSEUR DE L ENSEIGNEMENT SECONDAIRE) -- pour bacheliers DJELFA,B52,UNIVERSITE DE BLIDA 2 (ECOLE NORMALE SUPERIEURE DE KOUBA),14.57,value,,none_assigned,,not_applicable,81
H07PSN01,LANGUE ITALIENNE (PROFESSEUR DE L ENSEIGNEMENT SECONDAIRE) -- pour bacheliers JIJEL,B52,UNIVERSITE DE BLIDA 2 (ECOLE NORMALE SUPERIEURE DE KOUBA),15.51,value,,none_assigned,,not_applicable,81
H07PSN01,LANGUE ITALIENNE (PROFESSEUR DE L ENSEIGNEMENT SECONDAIRE) -- pour bacheliers SETIF,B52,UNIVERSITE DE BLIDA 2 (ECOLE NORMALE SUPERIEURE DE KOUBA),,none_assigned,14.87,value,,not_applicable,81
H07PSN01,LANGUE ITALIENNE (PROFESSEUR DE L ENSEIGNEMENT SECONDAIRE) -- pour bacheliers SAIDA,B52,UNIVERSITE DE BLIDA 2 (ECOLE NORMALE SUPERIEURE DE KOUBA),,none_assigned,,none_assigned,,not_applicable,81
H07PSN01,LANGUE ITALIENNE (PROFESSEUR DE L ENSEIGNEMENT SECONDAIRE) -- pour bacheliers SKIKDA,B52,UNIVERSITE DE BLIDA 2 (ECOLE NORMALE SUPERIEURE DE KOUBA),15.16,value,,none_assigned,,not_applicable,81
H07PSN01,LANGUE ITALIENNE (PROFESSEUR DE L ENSEIGNEMENT SECONDAIRE) -- pour bacheliers SIDIBEL-ABBES,B52,UNIVERSITE DE BLIDA 2 (ECOLE NORMALE SUPERIEURE DE KOUBA),,none_assigned,,none_assigned,,not_applicable,82
H07PSN01,LANGUE ITALIENNE (PROFESSEUR DE L ENSEIGNEMENT SECONDAIRE) -- pour bacheliers ANNABA,B52,UNIVERSITE DE BLIDA 2 (ECOLE NORMALE SUPERIEURE DE KOUBA),14.21,value,,none_assigned,,not_applicable,82
H07PSN01,LANGUE ITALIENNE (PROFESSEUR DE L ENSEIGNEMENT SECONDAIRE) -- pour bacheliers GUELMA,B52,UNIVERSITE DE BLIDA 2 (ECOLE NORMALE SUPERIEURE DE KOUBA),15.25,value,,none_assigned,,not_applicable,82
H07PSN01,LANGUE ITALIENNE (PROFESSEUR DE L ENSEIGNEMENT SECONDAIRE) -- pour bacheliers CONSTANTINE,B52,UNIVERSITE DE BLIDA 2 (ECOLE NORMALE SUPERIEURE DE KOUBA),14.45,value,,none_assigned,,not_applicable,82
H07PSN01,LANGUE ITALIENNE (PROFESSEUR DE L ENSEIGNEMENT SECONDAIRE) -- pour bacheliers MEDEA,B52,UNIVERSITE DE BLIDA 2 (ECOLE NORMALE SUPERIEURE DE KOUBA),,none_assigned,,none_assigned,,not_applicable,82
H07PSN01,LANGUE ITALIENNE (PROFESSEUR DE L ENSEIGNEMENT SECONDAIRE) -- pour bacheliers MOSTAGANEM,B52,UNIVERSITE DE BLIDA 2 (ECOLE NORMALE SUPERIEURE DE KOUBA),14.7,value,,none_assigned,,not_applicable,82
H07PSN01,LANGUE ITALIENNE (PROFESSEUR DE L ENSEIGNEMENT SECONDAIRE) -- pour bacheliers MSILA,B52,UNIVERSITE DE BLIDA 2 (ECOLE NORMALE SUPERIEURE DE KOUBA),,none_assigned,15.28,value,,not_applicable,82
H07PSN01,LANGUE ITALIENNE (PROFESSEUR DE L ENSEIGNEMENT SECONDAIRE) -- pour bacheliers MASCARA,B52,UNIVERSITE DE BLIDA 2 (ECOLE NORMALE SUPERIEURE DE KOUBA),,none_assigned,,none_assigned,,not_applicable,82
H07PSN01,LANGUE ITALIENNE (PROFESSEUR DE L ENSEIGNEMENT SECONDAIRE) -- pour bacheliers OUARGLA,B52,UNIVERSITE DE BLIDA 2 (ECOLE NORMALE SUPERIEURE DE KOUBA),,none_assigned,,none_assigned,,not_applicable,82
H07PSN01,LANGUE ITALIENNE (PROFESSEUR DE L ENSEIGNEMENT SECONDAIRE) -- pour bacheliers ORAN,B52,UNIVERSITE DE BLIDA 2 (ECOLE NORMALE SUPERIEURE DE KOUBA),,none_assigned,,none_assigned,,not_applicable,82
H07PSN01,LANGUE ITALIENNE (PROFESSEUR DE L ENSEIGNEMENT SECONDAIRE) -- pour bacheliers EL BAYADH,B52,UNIVERSITE DE BLIDA 2 (ECOLE NORMALE SUPERIEURE DE KOUBA),,NC,,NC,,not_applicable,82
H07PSN01,LANGUE ITALIENNE (PROFESSEUR DE L ENSEIGNEMENT SECONDAIRE) -- pour bacheliers ILLIZI,B52,UNIVERSITE DE BLIDA 2 (ECOLE NORMALE SUPERIEURE DE KOUBA),,none_assigned,,none_assigned,,not_applicable,82
H07PSN01,LANGUE ITALIENNE (PROFESSEUR DE L ENSEIGNEMENT SECONDAIRE) -- pour bacheliers B.B.ARRERIDJ,B52,UNIVERSITE DE BLIDA 2 (ECOLE NORMALE SUPERIEURE DE KOUBA),14.46,value,,none_assigned,,not_applicable,82
H07PSN01,LANGUE ITALIENNE (PROFESSEUR DE L ENSEIGNEMENT SECONDAIRE) -- pour bacheliers BOUMERDES,B52,UNIVERSITE DE BLIDA 2 (ECOLE NORMALE SUPERIEURE DE KOUBA),,none_assigned,,none_assigned,,not_applicable,82
H07PSN01,LANGUE ITALIENNE (PROFESSEUR DE L ENSEIGNEMENT SECONDAIRE) -- pour bacheliers ELTARF,B52,UNIVERSITE DE BLIDA 2 (ECOLE NORMALE SUPERIEURE DE KOUBA),14.25,value,,none_assigned,,not_applicable,83
H07PSN01,LANGUE ITALIENNE (PROFESSEUR DE L ENSEIGNEMENT SECONDAIRE) -- pour bacheliers TINDOUF,B52,UNIVERSITE DE BLIDA 2 (ECOLE NORMALE SUPERIEURE DE KOUBA),,none_assigned,,none_assigned,,not_applicable,83
H07PSN01,LANGUE ITALIENNE (PROFESSEUR DE L ENSEIGNEMENT SECONDAIRE) -- pour bacheliers TISSEMSILT,B52,UNIVERSITE DE BLIDA 2 (ECOLE NORMALE SUPERIEURE DE KOUBA),,none_assigned,,none_assigned,,not_applicable,83
H07PSN01,LANGUE ITALIENNE (PROFESSEUR DE L ENSEIGNEMENT SECONDAIRE) -- pour bacheliers EL OUED,B52,UNIVERSITE DE BLIDA 2 (ECOLE NORMALE SUPERIEURE DE KOUBA),,none_assigned,,none_assigned,,not_applicable,83
H07PSN01,LANGUE ITALIENNE (PROFESSEUR DE L ENSEIGNEMENT SECONDAIRE) -- pour bacheliers KHENCHLA,B52,UNIVERSITE DE BLIDA 2 (ECOLE NORMALE SUPERIEURE DE KOUBA),15.0,value,,none_assigned,,not_applicable,83
H07PSN01,LANGUE ITALIENNE (PROFESSEUR DE L ENSEIGNEMENT SECONDAIRE) -- pour bacheliers SOUK-AHRAS,B52,UNIVERSITE DE BLIDA 2 (ECOLE NORMALE SUPERIEURE DE KOUBA),15.71,value,,none_assigned,,not_applicable,83
H07PSN01,LANGUE ITALIENNE (PROFESSEUR DE L ENSEIGNEMENT SECONDAIRE) -- pour bacheliers TIPAZA,B52,UNIVERSITE DE BLIDA 2 (ECOLE NORMALE SUPERIEURE DE KOUBA),,none_assigned,,none_assigned,,not_applicable,83
H07PSN01,LANGUE ITALIENNE (PROFESSEUR DE L ENSEIGNEMENT SECONDAIRE) -- pour bacheliers MILA,B52,UNIVERSITE DE BLIDA 2 (ECOLE NORMALE SUPERIEURE DE KOUBA),15.47,value,,none_assigned,,not_applicable,83
H07PSN01,LANGUE ITALIENNE (PROFESSEUR DE L ENSEIGNEMENT SECONDAIRE) -- pour bacheliers AIN-DEFLA,B52,UNIVERSITE DE BLIDA 2 (ECOLE NORMALE SUPERIEURE DE KOUBA),,none_assigned,,none_assigned,,not_applicable,83
H07PSN01,LANGUE ITALIENNE (PROFESSEUR DE L ENSEIGNEMENT SECONDAIRE) -- pour bacheliers NAAMA,B52,UNIVERSITE DE BLIDA 2 (ECOLE NORMALE SUPERIEURE DE KOUBA),,none_assigned,,none_assigned,,not_applicable,83
H07PSN01,LANGUE ITALIENNE (PROFESSEUR DE L ENSEIGNEMENT SECONDAIRE) -- pour bacheliers AIN-TEMOUCHENT,B52,UNIVERSITE DE BLIDA 2 (ECOLE NORMALE SUPERIEURE DE KOUBA),,none_assigned,,none_assigned,,not_applicable,83
H07PSN01,LANGUE ITALIENNE (PROFESSEUR DE L ENSEIGNEMENT SECONDAIRE) -- pour bacheliers GHARDAIA,B52,UNIVERSITE DE BLIDA 2 (ECOLE NORMALE SUPERIEURE DE KOUBA),,none_assigned,,none_assigned,,not_applicable,83
H07PSN01,LANGUE ITALIENNE (PROFESSEUR DE L ENSEIGNEMENT SECONDAIRE) -- pour bacheliers RELIZANE,B52,UNIVERSITE DE BLIDA 2 (ECOLE NORMALE SUPERIEURE DE KOUBA),,none_assigned,,none_assigned,,not_applicable,83
H07PSN01,LANGUE ITALIENNE (PROFESSEUR DE L ENSEIGNEMENT SECONDAIRE) -- pour bacheliers TIMIMOUN,B52,UNIVERSITE DE BLIDA 2 (ECOLE NORMALE SUPERIEURE DE KOUBA),,NC,,NC,,not_applicable,83
H07PSN01,LANGUE ITALIENNE (PROFESSEUR DE L ENSEIGNEMENT SECONDAIRE) -- pour bacheliers BORDJ BADJI MOKHTAR,B52,UNIVERSITE DE BLIDA 2 (ECOLE NORMALE SUPERIEURE DE KOUBA),,none_assigned,,none_assigned,,not_applicable,84
H07PSN01,LANGUE ITALIENNE (PROFESSEUR DE L ENSEIGNEMENT SECONDAIRE) -- pour bacheliers OULED DJELLAL,B52,UNIVERSITE DE BLIDA 2 (ECOLE NORMALE SUPERIEURE DE KOUBA),,none_assigned,14.98,value,,not_applicable,84
H07PSN01,LANGUE ITALIENNE (PROFESSEUR DE L ENSEIGNEMENT SECONDAIRE) -- pour bacheliers BENI ABBES,B52,UNIVERSITE DE BLIDA 2 (ECOLE NORMALE SUPERIEURE DE KOUBA),,none_assigned,,none_assigned,,not_applicable,84
H07PSN01,LANGUE ITALIENNE (PROFESSEUR DE L ENSEIGNEMENT SECONDAIRE) -- pour bacheliers IN SALAH,B52,UNIVERSITE DE BLIDA 2 (ECOLE NORMALE SUPERIEURE DE KOUBA),,none_assigned,,none_assigned,,not_applicable,84
H07PSN01,LANGUE ITALIENNE (PROFESSEUR DE L ENSEIGNEMENT SECONDAIRE) -- pour bacheliers IN GUEZZAM,B52,UNIVERSITE DE BLIDA 2 (ECOLE NORMALE SUPERIEURE DE KOUBA),,none_assigned,,none_assigned,,not_applicable,84
H07PSN01,LANGUE ITALIENNE (PROFESSEUR DE L ENSEIGNEMENT SECONDAIRE) -- pour bacheliers TOUGGOURT,B52,UNIVERSITE DE BLIDA 2 (ECOLE NORMALE SUPERIEURE DE KOUBA),,none_assigned,,none_assigned,,not_applicable,84
H07PSN01,LANGUE ITALIENNE (PROFESSEUR DE L ENSEIGNEMENT SECONDAIRE) -- pour bacheliers DJANET,B52,UNIVERSITE DE BLIDA 2 (ECOLE NORMALE SUPERIEURE DE KOUBA),,none_assigned,,none_assigned,,not_applicable,84
H07PSN01,LANGUE ITALIENNE (PROFESSEUR DE L ENSEIGNEMENT SECONDAIRE) -- pour bacheliers EL MGHAIER,B52,UNIVERSITE DE BLIDA 2 (ECOLE NORMALE SUPERIEURE DE KOUBA),,none_assigned,14.56,value,,not_applicable,84
H07PSN01,LANGUE ITALIENNE (PROFESSEUR DE L ENSEIGNEMENT SECONDAIRE) -- pour bacheliers EL MENIAA,B52,UNIVERSITE DE BLIDA 2 (ECOLE NORMALE SUPERIEURE DE KOUBA),,none_assigned,,none_assigned,,not_applicable,84
H01PML01,LANGUE FRANCAISE (P.E.M) -- pour bacheliers BOUIRA,B04,ANNEXE BOUIRA (ECOLE NORMALE SUPERIEURE DE BOUZAREAH),,NC,,NC,,not_applicable,84
H01PPL01,FRANCAIS (P.E.P) -- pour bacheliers BOUIRA,B04,ANNEXE BOUIRA (ECOLE NORMALE SUPERIEURE DE BOUZAREAH),13.38,value,13.84,value,,not_applicable,84
L00PML01,LANGUE ET LITTERATURE ARABES (P.E.M) -- pour bacheliers BOUIRA,B04,ANNEXE BOUIRA (ECOLE NORMALE SUPERIEURE DE BOUZAREAH),14.08,value,14.5,value,,not_applicable,84
L00PPL01,ARABE (P.E.P) -- pour bacheliers BOUIRA,B04,ANNEXE BOUIRA (ECOLE NORMALE SUPERIEURE DE BOUZAREAH),,NC,,NC,,not_applicable,84
L00PPL01,ARABE (P.E.P) -- pour bacheliers TAMANRASSET,B40,UNIVERSITE DE TAMANRASSET (ECOLE NORMALE SUPERIEURE DE LAGHOUAT),,NC,,NC,,not_applicable,84
L00PPL01,ARABE (P.E.P) -- pour bacheliers IN SALAH,B40,UNIVERSITE DE TAMANRASSET (ECOLE NORMALE SUPERIEURE DE LAGHOUAT),,NC,,NC,,not_applicable,85
L00PPL01,ARABE (P.E.P) -- pour bacheliers IN GUEZZAM,B40,UNIVERSITE DE TAMANRASSET (ECOLE NORMALE SUPERIEURE DE LAGHOUAT),,NC,,NC,,not_applicable,85
B00PML01,SCIENCES PHYSIQUE ET TECHNOLOGIE (P.E.M) -- pour bacheliers TEBESSA,B16,ANNEXE TEBESSA (ECOLE NORMALE SUPERIEURE DE CONSTANTINE),14.55,value,15.27,value,,not_applicable,85
B00PML01,SCIENCES PHYSIQUE ET TECHNOLOGIE (P.E.M) -- pour bacheliers GUELMA,B16,ANNEXE TEBESSA (ECOLE NORMALE SUPERIEURE DE CONSTANTINE),14.83,value,15.47,value,,not_applicable,85
C02PML01,MATHEMATIQUES (P.E.M) -- pour bacheliers TEBESSA,B16,ANNEXE TEBESSA (ECOLE NORMALE SUPERIEURE DE CONSTANTINE),14.32,value,15.09,value,,not_applicable,85
D00PML01,SCIENCES NATURELLES (P.E.M) -- pour bacheliers TEBESSA,B16,ANNEXE TEBESSA (ECOLE NORMALE SUPERIEURE DE CONSTANTINE),14.88,value,,not_applicable,,not_applicable,85
H01PML01,LANGUE FRANCAISE (P.E.M) -- pour bacheliers OUM-EL- BOUAGHI,B16,ANNEXE TEBESSA (ECOLE NORMALE SUPERIEURE DE CONSTANTINE),14.27,value,14.98,value,,not_applicable,85
H01PML01,LANGUE FRANCAISE (P.E.M) -- pour bacheliers TEBESSA,B16,ANNEXE TEBESSA (ECOLE NORMALE SUPERIEURE DE CONSTANTINE),,NC,,NC,,not_applicable,85
H01PPL01,FRANCAIS (P.E.P) -- pour bacheliers TEBESSA,B16,ANNEXE TEBESSA (ECOLE NORMALE SUPERIEURE DE CONSTANTINE),13.1,value,13.77,value,,not_applicable,85
H06PML01,LANGUE ANGLAISE (P.E.M) -- pour bacheliers TEBESSA,B16,ANNEXE TEBESSA (ECOLE NORMALE SUPERIEURE DE CONSTANTINE),14.02,value,14.46,value,,not_applicable,85
H06PML01,LANGUE ANGLAISE (P.E.M) -- pour bacheliers KHENCHLA,B16,ANNEXE TEBESSA (ECOLE NORMALE SUPERIEURE DE CONSTANTINE),14.71,value,15.33,value,,not_applicable,85
H06PML01,LANGUE ANGLAISE (P.E.M) -- pour bacheliers SOUK-AHRAS,B16,ANNEXE TEBESSA (ECOLE NORMALE SUPERIEURE DE CONSTANTINE),14.79,value,15.55,value,,not_applicable,85
I00PML01,HISTOIRE GEOGRAPHIE (P.E.M) -- pour bacheliers OUM-EL- BOUAGHI,B16,ANNEXE TEBESSA (ECOLE NORMALE SUPERIEURE DE CONSTANTINE),14.2,value,14.93,value,,not_applicable,85
I00PML01,HISTOIRE GEOGRAPHIE (P.E.M) -- pour bacheliers TEBESSA,B16,ANNEXE TEBESSA (ECOLE NORMALE SUPERIEURE DE CONSTANTINE),,none_assigned,14.03,value,,not_applicable,85
L00PML01,LANGUE ET LITTERATURE ARABES (P.E.M) -- pour bacheliers OUM-EL-BOUAGHI,B16,ANNEXE TEBESSA (ECOLE NORMALE SUPERIEURE DE CONSTANTINE),14.38,value,15.07,value,,not_applicable,86
L00PML01,LANGUE ET LITTERATURE ARABES (P.E.M) -- pour bacheliers TEBESSA,B16,ANNEXE TEBESSA (ECOLE NORMALE SUPERIEURE DE CONSTANTINE),,NC,,NC,,not_applicable,86
L00PPL01,ARABE (P.E.P) -- pour bacheliers TEBESSA,B16,ANNEXE TEBESSA (ECOLE NORMALE SUPERIEURE DE CONSTANTINE),,NC,,NC,,not_applicable,86
B00PML01,SCIENCES PHYSIQUE ET TECHNOLOGIE (P.E.M) -- pour bacheliers TLEMCEN,B20,ANNEXE TLEMCEN (ECOLE NORMALE SUPERIEURE D ORAN),14.91,value,15.55,value,,not_applicable,86
B00PML01,SCIENCES PHYSIQUE ET TECHNOLOGIE (P.E.M) -- pour bacheliers NAAMA,B20,ANNEXE TLEMCEN (ECOLE NORMALE SUPERIEURE D ORAN),,NC,,NC,,not_applicable,86
B00PSL01,SCIENCES PHYSIQUES (P.E.S.) -- pour bacheliers TLEMCEN,B20,ANNEXE TLEMCEN (ECOLE NORMALE SUPERIEURE D ORAN),15.59,value,16.41,value,,not_applicable,86
B00PSL01,SCIENCES PHYSIQUES (P.E.S.) -- pour bacheliers AIN- TEMOUCHENT,B20,ANNEXE TLEMCEN (ECOLE NORMALE SUPERIEURE D ORAN),15.8,value,16.18,value,,not_applicable,86
C01PML01,INFORMATIQUE (P.E.M) -- pour bacheliers ADRAR,B20,ANNEXE TLEMCEN (ECOLE NORMALE SUPERIEURE D ORAN),,NC,,NC,,not_applicable,86
C01PML01,INFORMATIQUE (P.E.M) -- pour bacheliers CHLEF,B20,ANNEXE TLEMCEN (ECOLE NORMALE SUPERIEURE D ORAN),14.48,value,15.1,value,,not_applicable,86
C01PML01,INFORMATIQUE (P.E.M) -- pour bacheliers TLEMCEN,B20,ANNEXE TLEMCEN (ECOLE NORMALE SUPERIEURE D ORAN),17.1,value,15.95,value,,not_applicable,86
C01PML01,INFORMATIQUE (P.E.M) -- pour bacheliers ORAN,B20,ANNEXE TLEMCEN (ECOLE NORMALE SUPERIEURE D ORAN),14.25,value,14.28,value,,not_applicable,86
C01PML01,INFORMATIQUE (P.E.M) -- pour bacheliers NAAMA,B20,ANNEXE TLEMCEN (ECOLE NORMALE SUPERIEURE D ORAN),,NC,,NC,,not_applicable,86
C01PML01,INFORMATIQUE (P.E.M) -- pour bacheliers AIN- TEMOUCHENT,B20,ANNEXE TLEMCEN (ECOLE NORMALE SUPERIEURE D ORAN),14.98,value,,none_assigned,,not_applicable,86
C02PML01,MATHEMATIQUES (P.E.M) -- pour bacheliers ADRAR,B20,ANNEXE TLEMCEN (ECOLE NORMALE SUPERIEURE D ORAN),,NC,,NC,,not_applicable,86
C02PML01,MATHEMATIQUES (P.E.M) -- pour bacheliers TLEMCEN,B20,ANNEXE TLEMCEN (ECOLE NORMALE SUPERIEURE D ORAN),14.94,value,15.69,value,,not_applicable,87
C02PML01,MATHEMATIQUES (P.E.M) -- pour bacheliers NAAMA,B20,ANNEXE TLEMCEN (ECOLE NORMALE SUPERIEURE D ORAN),,NC,,NC,,not_applicable,87
C02PSL01,MATHEMATIQUES (P.E.S.) -- pour bacheliers ADRAR,B20,ANNEXE TLEMCEN (ECOLE NORMALE SUPERIEURE D ORAN),15.17,value,15.4,value,,not_applicable,87
C02PSL01,MATHEMATIQUES (P.E.S.) -- pour bacheliers TLEMCEN,B20,ANNEXE TLEMCEN (ECOLE NORMALE SUPERIEURE D ORAN),16.08,value,16.88,value,,not_applicable,87
C02PSL01,MATHEMATIQUES (P.E.S.) -- pour bacheliers NAAMA,B20,ANNEXE TLEMCEN (ECOLE NORMALE SUPERIEURE D ORAN),14.47,value,15.42,value,,not_applicable,87
D00PSL01,SCIENCES NATURELLES (P.E.S) -- pour bacheliers ADRAR,B20,ANNEXE TLEMCEN (ECOLE NORMALE SUPERIEURE D ORAN),14.15,value,,not_applicable,,not_applicable,87
D00PSL01,SCIENCES NATURELLES (P.E.S) -- pour bacheliers TLEMCEN,B20,ANNEXE TLEMCEN (ECOLE NORMALE SUPERIEURE D ORAN),16.11,value,,not_applicable,,not_applicable,87
F00PSL01,SCIENCES ECONOMIQUES (P.E.S) -- pour bacheliers ADRAR,B20,ANNEXE TLEMCEN (ECOLE NORMALE SUPERIEURE D ORAN),15.41,value,,none_assigned,,none_assigned,87
F00PSL01,SCIENCES ECONOMIQUES (P.E.S) -- pour bacheliers CHLEF,B20,ANNEXE TLEMCEN (ECOLE NORMALE SUPERIEURE D ORAN),15.65,value,,none_assigned,,none_assigned,87
F00PSL01,SCIENCES ECONOMIQUES (P.E.S) -- pour bacheliers BECHAR,B20,ANNEXE TLEMCEN (ECOLE NORMALE SUPERIEURE D ORAN),16.14,value,,none_assigned,,none_assigned,87
F00PSL01,SCIENCES ECONOMIQUES (P.E.S) -- pour bacheliers TLEMCEN,B20,ANNEXE TLEMCEN (ECOLE NORMALE SUPERIEURE D ORAN),16.95,value,,none_assigned,,none_assigned,87
F00PSL01,SCIENCES ECONOMIQUES (P.E.S) -- pour bacheliers TIARET,B20,ANNEXE TLEMCEN (ECOLE NORMALE SUPERIEURE D ORAN),16.33,value,,none_assigned,,none_assigned,87
F00PSL01,SCIENCES ECONOMIQUES (P.E.S) -- pour bacheliers SAIDA,B20,ANNEXE TLEMCEN (ECOLE NORMALE SUPERIEURE D ORAN),15.4,value,,none_assigned,,none_assigned,87
F00PSL01,SCIENCES ECONOMIQUES (P.E.S) -- pour bacheliers SIDIBEL- ABBES,B20,ANNEXE TLEMCEN (ECOLE NORMALE SUPERIEURE D ORAN),16.28,value,,none_assigned,,none_assigned,87
F00PSL01,SCIENCES ECONOMIQUES (P.E.S) -- pour bacheliers MOSTAGANEM,B20,ANNEXE TLEMCEN (ECOLE NORMALE SUPERIEURE D ORAN),15.28,value,,none_assigned,,none_assigned,88
F00PSL01,SCIENCES ECONOMIQUES (P.E.S) -- pour bacheliers MASCARA,B20,ANNEXE TLEMCEN (ECOLE NORMALE SUPERIEURE D ORAN),16.85,value,,none_assigned,,none_assigned,88
F00PSL01,SCIENCES ECONOMIQUES (P.E.S) -- pour bacheliers ORAN,B20,ANNEXE TLEMCEN (ECOLE NORMALE SUPERIEURE D ORAN),14.2,value,,none_assigned,,none_assigned,88
F00PSL01,SCIENCES ECONOMIQUES (P.E.S) -- pour bacheliers EL BAYADH,B20,ANNEXE TLEMCEN (ECOLE NORMALE SUPERIEURE D ORAN),16.36,value,,none_assigned,,none_assigned,88
F00PSL01,SCIENCES ECONOMIQUES (P.E.S) -- pour bacheliers TINDOUF,B20,ANNEXE TLEMCEN (ECOLE NORMALE SUPERIEURE D ORAN),13.0,value,,none_assigned,,none_assigned,88
F00PSL01,SCIENCES ECONOMIQUES (P.E.S) -- pour bacheliers TISSEMSILT,B20,ANNEXE TLEMCEN (ECOLE NORMALE SUPERIEURE D ORAN),16.63,value,,none_assigned,,none_assigned,88
F00PSL01,SCIENCES ECONOMIQUES (P.E.S) -- pour bacheliers NAAMA,B20,ANNEXE TLEMCEN (ECOLE NORMALE SUPERIEURE D ORAN),14.73,value,,none_assigned,,none_assigned,88
F00PSL01,SCIENCES ECONOMIQUES (P.E.S) -- pour bacheliers AIN- TEMOUCHENT,B20,ANNEXE TLEMCEN (ECOLE NORMALE SUPERIEURE D ORAN),15.61,value,,none_assigned,,none_assigned,88
F00PSL01,SCIENCES ECONOMIQUES (P.E.S) -- pour bacheliers RELIZANE,B20,ANNEXE TLEMCEN (ECOLE NORMALE SUPERIEURE D ORAN),17.31,value,,none_assigned,,none_assigned,88
F00PSL01,SCIENCES ECONOMIQUES (P.E.S) -- pour bacheliers BENI ABBES,B20,ANNEXE TLEMCEN (ECOLE NORMALE SUPERIEURE D ORAN),12.18,value,13.73,value,,none_assigned,88
H01PML01,LANGUE FRANCAISE (P.E.M) -- pour bacheliers ADRAR,B20,ANNEXE TLEMCEN (ECOLE NORMALE SUPERIEURE D ORAN),,NC,,NC,,not_applicable,88
H01PML01,LANGUE FRANCAISE (P.E.M) -- pour bacheliers TLEMCEN,B20,ANNEXE TLEMCEN (ECOLE NORMALE SUPERIEURE D ORAN),14.0,value,14.29,value,,not_applicable,88
H01PML01,LANGUE FRANCAISE (P.E.M) -- pour bacheliers AIN- TEMOUCHENT,B20,ANNEXE TLEMCEN (ECOLE NORMALE SUPERIEURE D ORAN),,NC,,NC,,not_applicable,88
H01PPL01,FRANCAIS (P.E.P) -- pour bacheliers ADRAR,B20,ANNEXE TLEMCEN (ECOLE NORMALE SUPERIEURE D ORAN),,NC,,NC,,not_applicable,88
H01PPL01,FRANCAIS (P.E.P) -- pour bacheliers TLEMCEN,B20,ANNEXE TLEMCEN (ECOLE NORMALE SUPERIEURE D ORAN),13.0,value,13.49,value,,not_applicable,89
H06PML01,LANGUE ANGLAISE (P.E.M) -- pour bacheliers ADRAR,B20,ANNEXE TLEMCEN (ECOLE NORMALE SUPERIEURE D ORAN),,NC,,NC,,not_applicable,89
H06PML01,LANGUE ANGLAISE (P.E.M) -- pour bacheliers TLEMCEN,B20,ANNEXE TLEMCEN (ECOLE NORMALE SUPERIEURE D ORAN),14.33,value,15.09,value,,not_applicable,89
H06PML01,LANGUE ANGLAISE (P.E.M) -- pour bacheliers AIN- TEMOUCHENT,B20,ANNEXE TLEMCEN (ECOLE NORMALE SUPERIEURE D ORAN),,NC,,NC,,not_applicable,89
H06PPL01,LANGUE ANGLAISE (P.E.P) -- pour bacheliers ADRAR,B20,ANNEXE TLEMCEN (ECOLE NORMALE SUPERIEURE D ORAN),,NC,,NC,,not_applicable,89
H06PPL01,LANGUE ANGLAISE (P.E.P) -- pour bacheliers TLEMCEN,B20,ANNEXE TLEMCEN (ECOLE NORMALE SUPERIEURE D ORAN),14.32,value,15.05,value,,not_applicable,89
H06PPL01,LANGUE ANGLAISE (P.E.P) -- pour bacheliers TINDOUF,B20,ANNEXE TLEMCEN (ECOLE NORMALE SUPERIEURE D ORAN),,NC,,NC,,not_applicable,89
H06PPL01,LANGUE ANGLAISE (P.E.P) -- pour bacheliers NAAMA,B20,ANNEXE TLEMCEN (ECOLE NORMALE SUPERIEURE D ORAN),13.93,value,14.77,value,,not_applicable,89
I00PML01,HISTOIRE GEOGRAPHIE (P.E.M) -- pour bacheliers ADRAR,B20,ANNEXE TLEMCEN (ECOLE NORMALE SUPERIEURE D ORAN),,NC,,NC,,not_applicable,89
I00PML01,HISTOIRE GEOGRAPHIE (P.E.M) -- pour bacheliers TLEMCEN,B20,ANNEXE TLEMCEN (ECOLE NORMALE SUPERIEURE D ORAN),14.03,value,14.28,value,,not_applicable,89
I00PML01,HISTOIRE GEOGRAPHIE (P.E.M) -- pour bacheliers AIN- TEMOUCHENT,B20,ANNEXE TLEMCEN (ECOLE NORMALE SUPERIEURE D ORAN),,NC,,NC,,not_applicable,89
I00PSL01,HISTOIRE GEOGRAPHIE (P.E.S) -- pour bacheliers ADRAR,B20,ANNEXE TLEMCEN (ECOLE NORMALE SUPERIEURE D ORAN),,NC,,NC,,not_applicable,89
I00PSL01,HISTOIRE GEOGRAPHIE (P.E.S) -- pour bacheliers TLEMCEN,B20,ANNEXE TLEMCEN (ECOLE NORMALE SUPERIEURE D ORAN),14.61,value,15.17,value,,not_applicable,89
I00PSL01,HISTOIRE GEOGRAPHIE (P.E.S) -- pour bacheliers ORAN,B20,ANNEXE TLEMCEN (ECOLE NORMALE SUPERIEURE D ORAN),,NC,,NC,,not_applicable,89
I00PSL01,HISTOIRE GEOGRAPHIE (P.E.S) -- pour bacheliers AIN- TEMOUCHENT,B20,ANNEXE TLEMCEN (ECOLE NORMALE SUPERIEURE D ORAN),,NC,,NC,,not_applicable,90
I13PSL01,PHILOSOPHIE (P.E.S) -- pour bacheliers ADRAR,B20,ANNEXE TLEMCEN (ECOLE NORMALE SUPERIEURE D ORAN),12.36,value,,not_applicable,,not_applicable,90
I13PSL01,PHILOSOPHIE (P.E.S) -- pour bacheliers TLEMCEN,B20,ANNEXE TLEMCEN (ECOLE NORMALE SUPERIEURE D ORAN),14.61,value,,not_applicable,,not_applicable,90
I13PSL01,PHILOSOPHIE (P.E.S) -- pour bacheliers ORAN,B20,ANNEXE TLEMCEN (ECOLE NORMALE SUPERIEURE D ORAN),,NC,,not_applicable,,not_applicable,90
I13PSL01,PHILOSOPHIE (P.E.S) -- pour bacheliers NAAMA,B20,ANNEXE TLEMCEN (ECOLE NORMALE SUPERIEURE D ORAN),12.62,value,,not_applicable,,not_applicable,90
I13PSL01,PHILOSOPHIE (P.E.S) -- pour bacheliers AIN-TEMOUCHENT,B20,ANNEXE TLEMCEN (ECOLE NORMALE SUPERIEURE D ORAN),12.27,value,,not_applicable,,not_applicable,90
L00PML01,LANGUE ET LITTERATURE ARABES (P.E.M) -- pour bacheliers ADRAR,B20,ANNEXE TLEMCEN (ECOLE NORMALE SUPERIEURE D ORAN),,NC,,NC,,not_applicable,90
L00PML01,LANGUE ET LITTERATURE ARABES (P.E.M) -- pour bacheliers TLEMCEN,B20,ANNEXE TLEMCEN (ECOLE NORMALE SUPERIEURE D ORAN),14.02,value,14.7,value,,not_applicable,90
L00PPL01,ARABE (P.E.P) -- pour bacheliers TLEMCEN,B20,ANNEXE TLEMCEN (ECOLE NORMALE SUPERIEURE D ORAN),,NC,,NC,,not_applicable,90
B00PSL01,SCIENCES PHYSIQUES (P.E.S.) -- pour bacheliers CHLEF,B17,ANNEXE TIARET (ECOLE NORMALE SUPERIEURE D ORAN),15.05,value,15.79,value,,not_applicable,90
B00PSL01,SCIENCES PHYSIQUES (P.E.S.) -- pour bacheliers TIARET,B17,ANNEXE TIARET (ECOLE NORMALE SUPERIEURE D ORAN),15.94,value,16.97,value,,not_applicable,90
C02PSL01,MATHEMATIQUES (P.E.S.) -- pour bacheliers TIARET,B17,ANNEXE TIARET (ECOLE NORMALE SUPERIEURE D ORAN),15.39,value,16.21,value,,not_applicable,90
H01PML01,LANGUE FRANCAISE (P.E.M) -- pour bacheliers TIARET,B17,ANNEXE TIARET (ECOLE NORMALE SUPERIEURE D ORAN),14.61,value,15.33,value,,not_applicable,90
H01PML01,LANGUE FRANCAISE (P.E.M) -- pour bacheliers EL BAYADH,B17,ANNEXE TIARET (ECOLE NORMALE SUPERIEURE D ORAN),,NC,,NC,,not_applicable,90
H01PPL01,FRANCAIS (P.E.P) -- pour bacheliers TIARET,B17,ANNEXE TIARET (ECOLE NORMALE SUPERIEURE D ORAN),13.91,value,14.6,value,,not_applicable,91
H01PPL01,FRANCAIS (P.E.P) -- pour bacheliers EL BAYADH,B17,ANNEXE TIARET (ECOLE NORMALE SUPERIEURE D ORAN),,NC,,NC,,not_applicable,91
L00PML01,LANGUE ET LITTERATURE ARABES (P.E.M) -- pour bacheliers TIARET,B17,ANNEXE TIARET (ECOLE NORMALE SUPERIEURE D ORAN),14.47,value,15.1,value,,not_applicable,91
L00PML01,LANGUE ET LITTERATURE ARABES (P.E.M) -- pour bacheliers EL BAYADH,B17,ANNEXE TIARET (ECOLE NORMALE SUPERIEURE D ORAN),,NC,,NC,,not_applicable,91
L00PPL01,ARABE (P.E.P) -- pour bacheliers TIARET,B17,ANNEXE TIARET (ECOLE NORMALE SUPERIEURE D ORAN),13.35,value,14.03,value,,not_applicable,91
B00PSL01,SCIENCES PHYSIQUES (P.E.S.) -- pour bacheliers BEJAIA,B19,ANNEXE TIZI OUZOU (ECOLE NORMALE SUPERIEURE DE BOUZAREAH),15.05,value,15.78,value,,not_applicable,91
B00PSL01,SCIENCES PHYSIQUES (P.E.S.) -- pour bacheliers BOUIRA,B19,ANNEXE TIZI OUZOU (ECOLE NORMALE SUPERIEURE DE BOUZAREAH),16.2,value,17.05,value,,not_applicable,91
B00PSL01,SCIENCES PHYSIQUES (P.E.S.) -- pour bacheliers TIZI-OUZOU,B19,ANNEXE TIZI OUZOU (ECOLE NORMALE SUPERIEURE DE BOUZAREAH),14.18,value,14.94,value,,not_applicable,91
D00PML01,SCIENCES NATURELLES (P.E.M) -- pour bacheliers BOUIRA,B19,ANNEXE TIZI OUZOU (ECOLE NORMALE SUPERIEURE DE BOUZAREAH),15.2,value,,not_applicable,,not_applicable,91
D00PML01,SCIENCES NATURELLES (P.E.M) -- pour bacheliers TIZI- OUZOU,B19,ANNEXE TIZI OUZOU (ECOLE NORMALE SUPERIEURE DE BOUZAREAH),14.24,value,,not_applicable,,not_applicable,91
D00PSL01,SCIENCES NATURELLES (P.E.S) -- pour bacheliers BEJAIA,B19,ANNEXE TIZI OUZOU (ECOLE NORMALE SUPERIEURE DE BOUZAREAH),15.2,value,,not_applicable,,not_applicable,91
D00PSL01,SCIENCES NATURELLES (P.E.S) -- pour bacheliers BOUIRA,B19,ANNEXE TIZI OUZOU (ECOLE NORMALE SUPERIEURE DE BOUZAREAH),15.87,value,,not_applicable,,not_applicable,91
D00PSL01,SCIENCES NATURELLES (P.E.S) -- pour bacheliers TIZI- OUZOU,B19,ANNEXE TIZI OUZOU (ECOLE NORMALE SUPERIEURE DE BOUZAREAH),15.15,value,,not_applicable,,not_applicable,91
H01PML01,LANGUE FRANCAISE (P.E.M) -- pour bacheliers TIZI-OUZOU,B19,ANNEXE TIZI OUZOU (ECOLE NORMALE SUPERIEURE DE BOUZAREAH),14.02,value,14.24,value,,not_applicable,91
H01PPL01,FRANCAIS (P.E.P) -- pour bacheliers TIZI-OUZOU,B19,ANNEXE TIZI OUZOU (ECOLE NORMALE SUPERIEURE DE BOUZAREAH),13.26,value,13.98,value,,not_applicable,92
H01PSL01,LANGUE FRANCAISE (P.E.S) -- pour bacheliers BOUIRA,B19,ANNEXE TIZI OUZOU (ECOLE NORMALE SUPERIEURE DE BOUZAREAH),14.49,value,15.28,value,,not_applicable,92
H01PSL01,LANGUE FRANCAISE (P.E.S) -- pour bacheliers TIZI-OUZOU,B19,ANNEXE TIZI OUZOU (ECOLE NORMALE SUPERIEURE DE BOUZAREAH),14.46,value,15.5,value,,not_applicable,92
H06PML01,LANGUE ANGLAISE (P.E.M) -- pour bacheliers BOUIRA,B19,ANNEXE TIZI OUZOU (ECOLE NORMALE SUPERIEURE DE BOUZAREAH),14.02,value,14.62,value,,not_applicable,92
H06PML01,LANGUE ANGLAISE (P.E.M) -- pour bacheliers TIZI-OUZOU,B19,ANNEXE TIZI OUZOU (ECOLE NORMALE SUPERIEURE DE BOUZAREAH),14.51,value,15.27,value,,not_applicable,92
H06PPL01,LANGUE ANGLAISE (P.E.P) -- pour bacheliers BOUIRA,B19,ANNEXE TIZI OUZOU (ECOLE NORMALE SUPERIEURE DE BOUZAREAH),14.3,value,14.77,value,,not_applicable,92
H06PPL01,LANGUE ANGLAISE (P.E.P) -- pour bacheliers TIZI-OUZOU,B19,ANNEXE TIZI OUZOU (ECOLE NORMALE SUPERIEURE DE BOUZAREAH),13.93,value,14.81,value,,not_applicable,92
H06PSL01,LANGUE ANGLAISE (P.E.S) -- pour bacheliers BOUIRA,B19,ANNEXE TIZI OUZOU (ECOLE NORMALE SUPERIEURE DE BOUZAREAH),15.56,value,16.26,value,,not_applicable,92
H06PSL01,LANGUE ANGLAISE (P.E.S) -- pour bacheliers TIZI-OUZOU,B19,ANNEXE TIZI OUZOU (ECOLE NORMALE SUPERIEURE DE BOUZAREAH),15.76,value,16.63,value,,not_applicable,92
I00PML01,HISTOIRE GEOGRAPHIE (P.E.M) -- pour bacheliers BOUIRA,B19,ANNEXE TIZI OUZOU (ECOLE NORMALE SUPERIEURE DE BOUZAREAH),,none_assigned,14.02,value,,not_applicable,92
I00PML01,HISTOIRE GEOGRAPHIE (P.E.M) -- pour bacheliers TIZI- OUZOU,B19,ANNEXE TIZI OUZOU (ECOLE NORMALE SUPERIEURE DE BOUZAREAH),,NC,,NC,,not_applicable,92
I13PSL01,PHILOSOPHIE (P.E.S) -- pour bacheliers BEJAIA,B19,ANNEXE TIZI OUZOU (ECOLE NORMALE SUPERIEURE DE BOUZAREAH),13.5,value,,not_applicable,,not_applicable,92
I13PSL01,PHILOSOPHIE (P.E.S) -- pour bacheliers BOUIRA,B19,ANNEXE TIZI OUZOU (ECOLE NORMALE SUPERIEURE DE BOUZAREAH),13.67,value,,not_applicable,,not_applicable,92
I13PSL01,PHILOSOPHIE (P.E.S) -- pour bacheliers TIZI-OUZOU,B19,ANNEXE TIZI OUZOU (ECOLE NORMALE SUPERIEURE DE BOUZAREAH),13.25,value,,not_applicable,,not_applicable,92
L00PML01,LANGUE ET LITTERATURE ARABES (P.E.M) -- pour bacheliers TIZI-OUZOU,B19,ANNEXE TIZI OUZOU (ECOLE NORMALE SUPERIEURE DE BOUZAREAH),,NC,,NC,,not_applicable,93
L00PPL01,ARABE (P.E.P) -- pour bacheliers TIZI-OUZOU,B19,ANNEXE TIZI OUZOU (ECOLE NORMALE SUPERIEURE DE BOUZAREAH),,NC,,NC,,not_applicable,93
L00PSL01,LANGUE ET LITTERATURE ARABES (P.E.S) -- pour bacheliers TIZI-OUZOU,B19,ANNEXE TIZI OUZOU (ECOLE NORMALE SUPERIEURE DE BOUZAREAH),,NC,,NC,,not_applicable,93
M00PMN01,LANGUE AMAZIGHE (P.E.M) -- pour bacheliers ADRAR,B19,ANNEXE TIZI OUZOU (ECOLE NORMALE SUPERIEURE DE BOUZAREAH),,none_assigned,,not_applicable,,not_applicable,93
M00PMN01,LANGUE AMAZIGHE (P.E.M) -- pour bacheliers CHLEF,B19,ANNEXE TIZI OUZOU (ECOLE NORMALE SUPERIEURE DE BOUZAREAH),12.81,value,,not_applicable,,not_applicable,93
M00PMN01,LANGUE AMAZIGHE (P.E.M) -- pour bacheliers LAGHOUAT,B19,ANNEXE TIZI OUZOU (ECOLE NORMALE SUPERIEURE DE BOUZAREAH),13.02,value,,not_applicable,,not_applicable,93
M00PMN01,LANGUE AMAZIGHE (P.E.M) -- pour bacheliers OUM-EL- BOUAGHI,B19,ANNEXE TIZI OUZOU (ECOLE NORMALE SUPERIEURE DE BOUZAREAH),13.8,value,,not_applicable,,not_applicable,93
M00PMN01,LANGUE AMAZIGHE (P.E.M) -- pour bacheliers BATNA,B19,ANNEXE TIZI OUZOU (ECOLE NORMALE SUPERIEURE DE BOUZAREAH),15.47,value,,not_applicable,,not_applicable,93
M00PMN01,LANGUE AMAZIGHE (P.E.M) -- pour bacheliers BEJAIA,B19,ANNEXE TIZI OUZOU (ECOLE NORMALE SUPERIEURE DE BOUZAREAH),13.78,value,,not_applicable,,not_applicable,93
M00PMN01,LANGUE AMAZIGHE (P.E.M) -- pour bacheliers BISKRA,B19,ANNEXE TIZI OUZOU (ECOLE NORMALE SUPERIEURE DE BOUZAREAH),,none_assigned,,not_applicable,,not_applicable,93
M00PMN01,LANGUE AMAZIGHE (P.E.M) -- pour bacheliers BECHAR,B19,ANNEXE TIZI OUZOU (ECOLE NORMALE SUPERIEURE DE BOUZAREAH),,none_assigned,,not_applicable,,not_applicable,93
M00PMN01,LANGUE AMAZIGHE (P.E.M) -- pour bacheliers BLIDA,B19,ANNEXE TIZI OUZOU (ECOLE NORMALE SUPERIEURE DE BOUZAREAH),,none_assigned,,not_applicable,,not_applicable,93
M00PMN01,LANGUE AMAZIGHE (P.E.M) -- pour bacheliers BOUIRA,B19,ANNEXE TIZI OUZOU (ECOLE NORMALE SUPERIEURE DE BOUZAREAH),13.3,value,,not_applicable,,not_applicable,93
M00PMN01,LANGUE AMAZIGHE (P.E.M) -- pour bacheliers TAMANRASSET,B19,ANNEXE TIZI OUZOU (ECOLE NORMALE SUPERIEURE DE BOUZAREAH),10.13,value,,not_applicable,,not_applicable,93
M00PMN01,LANGUE AMAZIGHE (P.E.M) -- pour bacheliers TEBESSA,B19,ANNEXE TIZI OUZOU (ECOLE NORMALE SUPERIEURE DE BOUZAREAH),,none_assigned,,not_applicable,,not_applicable,94
M00PMN01,LANGUE AMAZIGHE (P.E.M) -- pour bacheliers TLEMCEN,B19,ANNEXE TIZI OUZOU (ECOLE NORMALE SUPERIEURE DE BOUZAREAH),,none_assigned,,not_applicable,,not_applicable,94
M00PMN01,LANGUE AMAZIGHE (P.E.M) -- pour bacheliers TIARET,B19,ANNEXE TIZI OUZOU (ECOLE NORMALE SUPERIEURE DE BOUZAREAH),,none_assigned,,not_applicable,,not_applicable,94
M00PMN01,LANGUE AMAZIGHE (P.E.M) -- pour bacheliers TIZI-OUZOU,B19,ANNEXE TIZI OUZOU (ECOLE NORMALE SUPERIEURE DE BOUZAREAH),13.32,value,,not_applicable,,not_applicable,94
M00PMN01,LANGUE AMAZIGHE (P.E.M) -- pour bacheliers ALGER,B19,ANNEXE TIZI OUZOU (ECOLE NORMALE SUPERIEURE DE BOUZAREAH),14.22,value,,not_applicable,,not_applicable,94
M00PMN01,LANGUE AMAZIGHE (P.E.M) -- pour bacheliers DJELFA,B19,ANNEXE TIZI OUZOU (ECOLE NORMALE SUPERIEURE DE BOUZAREAH),,none_assigned,,not_applicable,,not_applicable,94
M00PMN01,LANGUE AMAZIGHE (P.E.M) -- pour bacheliers JIJEL,B19,ANNEXE TIZI OUZOU (ECOLE NORMALE SUPERIEURE DE BOUZAREAH),13.79,value,,not_applicable,,not_applicable,94
M00PMN01,LANGUE AMAZIGHE (P.E.M) -- pour bacheliers SETIF,B19,ANNEXE TIZI OUZOU (ECOLE NORMALE SUPERIEURE DE BOUZAREAH),13.97,value,,not_applicable,,not_applicable,94
M00PMN01,LANGUE AMAZIGHE (P.E.M) -- pour bacheliers SAIDA,B19,ANNEXE TIZI OUZOU (ECOLE NORMALE SUPERIEURE DE BOUZAREAH),13.05,value,,not_applicable,,not_applicable,94
M00PMN01,LANGUE AMAZIGHE (P.E.M) -- pour bacheliers SKIKDA,B19,ANNEXE TIZI OUZOU (ECOLE NORMALE SUPERIEURE DE BOUZAREAH),,none_assigned,,not_applicable,,not_applicable,94
M00PMN01,LANGUE AMAZIGHE (P.E.M) -- pour bacheliers SIDIBEL- ABBES,B19,ANNEXE TIZI OUZOU (ECOLE NORMALE SUPERIEURE DE BOUZAREAH),12.23,value,,not_applicable,,not_applicable,94
M00PMN01,LANGUE AMAZIGHE (P.E.M) -- pour bacheliers ANNABA,B19,ANNEXE TIZI OUZOU (ECOLE NORMALE SUPERIEURE DE BOUZAREAH),,none_assigned,,not_applicable,,not_applicable,94
M00PMN01,LANGUE AMAZIGHE (P.E.M) -- pour bacheliers GUELMA,B19,ANNEXE TIZI OUZOU (ECOLE NORMALE SUPERIEURE DE BOUZAREAH),,none_assigned,,not_applicable,,not_applicable,94
M00PMN01,LANGUE AMAZIGHE (P.E.M) -- pour bacheliers CONSTANTINE,B19,ANNEXE TIZI OUZOU (ECOLE NORMALE SUPERIEURE DE BOUZAREAH),,none_assigned,,not_applicable,,not_applicable,94
M00PMN01,LANGUE AMAZIGHE (P.E.M) -- pour bacheliers MEDEA,B19,ANNEXE TIZI OUZOU (ECOLE NORMALE SUPERIEURE DE BOUZAREAH),15.11,value,,not_applicable,,not_applicable,95
M00PMN01,LANGUE AMAZIGHE (P.E.M) -- pour bacheliers MOSTAGANEM,B19,ANNEXE TIZI OUZOU (ECOLE NORMALE SUPERIEURE DE BOUZAREAH),12.98,value,,not_applicable,,not_applicable,95
M00PMN01,LANGUE AMAZIGHE (P.E.M) -- pour bacheliers MSILA,B19,ANNEXE TIZI OUZOU (ECOLE NORMALE SUPERIEURE DE BOUZAREAH),,none_assigned,,not_applicable,,not_applicable,95
M00PMN01,LANGUE AMAZIGHE (P.E.M) -- pour bacheliers MASCARA,B19,ANNEXE TIZI OUZOU (ECOLE NORMALE SUPERIEURE DE BOUZAREAH),,none_assigned,,not_applicable,,not_applicable,95
M00PMN01,LANGUE AMAZIGHE (P.E.M) -- pour bacheliers OUARGLA,B19,ANNEXE TIZI OUZOU (ECOLE NORMALE SUPERIEURE DE BOUZAREAH),,none_assigned,,not_applicable,,not_applicable,95
M00PMN01,LANGUE AMAZIGHE (P.E.M) -- pour bacheliers ORAN,B19,ANNEXE TIZI OUZOU (ECOLE NORMALE SUPERIEURE DE BOUZAREAH),11.67,value,,not_applicable,,not_applicable,95
M00PMN01,LANGUE AMAZIGHE (P.E.M) -- pour bacheliers EL BAYADH,B19,ANNEXE TIZI OUZOU (ECOLE NORMALE SUPERIEURE DE BOUZAREAH),12.96,value,,not_applicable,,not_applicable,95
M00PMN01,LANGUE AMAZIGHE (P.E.M) -- pour bacheliers ILLIZI,B19,ANNEXE TIZI OUZOU (ECOLE NORMALE SUPERIEURE DE BOUZAREAH),,NC,,not_applicable,,not_applicable,95
M00PMN01,LANGUE AMAZIGHE (P.E.M) -- pour bacheliers B.B.ARRERIDJ,B19,ANNEXE TIZI OUZOU (ECOLE NORMALE SUPERIEURE DE BOUZAREAH),14.03,value,,not_applicable,,not_applicable,95
M00PMN01,LANGUE AMAZIGHE (P.E.M) -- pour bacheliers BOUMERDES,B19,ANNEXE TIZI OUZOU (ECOLE NORMALE SUPERIEURE DE BOUZAREAH),14.81,value,,not_applicable,,not_applicable,95
M00PMN01,LANGUE AMAZIGHE (P.E.M) -- pour bacheliers ELTARF,B19,ANNEXE TIZI OUZOU (ECOLE NORMALE SUPERIEURE DE BOUZAREAH),,none_assigned,,not_applicable,,not_applicable,95
M00PMN01,LANGUE AMAZIGHE (P.E.M) -- pour bacheliers TINDOUF,B19,ANNEXE TIZI OUZOU (ECOLE NORMALE SUPERIEURE DE BOUZAREAH),,none_assigned,,not_applicable,,not_applicable,95
M00PMN01,LANGUE AMAZIGHE (P.E.M) -- pour bacheliers TISSEMSILT,B19,ANNEXE TIZI OUZOU (ECOLE NORMALE SUPERIEURE DE BOUZAREAH),,none_assigned,,not_applicable,,not_applicable,95
M00PMN01,LANGUE AMAZIGHE (P.E.M) -- pour bacheliers EL OUED,B19,ANNEXE TIZI OUZOU (ECOLE NORMALE SUPERIEURE DE BOUZAREAH),12.85,value,,not_applicable,,not_applicable,95
M00PMN01,LANGUE AMAZIGHE (P.E.M) -- pour bacheliers KHENCHLA,B19,ANNEXE TIZI OUZOU (ECOLE NORMALE SUPERIEURE DE BOUZAREAH),13.73,value,,not_applicable,,not_applicable,96
M00PMN01,LANGUE AMAZIGHE (P.E.M) -- pour bacheliers SOUK-AHRAS,B19,ANNEXE TIZI OUZOU (ECOLE NORMALE SUPERIEURE DE BOUZAREAH),,none_assigned,,not_applicable,,not_applicable,96
M00PMN01,LANGUE AMAZIGHE (P.E.M) -- pour bacheliers TIPAZA,B19,ANNEXE TIZI OUZOU (ECOLE NORMALE SUPERIEURE DE BOUZAREAH),13.46,value,,not_applicable,,not_applicable,96
M00PMN01,LANGUE AMAZIGHE (P.E.M) -- pour bacheliers MILA,B19,ANNEXE TIZI OUZOU (ECOLE NORMALE SUPERIEURE DE BOUZAREAH),14.4,value,,not_applicable,,not_applicable,96
M00PMN01,LANGUE AMAZIGHE (P.E.M) -- pour bacheliers AIN-DEFLA,B19,ANNEXE TIZI OUZOU (ECOLE NORMALE SUPERIEURE DE BOUZAREAH),,none_assigned,,not_applicable,,not_applicable,96
M00PMN01,LANGUE AMAZIGHE (P.E.M) -- pour bacheliers NAAMA,B19,ANNEXE TIZI OUZOU (ECOLE NORMALE SUPERIEURE DE BOUZAREAH),,none_assigned,,not_applicable,,not_applicable,96
M00PMN01,LANGUE AMAZIGHE (P.E.M) -- pour bacheliers AIN- TEMOUCHENT,B19,ANNEXE TIZI OUZOU (ECOLE NORMALE SUPERIEURE DE BOUZAREAH),,none_assigned,,not_applicable,,not_applicable,96
M00PMN01,LANGUE AMAZIGHE (P.E.M) -- pour bacheliers GHARDAIA,B19,ANNEXE TIZI OUZOU (ECOLE NORMALE SUPERIEURE DE BOUZAREAH),,none_assigned,,not_applicable,,not_applicable,96
M00PMN01,LANGUE AMAZIGHE (P.E.M) -- pour bacheliers RELIZANE,B19,ANNEXE TIZI OUZOU (ECOLE NORMALE SUPERIEURE DE BOUZAREAH),,none_assigned,,not_applicable,,not_applicable,96
M00PMN01,LANGUE AMAZIGHE (P.E.M) -- pour bacheliers TIMIMOUN,B19,ANNEXE TIZI OUZOU (ECOLE NORMALE SUPERIEURE DE BOUZAREAH),,none_assigned,,not_applicable,,not_applicable,96
M00PMN01,LANGUE AMAZIGHE (P.E.M) -- pour bacheliers BORDJ BADJI MOKHTAR,B19,ANNEXE TIZI OUZOU (ECOLE NORMALE SUPERIEURE DE BOUZAREAH),,NC,,not_applicable,,not_applicable,96
M00PMN01,LANGUE AMAZIGHE (P.E.M) -- pour bacheliers OULED DJELLAL,B19,ANNEXE TIZI OUZOU (ECOLE NORMALE SUPERIEURE DE BOUZAREAH),,none_assigned,,not_applicable,,not_applicable,96
M00PMN01,LANGUE AMAZIGHE (P.E.M) -- pour bacheliers BENI ABBES,B19,ANNEXE TIZI OUZOU (ECOLE NORMALE SUPERIEURE DE BOUZAREAH),10.71,value,,not_applicable,,not_applicable,96
M00PMN01,LANGUE AMAZIGHE (P.E.M) -- pour bacheliers IN SALAH,B19,ANNEXE TIZI OUZOU (ECOLE NORMALE SUPERIEURE DE BOUZAREAH),,none_assigned,,not_applicable,,not_applicable,96
M00PMN01,LANGUE AMAZIGHE (P.E.M) -- pour bacheliers IN GUEZZAM,B19,ANNEXE TIZI OUZOU (ECOLE NORMALE SUPERIEURE DE BOUZAREAH),,NC,,not_applicable,,not_applicable,97
M00PMN01,LANGUE AMAZIGHE (P.E.M) -- pour bacheliers TOUGGOURT,B19,ANNEXE TIZI OUZOU (ECOLE NORMALE SUPERIEURE DE BOUZAREAH),,none_assigned,,not_applicable,,not_applicable,97
M00PMN01,LANGUE AMAZIGHE (P.E.M) -- pour bacheliers DJANET,B19,ANNEXE TIZI OUZOU (ECOLE NORMALE SUPERIEURE DE BOUZAREAH),,NC,,not_applicable,,not_applicable,97
M00PMN01,LANGUE AMAZIGHE (P.E.M) -- pour bacheliers EL MGHAIER,B19,ANNEXE TIZI OUZOU (ECOLE NORMALE SUPERIEURE DE BOUZAREAH),,none_assigned,,not_applicable,,not_applicable,97
M00PMN01,LANGUE AMAZIGHE (P.E.M) -- pour bacheliers EL MENIAA,B19,ANNEXE TIZI OUZOU (ECOLE NORMALE SUPERIEURE DE BOUZAREAH),,none_assigned,,not_applicable,,not_applicable,97
M00PPL01,LANGUE AMAZIGHE (P.E.P) -- pour bacheliers OUM-EL- BOUAGHI,B19,ANNEXE TIZI OUZOU (ECOLE NORMALE SUPERIEURE DE BOUZAREAH),13.71,value,,not_applicable,,not_applicable,97
M00PPL01,LANGUE AMAZIGHE (P.E.P) -- pour bacheliers BATNA,B19,ANNEXE TIZI OUZOU (ECOLE NORMALE SUPERIEURE DE BOUZAREAH),14.6,value,,not_applicable,,not_applicable,97
M00PPL01,LANGUE AMAZIGHE (P.E.P) -- pour bacheliers BEJAIA,B19,ANNEXE TIZI OUZOU (ECOLE NORMALE SUPERIEURE DE BOUZAREAH),13.49,value,,not_applicable,,not_applicable,97
M00PPL01,LANGUE AMAZIGHE (P.E.P) -- pour bacheliers BOUIRA,B19,ANNEXE TIZI OUZOU (ECOLE NORMALE SUPERIEURE DE BOUZAREAH),13.46,value,,not_applicable,,not_applicable,97
M00PPL01,LANGUE AMAZIGHE (P.E.P) -- pour bacheliers TEBESSA,B19,ANNEXE TIZI OUZOU (ECOLE NORMALE SUPERIEURE DE BOUZAREAH),13.77,value,,not_applicable,,not_applicable,97
M00PPL01,LANGUE AMAZIGHE (P.E.P) -- pour bacheliers TIZI-OUZOU,B19,ANNEXE TIZI OUZOU (ECOLE NORMALE SUPERIEURE DE BOUZAREAH),13.05,value,,not_applicable,,not_applicable,97
M00PPL01,LANGUE AMAZIGHE (P.E.P) -- pour bacheliers SETIF,B19,ANNEXE TIZI OUZOU (ECOLE NORMALE SUPERIEURE DE BOUZAREAH),13.15,value,,not_applicable,,not_applicable,97
M00PPL01,LANGUE AMAZIGHE (P.E.P) -- pour bacheliers GUELMA,B19,ANNEXE TIZI OUZOU (ECOLE NORMALE SUPERIEURE DE BOUZAREAH),,none_assigned,,not_applicable,,not_applicable,97
M00PPL01,LANGUE AMAZIGHE (P.E.P) -- pour bacheliers CONSTANTINE,B19,ANNEXE TIZI OUZOU (ECOLE NORMALE SUPERIEURE DE BOUZAREAH),,none_assigned,,not_applicable,,not_applicable,97
M00PPL01,LANGUE AMAZIGHE (P.E.P) -- pour bacheliers B.B.ARRERIDJ,B19,ANNEXE TIZI OUZOU (ECOLE NORMALE SUPERIEURE DE BOUZAREAH),13.86,value,,not_applicable,,not_applicable,98
M00PPL01,LANGUE AMAZIGHE (P.E.P) -- pour bacheliers BOUMERDES,B19,ANNEXE TIZI OUZOU (ECOLE NORMALE SUPERIEURE DE BOUZAREAH),13.8,value,,not_applicable,,not_applicable,98
M00PPL01,LANGUE AMAZIGHE (P.E.P) -- pour bacheliers ELTARF,B19,ANNEXE TIZI OUZOU (ECOLE NORMALE SUPERIEURE DE BOUZAREAH),13.55,value,,not_applicable,,not_applicable,98
M00PPL01,LANGUE AMAZIGHE (P.E.P) -- pour bacheliers KHENCHLA,B19,ANNEXE TIZI OUZOU (ECOLE NORMALE SUPERIEURE DE BOUZAREAH),13.8,value,,not_applicable,,not_applicable,98
M00PPL01,LANGUE AMAZIGHE (P.E.P) -- pour bacheliers MILA,B19,ANNEXE TIZI OUZOU (ECOLE NORMALE SUPERIEURE DE BOUZAREAH),14.17,value,,not_applicable,,not_applicable,98
M00PSN01,LANGUE AMAZIGHE (P.E.S) -- pour bacheliers ADRAR,B19,ANNEXE TIZI OUZOU (ECOLE NORMALE SUPERIEURE DE BOUZAREAH),,none_assigned,,not_applicable,,not_applicable,98
M00PSN01,LANGUE AMAZIGHE (P.E.S) -- pour bacheliers CHLEF,B19,ANNEXE TIZI OUZOU (ECOLE NORMALE SUPERIEURE DE BOUZAREAH),,none_assigned,,not_applicable,,not_applicable,98
M00PSN01,LANGUE AMAZIGHE (P.E.S) -- pour bacheliers LAGHOUAT,B19,ANNEXE TIZI OUZOU (ECOLE NORMALE SUPERIEURE DE BOUZAREAH),10.39,value,,not_applicable,,not_applicable,98
M00PSN01,LANGUE AMAZIGHE (P.E.S) -- pour bacheliers OUM-EL- BOUAGHI,B19,ANNEXE TIZI OUZOU (ECOLE NORMALE SUPERIEURE DE BOUZAREAH),14.29,value,,not_applicable,,not_applicable,98
M00PSN01,LANGUE AMAZIGHE (P.E.S) -- pour bacheliers BATNA,B19,ANNEXE TIZI OUZOU (ECOLE NORMALE SUPERIEURE DE BOUZAREAH),,none_assigned,,not_applicable,,not_applicable,98
M00PSN01,LANGUE AMAZIGHE (P.E.S) -- pour bacheliers BEJAIA,B19,ANNEXE TIZI OUZOU (ECOLE NORMALE SUPERIEURE DE BOUZAREAH),13.81,value,,not_applicable,,not_applicable,98
M00PSN01,LANGUE AMAZIGHE (P.E.S) -- pour bacheliers BISKRA,B19,ANNEXE TIZI OUZOU (ECOLE NORMALE SUPERIEURE DE BOUZAREAH),13.28,value,,not_applicable,,not_applicable,98
M00PSN01,LANGUE AMAZIGHE (P.E.S) -- pour bacheliers BECHAR,B19,ANNEXE TIZI OUZOU (ECOLE NORMALE SUPERIEURE DE BOUZAREAH),,none_assigned,,not_applicable,,not_applicable,98
M00PSN01,LANGUE AMAZIGHE (P.E.S) -- pour bacheliers BLIDA,B19,ANNEXE TIZI OUZOU (ECOLE NORMALE SUPERIEURE DE BOUZAREAH),,none_assigned,,not_applicable,,not_applicable,98
M00PSN01,LANGUE AMAZIGHE (P.E.S) -- pour bacheliers BOUIRA,B19,ANNEXE TIZI OUZOU (ECOLE NORMALE SUPERIEURE DE BOUZAREAH),14.13,value,,not_applicable,,not_applicable,99
M00PSN01,LANGUE AMAZIGHE (P.E.S) -- pour bacheliers TAMANRASSET,B19,ANNEXE TIZI OUZOU (ECOLE NORMALE SUPERIEURE DE BOUZAREAH),10.99,value,,not_applicable,,not_applicable,99
M00PSN01,LANGUE AMAZIGHE (P.E.S) -- pour bacheliers TEBESSA,B19,ANNEXE TIZI OUZOU (ECOLE NORMALE SUPERIEURE DE BOUZAREAH),,none_assigned,,not_applicable,,not_applicable,99
M00PSN01,LANGUE AMAZIGHE (P.E.S) -- pour bacheliers TLEMCEN,B19,ANNEXE TIZI OUZOU (ECOLE NORMALE SUPERIEURE DE BOUZAREAH),11.72,value,,not_applicable,,not_applicable,99
M00PSN01,LANGUE AMAZIGHE (P.E.S) -- pour bacheliers TIARET,B19,ANNEXE TIZI OUZOU (ECOLE NORMALE SUPERIEURE DE BOUZAREAH),,none_assigned,,not_applicable,,not_applicable,99
M00PSN01,LANGUE AMAZIGHE (P.E.S) -- pour bacheliers TIZI-OUZOU,B19,ANNEXE TIZI OUZOU (ECOLE NORMALE SUPERIEURE DE BOUZAREAH),13.55,value,,not_applicable,,not_applicable,99
M00PSN01,LANGUE AMAZIGHE (P.E.S) -- pour bacheliers ALGER,B19,ANNEXE TIZI OUZOU (ECOLE NORMALE SUPERIEURE DE BOUZAREAH),,none_assigned,,not_applicable,,not_applicable,99
M00PSN01,LANGUE AMAZIGHE (P.E.S) -- pour bacheliers DJELFA,B19,ANNEXE TIZI OUZOU (ECOLE NORMALE SUPERIEURE DE BOUZAREAH),,none_assigned,,not_applicable,,not_applicable,99
M00PSN01,LANGUE AMAZIGHE (P.E.S) -- pour bacheliers JIJEL,B19,ANNEXE TIZI OUZOU (ECOLE NORMALE SUPERIEURE DE BOUZAREAH),,none_assigned,,not_applicable,,not_applicable,99
M00PSN01,LANGUE AMAZIGHE (P.E.S) -- pour bacheliers SETIF,B19,ANNEXE TIZI OUZOU (ECOLE NORMALE SUPERIEURE DE BOUZAREAH),15.05,value,,not_applicable,,not_applicable,99
M00PSN01,LANGUE AMAZIGHE (P.E.S) -- pour bacheliers SAIDA,B19,ANNEXE TIZI OUZOU (ECOLE NORMALE SUPERIEURE DE BOUZAREAH),,none_assigned,,not_applicable,,not_applicable,99
M00PSN01,LANGUE AMAZIGHE (P.E.S) -- pour bacheliers SKIKDA,B19,ANNEXE TIZI OUZOU (ECOLE NORMALE SUPERIEURE DE BOUZAREAH),,none_assigned,,not_applicable,,not_applicable,99
M00PSN01,LANGUE AMAZIGHE (P.E.S) -- pour bacheliers SIDIBEL- ABBES,B19,ANNEXE TIZI OUZOU (ECOLE NORMALE SUPERIEURE DE BOUZAREAH),,none_assigned,,not_applicable,,not_applicable,99
M00PSN01,LANGUE AMAZIGHE (P.E.S) -- pour bacheliers ANNABA,B19,ANNEXE TIZI OUZOU (ECOLE NORMALE SUPERIEURE DE BOUZAREAH),,none_assigned,,not_applicable,,not_applicable,99
M00PSN01,LANGUE AMAZIGHE (P.E.S) -- pour bacheliers GUELMA,B19,ANNEXE TIZI OUZOU (ECOLE NORMALE SUPERIEURE DE BOUZAREAH),,none_assigned,,not_applicable,,not_applicable,100
M00PSN01,LANGUE AMAZIGHE (P.E.S) -- pour bacheliers CONSTANTINE,B19,ANNEXE TIZI OUZOU (ECOLE NORMALE SUPERIEURE DE BOUZAREAH),,none_assigned,,not_applicable,,not_applicable,100
M00PSN01,LANGUE AMAZIGHE (P.E.S) -- pour bacheliers MEDEA,B19,ANNEXE TIZI OUZOU (ECOLE NORMALE SUPERIEURE DE BOUZAREAH),,none_assigned,,not_applicable,,not_applicable,100
M00PSN01,LANGUE AMAZIGHE (P.E.S) -- pour bacheliers MOSTAGANEM,B19,ANNEXE TIZI OUZOU (ECOLE NORMALE SUPERIEURE DE BOUZAREAH),,none_assigned,,not_applicable,,not_applicable,100
M00PSN01,LANGUE AMAZIGHE (P.E.S) -- pour bacheliers MSILA,B19,ANNEXE TIZI OUZOU (ECOLE NORMALE SUPERIEURE DE BOUZAREAH),,none_assigned,,not_applicable,,not_applicable,100
M00PSN01,LANGUE AMAZIGHE (P.E.S) -- pour bacheliers MASCARA,B19,ANNEXE TIZI OUZOU (ECOLE NORMALE SUPERIEURE DE BOUZAREAH),,none_assigned,,not_applicable,,not_applicable,100
M00PSN01,LANGUE AMAZIGHE (P.E.S) -- pour bacheliers OUARGLA,B19,ANNEXE TIZI OUZOU (ECOLE NORMALE SUPERIEURE DE BOUZAREAH),,none_assigned,,not_applicable,,not_applicable,100
M00PSN01,LANGUE AMAZIGHE (P.E.S) -- pour bacheliers ORAN,B19,ANNEXE TIZI OUZOU (ECOLE NORMALE SUPERIEURE DE BOUZAREAH),,none_assigned,,not_applicable,,not_applicable,100
M00PSN01,LANGUE AMAZIGHE (P.E.S) -- pour bacheliers EL BAYADH,B19,ANNEXE TIZI OUZOU (ECOLE NORMALE SUPERIEURE DE BOUZAREAH),,none_assigned,,not_applicable,,not_applicable,100
M00PSN01,LANGUE AMAZIGHE (P.E.S) -- pour bacheliers ILLIZI,B19,ANNEXE TIZI OUZOU (ECOLE NORMALE SUPERIEURE DE BOUZAREAH),,none_assigned,,not_applicable,,not_applicable,100
M00PSN01,LANGUE AMAZIGHE (P.E.S) -- pour bacheliers B.B.ARRERIDJ,B19,ANNEXE TIZI OUZOU (ECOLE NORMALE SUPERIEURE DE BOUZAREAH),13.49,value,,not_applicable,,not_applicable,100
M00PSN01,LANGUE AMAZIGHE (P.E.S) -- pour bacheliers BOUMERDES,B19,ANNEXE TIZI OUZOU (ECOLE NORMALE SUPERIEURE DE BOUZAREAH),14.81,value,,not_applicable,,not_applicable,100
M00PSN01,LANGUE AMAZIGHE (P.E.S) -- pour bacheliers ELTARF,B19,ANNEXE TIZI OUZOU (ECOLE NORMALE SUPERIEURE DE BOUZAREAH),,none_assigned,,not_applicable,,not_applicable,100
M00PSN01,LANGUE AMAZIGHE (P.E.S) -- pour bacheliers TINDOUF,B19,ANNEXE TIZI OUZOU (ECOLE NORMALE SUPERIEURE DE BOUZAREAH),,none_assigned,,not_applicable,,not_applicable,100
M00PSN01,LANGUE AMAZIGHE (P.E.S) -- pour bacheliers TISSEMSILT,B19,ANNEXE TIZI OUZOU (ECOLE NORMALE SUPERIEURE DE BOUZAREAH),13.64,value,,not_applicable,,not_applicable,101
M00PSN01,LANGUE AMAZIGHE (P.E.S) -- pour bacheliers EL OUED,B19,ANNEXE TIZI OUZOU (ECOLE NORMALE SUPERIEURE DE BOUZAREAH),,none_assigned,,not_applicable,,not_applicable,101
M00PSN01,LANGUE AMAZIGHE (P.E.S) -- pour bacheliers KHENCHLA,B19,ANNEXE TIZI OUZOU (ECOLE NORMALE SUPERIEURE DE BOUZAREAH),,none_assigned,,not_applicable,,not_applicable,101
M00PSN01,LANGUE AMAZIGHE (P.E.S) -- pour bacheliers SOUK-AHRAS,B19,ANNEXE TIZI OUZOU (ECOLE NORMALE SUPERIEURE DE BOUZAREAH),,NC,,not_applicable,,not_applicable,101
M00PSN01,LANGUE AMAZIGHE (P.E.S) -- pour bacheliers TIPAZA,B19,ANNEXE TIZI OUZOU (ECOLE NORMALE SUPERIEURE DE BOUZAREAH),,none_assigned,,not_applicable,,not_applicable,101
M00PSN01,LANGUE AMAZIGHE (P.E.S) -- pour bacheliers MILA,B19,ANNEXE TIZI OUZOU (ECOLE NORMALE SUPERIEURE DE BOUZAREAH),15.14,value,,not_applicable,,not_applicable,101
M00PSN01,LANGUE AMAZIGHE (P.E.S) -- pour bacheliers AIN-DEFLA,B19,ANNEXE TIZI OUZOU (ECOLE NORMALE SUPERIEURE DE BOUZAREAH),,none_assigned,,not_applicable,,not_applicable,101
M00PSN01,LANGUE AMAZIGHE (P.E.S) -- pour bacheliers NAAMA,B19,ANNEXE TIZI OUZOU (ECOLE NORMALE SUPERIEURE DE BOUZAREAH),13.74,value,,not_applicable,,not_applicable,101
M00PSN01,LANGUE AMAZIGHE (P.E.S) -- pour bacheliers AIN- TEMOUCHENT,B19,ANNEXE TIZI OUZOU (ECOLE NORMALE SUPERIEURE DE BOUZAREAH),,none_assigned,,not_applicable,,not_applicable,101
M00PSN01,LANGUE AMAZIGHE (P.E.S) -- pour bacheliers GHARDAIA,B19,ANNEXE TIZI OUZOU (ECOLE NORMALE SUPERIEURE DE BOUZAREAH),,none_assigned,,not_applicable,,not_applicable,101
M00PSN01,LANGUE AMAZIGHE (P.E.S) -- pour bacheliers RELIZANE,B19,ANNEXE TIZI OUZOU (ECOLE NORMALE SUPERIEURE DE BOUZAREAH),,none_assigned,,not_applicable,,not_applicable,101
M00PSN01,LANGUE AMAZIGHE (P.E.S) -- pour bacheliers TIMIMOUN,B19,ANNEXE TIZI OUZOU (ECOLE NORMALE SUPERIEURE DE BOUZAREAH),,none_assigned,,not_applicable,,not_applicable,101
M00PSN01,LANGUE AMAZIGHE (P.E.S) -- pour bacheliers BORDJ BADJI MOKHTAR,B19,ANNEXE TIZI OUZOU (ECOLE NORMALE SUPERIEURE DE BOUZAREAH),,none_assigned,,not_applicable,,not_applicable,101
M00PSN01,LANGUE AMAZIGHE (P.E.S) -- pour bacheliers OULED DJELLAL,B19,ANNEXE TIZI OUZOU (ECOLE NORMALE SUPERIEURE DE BOUZAREAH),,none_assigned,,not_applicable,,not_applicable,101
M00PSN01,LANGUE AMAZIGHE (P.E.S) -- pour bacheliers BENI ABBES,B19,ANNEXE TIZI OUZOU (ECOLE NORMALE SUPERIEURE DE BOUZAREAH),,none_assigned,,not_applicable,,not_applicable,102
M00PSN01,LANGUE AMAZIGHE (P.E.S) -- pour bacheliers IN SALAH,B19,ANNEXE TIZI OUZOU (ECOLE NORMALE SUPERIEURE DE BOUZAREAH),,none_assigned,,not_applicable,,not_applicable,102
M00PSN01,LANGUE AMAZIGHE (P.E.S) -- pour bacheliers IN GUEZZAM,B19,ANNEXE TIZI OUZOU (ECOLE NORMALE SUPERIEURE DE BOUZAREAH),,none_assigned,,not_applicable,,not_applicable,102
M00PSN01,LANGUE AMAZIGHE (P.E.S) -- pour bacheliers TOUGGOURT,B19,ANNEXE TIZI OUZOU (ECOLE NORMALE SUPERIEURE DE BOUZAREAH),,none_assigned,,not_applicable,,not_applicable,102
M00PSN01,LANGUE AMAZIGHE (P.E.S) -- pour bacheliers DJANET,B19,ANNEXE TIZI OUZOU (ECOLE NORMALE SUPERIEURE DE BOUZAREAH),,NC,,not_applicable,,not_applicable,102
M00PSN01,LANGUE AMAZIGHE (P.E.S) -- pour bacheliers EL MGHAIER,B19,ANNEXE TIZI OUZOU (ECOLE NORMALE SUPERIEURE DE BOUZAREAH),,none_assigned,,not_applicable,,not_applicable,102
M00PSN01,LANGUE AMAZIGHE (P.E.S) -- pour bacheliers EL MENIAA,B19,ANNEXE TIZI OUZOU (ECOLE NORMALE SUPERIEURE DE BOUZAREAH),,none_assigned,,not_applicable,,not_applicable,102
J00PML01,EDUCATION PHYSIQUE ET SPORTIVE (P.E.M) -- pour bacheliers TAMANRASSET,B48,UNIVERSITE D ALGER 3 (ECOLE NORMALE SUPERIEURE DE BOUZAREAH),11.68,value,,not_applicable,,not_applicable,102
J00PML01,EDUCATION PHYSIQUE ET SPORTIVE (P.E.M) -- pour bacheliers TIZI-OUZOU,B48,UNIVERSITE D ALGER 3 (ECOLE NORMALE SUPERIEURE DE BOUZAREAH),13.56,value,,not_applicable,,not_applicable,102
J00PML01,EDUCATION PHYSIQUE ET SPORTIVE (P.E.M) -- pour bacheliers ALGER,B48,UNIVERSITE D ALGER 3 (ECOLE NORMALE SUPERIEURE DE BOUZAREAH),13.83,value,,not_applicable,,not_applicable,102
J00PML01,EDUCATION PHYSIQUE ET SPORTIVE (P.E.M) -- pour bacheliers ILLIZI,B48,UNIVERSITE D ALGER 3 (ECOLE NORMALE SUPERIEURE DE BOUZAREAH),12.48,value,,not_applicable,,not_applicable,102
J00PML01,EDUCATION PHYSIQUE ET SPORTIVE (P.E.M) -- pour bacheliers BOUMERDES,B48,UNIVERSITE D ALGER 3 (ECOLE NORMALE SUPERIEURE DE BOUZAREAH),13.77,value,,not_applicable,,not_applicable,102
J00PML01,EDUCATION PHYSIQUE ET SPORTIVE (P.E.M) -- pour bacheliers TINDOUF,B48,UNIVERSITE D ALGER 3 (ECOLE NORMALE SUPERIEURE DE BOUZAREAH),13.11,value,,not_applicable,,not_applicable,102
J00PML01,EDUCATION PHYSIQUE ET SPORTIVE (P.E.M) -- pour bacheliers TIPAZA,B48,UNIVERSITE D ALGER 3 (ECOLE NORMALE SUPERIEURE DE BOUZAREAH),14.86,value,,not_applicable,,not_applicable,102
J00PML01,EDUCATION PHYSIQUE ET SPORTIVE (P.E.M) -- pour bacheliers TIMIMOUN,B48,UNIVERSITE D ALGER 3 (ECOLE NORMALE SUPERIEURE DE BOUZAREAH),14.51,value,,not_applicable,,not_applicable,103
J00PML01,EDUCATION PHYSIQUE ET SPORTIVE (P.E.M) -- pour bacheliers BORDJ BADJI MOKHTAR,B48,UNIVERSITE D ALGER 3 (ECOLE NORMALE SUPERIEURE DE BOUZAREAH),,NC,,not_applicable,,not_applicable,103
J00PML01,EDUCATION PHYSIQUE ET SPORTIVE (P.E.M) -- pour bacheliers IN SALAH,B48,UNIVERSITE D ALGER 3 (ECOLE NORMALE SUPERIEURE DE BOUZAREAH),12.64,value,,not_applicable,,not_applicable,103
J00PML01,EDUCATION PHYSIQUE ET SPORTIVE (P.E.M) -- pour bacheliers IN GUEZZAM,B48,UNIVERSITE D ALGER 3 (ECOLE NORMALE SUPERIEURE DE BOUZAREAH),11.15,value,,not_applicable,,not_applicable,103
J00PML01,EDUCATION PHYSIQUE ET SPORTIVE (P.E.M) -- pour bacheliers DJANET,B48,UNIVERSITE D ALGER 3 (ECOLE NORMALE SUPERIEURE DE BOUZAREAH),10.0,value,,not_applicable,,not_applicable,103
J00PSL01,EDUCATION PHYSIQUE ET SPORTIVE (P.E.S) -- pour bacheliers TAMANRASSET,B48,UNIVERSITE D ALGER 3 (ECOLE NORMALE SUPERIEURE DE BOUZAREAH),14.28,value,,not_applicable,,not_applicable,103
J00PSL01,EDUCATION PHYSIQUE ET SPORTIVE (P.E.S) -- pour bacheliers TIZI-OUZOU,B48,UNIVERSITE D ALGER 3 (ECOLE NORMALE SUPERIEURE DE BOUZAREAH),14.58,value,,not_applicable,,not_applicable,103
J00PSL01,EDUCATION PHYSIQUE ET SPORTIVE (P.E.S) -- pour bacheliers ALGER,B48,UNIVERSITE D ALGER 3 (ECOLE NORMALE SUPERIEURE DE BOUZAREAH),14.38,value,,not_applicable,,not_applicable,103
J00PSL01,EDUCATION PHYSIQUE ET SPORTIVE (P.E.S) -- pour bacheliers ILLIZI,B48,UNIVERSITE D ALGER 3 (ECOLE NORMALE SUPERIEURE DE BOUZAREAH),12.16,value,,not_applicable,,not_applicable,103
J00PSL01,EDUCATION PHYSIQUE ET SPORTIVE (P.E.S) -- pour bacheliers BOUMERDES,B48,UNIVERSITE D ALGER 3 (ECOLE NORMALE SUPERIEURE DE BOUZAREAH),14.36,value,,not_applicable,,not_applicable,103
J00PSL01,EDUCATION PHYSIQUE ET SPORTIVE (P.E.S) -- pour bacheliers TINDOUF,B48,UNIVERSITE D ALGER 3 (ECOLE NORMALE SUPERIEURE DE BOUZAREAH),14.33,value,,not_applicable,,not_applicable,103
J00PSL01,EDUCATION PHYSIQUE ET SPORTIVE (P.E.S) -- pour bacheliers TIPAZA,B48,UNIVERSITE D ALGER 3 (ECOLE NORMALE SUPERIEURE DE BOUZAREAH),15.55,value,,not_applicable,,not_applicable,103
J00PSL01,EDUCATION PHYSIQUE ET SPORTIVE (P.E.S) -- pour bacheliers TIMIMOUN,B48,UNIVERSITE D ALGER 3 (ECOLE NORMALE SUPERIEURE DE BOUZAREAH),14.8,value,,not_applicable,,not_applicable,103
J00PSL01,EDUCATION PHYSIQUE ET SPORTIVE (P.E.S) -- pour bacheliers BORDJ BADJI MOKHTAR,B48,UNIVERSITE D ALGER 3 (ECOLE NORMALE SUPERIEURE DE BOUZAREAH),,NC,,not_applicable,,not_applicable,103
J00PSL01,EDUCATION PHYSIQUE ET SPORTIVE (P.E.S) -- pour bacheliers BENI ABBES,B48,UNIVERSITE D ALGER 3 (ECOLE NORMALE SUPERIEURE DE BOUZAREAH),11.72,value,,not_applicable,,not_applicable,104
J00PSL01,EDUCATION PHYSIQUE ET SPORTIVE (P.E.S) -- pour bacheliers IN SALAH,B48,UNIVERSITE D ALGER 3 (ECOLE NORMALE SUPERIEURE DE BOUZAREAH),13.56,value,,not_applicable,,not_applicable,104
J00PSL01,EDUCATION PHYSIQUE ET SPORTIVE (P.E.S) -- pour bacheliers IN GUEZZAM,B48,UNIVERSITE D ALGER 3 (ECOLE NORMALE SUPERIEURE DE BOUZAREAH),,none_assigned,,not_applicable,,not_applicable,104
J00PSL01,EDUCATION PHYSIQUE ET SPORTIVE (P.E.S) -- pour bacheliers DJANET,B48,UNIVERSITE D ALGER 3 (ECOLE NORMALE SUPERIEURE DE BOUZAREAH),10.19,value,,not_applicable,,not_applicable,104
I02PSL01,SCIENCES ISLAMIQUES (PROFESSEUR DE L ENSEIGNEMENT SECONDAIRE) -- pour bacheliers LAGHOUAT,B53,UNIVERSITE ALGER 1 (ECOLE NORMALE SUPERIEURE DE BOUZAREAH),14.8,value,,not_applicable,,not_applicable,104
I02PSL01,SCIENCES ISLAMIQUES (PROFESSEUR DE L ENSEIGNEMENT SECONDAIRE) -- pour bacheliers BEJAIA,B53,UNIVERSITE ALGER 1 (ECOLE NORMALE SUPERIEURE DE BOUZAREAH),15.28,value,,not_applicable,,not_applicable,104
I02PSL01,SCIENCES ISLAMIQUES (PROFESSEUR DE L ENSEIGNEMENT SECONDAIRE) -- pour bacheliers BLIDA,B53,UNIVERSITE ALGER 1 (ECOLE NORMALE SUPERIEURE DE BOUZAREAH),15.89,value,,not_applicable,,not_applicable,104
I02PSL01,SCIENCES ISLAMIQUES (PROFESSEUR DE L ENSEIGNEMENT SECONDAIRE) -- pour bacheliers BOUIRA,B53,UNIVERSITE ALGER 1 (ECOLE NORMALE SUPERIEURE DE BOUZAREAH),16.07,value,,not_applicable,,not_applicable,104
I02PSL01,SCIENCES ISLAMIQUES (PROFESSEUR DE L ENSEIGNEMENT SECONDAIRE) -- pour bacheliers TAMANRASSET,B53,UNIVERSITE ALGER 1 (ECOLE NORMALE SUPERIEURE DE BOUZAREAH),,none_assigned,,not_applicable,,not_applicable,104
I02PSL01,SCIENCES ISLAMIQUES (PROFESSEUR DE L ENSEIGNEMENT SECONDAIRE) -- pour bacheliers TIZI- OUZOU,B53,UNIVERSITE ALGER 1 (ECOLE NORMALE SUPERIEURE DE BOUZAREAH),15.03,value,,not_applicable,,not_applicable,104
I02PSL01,SCIENCES ISLAMIQUES (PROFESSEUR DE L ENSEIGNEMENT SECONDAIRE) -- pour bacheliers ALGER,B53,UNIVERSITE ALGER 1 (ECOLE NORMALE SUPERIEURE DE BOUZAREAH),15.29,value,,not_applicable,,not_applicable,104
I02PSL01,SCIENCES ISLAMIQUES (PROFESSEUR DE L ENSEIGNEMENT SECONDAIRE) -- pour bacheliers DJELFA,B53,UNIVERSITE ALGER 1 (ECOLE NORMALE SUPERIEURE DE BOUZAREAH),15.62,value,,not_applicable,,not_applicable,104
I02PSL01,SCIENCES ISLAMIQUES (PROFESSEUR DE L ENSEIGNEMENT SECONDAIRE) -- pour bacheliers MEDEA,B53,UNIVERSITE ALGER 1 (ECOLE NORMALE SUPERIEURE DE BOUZAREAH),16.31,value,,not_applicable,,not_applicable,104
I02PSL01,SCIENCES ISLAMIQUES (PROFESSEUR DE L ENSEIGNEMENT SECONDAIRE) -- pour bacheliers ILLIZI,B53,UNIVERSITE ALGER 1 (ECOLE NORMALE SUPERIEURE DE BOUZAREAH),,NC,,not_applicable,,not_applicable,105
I02PSL01,SCIENCES ISLAMIQUES (PROFESSEUR DE L ENSEIGNEMENT SECONDAIRE) -- pour bacheliers BOUMERDES,B53,UNIVERSITE ALGER 1 (ECOLE NORMALE SUPERIEURE DE BOUZAREAH),15.0,value,,not_applicable,,not_applicable,105
I02PSL01,SCIENCES ISLAMIQUES (PROFESSEUR DE L ENSEIGNEMENT SECONDAIRE) -- pour bacheliers TINDOUF,B53,UNIVERSITE ALGER 1 (ECOLE NORMALE SUPERIEURE DE BOUZAREAH),16.55,value,,not_applicable,,not_applicable,105
I02PSL01,SCIENCES ISLAMIQUES (PROFESSEUR DE L ENSEIGNEMENT SECONDAIRE) -- pour bacheliers TISSEMSILT,B53,UNIVERSITE ALGER 1 (ECOLE NORMALE SUPERIEURE DE BOUZAREAH),16.72,value,,not_applicable,,not_applicable,105
I02PSL01,SCIENCES ISLAMIQUES (PROFESSEUR DE L ENSEIGNEMENT SECONDAIRE) -- pour bacheliers TIPAZA,B53,UNIVERSITE ALGER 1 (ECOLE NORMALE SUPERIEURE DE BOUZAREAH),16.61,value,,not_applicable,,not_applicable,105
I02PSL01,SCIENCES ISLAMIQUES (PROFESSEUR DE L ENSEIGNEMENT SECONDAIRE) -- pour bacheliers AIN-DEFLA,B53,UNIVERSITE ALGER 1 (ECOLE NORMALE SUPERIEURE DE BOUZAREAH),16.03,value,,not_applicable,,not_applicable,105
I02PSL01,SCIENCES ISLAMIQUES (PROFESSEUR DE L ENSEIGNEMENT SECONDAIRE) -- pour bacheliers GHARDAIA,B53,UNIVERSITE ALGER 1 (ECOLE NORMALE SUPERIEURE DE BOUZAREAH),14.87,value,,not_applicable,,not_applicable,105
I02PSL01,SCIENCES ISLAMIQUES (PROFESSEUR DE L ENSEIGNEMENT SECONDAIRE) -- pour bacheliers TIMIMOUN,B53,UNIVERSITE ALGER 1 (ECOLE NORMALE SUPERIEURE DE BOUZAREAH),,NC,,not_applicable,,not_applicable,105
I02PSL01,SCIENCES ISLAMIQUES (PROFESSEUR DE L ENSEIGNEMENT SECONDAIRE) -- pour bacheliers BORDJ BADJI MOKHTAR,B53,UNIVERSITE ALGER 1 (ECOLE NORMALE SUPERIEURE DE BOUZAREAH),,NC,,not_applicable,,not_applicable,105
I02PSL01,SCIENCES ISLAMIQUES (PROFESSEUR DE L ENSEIGNEMENT SECONDAIRE) -- pour bacheliers IN SALAH,B53,UNIVERSITE ALGER 1 (ECOLE NORMALE SUPERIEURE DE BOUZAREAH),,none_assigned,,not_applicable,,not_applicable,105
I02PSL01,SCIENCES ISLAMIQUES (PROFESSEUR DE L ENSEIGNEMENT SECONDAIRE) -- pour bacheliers IN GUEZZAM,B53,UNIVERSITE ALGER 1 (ECOLE NORMALE SUPERIEURE DE BOUZAREAH),,NC,,not_applicable,,not_applicable,105
I02PSL01,SCIENCES ISLAMIQUES (PROFESSEUR DE L ENSEIGNEMENT SECONDAIRE) -- pour bacheliers DJANET,B53,UNIVERSITE ALGER 1 (ECOLE NORMALE SUPERIEURE DE BOUZAREAH),,NC,,not_applicable,,not_applicable,105
I02PSL01,SCIENCES ISLAMIQUES (PROFESSEUR DE L ENSEIGNEMENT SECONDAIRE) -- pour bacheliers EL MENIAA,B53,UNIVERSITE ALGER 1 (ECOLE NORMALE SUPERIEURE DE BOUZAREAH),15.77,value,,not_applicable,,not_applicable,106
B00PML01,SCIENCES PHYSIQUE ET TECHNOLOGIE (P.E.M) -- pour bacheliers TAMANRASSET,C09,ECOLE NORMALE SUPERIEURE KOUBA (E.N.S),,NC,,NC,,not_applicable,106
B00PML01,SCIENCES PHYSIQUE ET TECHNOLOGIE (P.E.M) -- pour bacheliers ALGER,C09,ECOLE NORMALE SUPERIEURE KOUBA (E.N.S),14.65,value,15.37,value,,not_applicable,106
B00PML01,SCIENCES PHYSIQUE ET TECHNOLOGIE (P.E.M) -- pour bacheliers ILLIZI,C09,ECOLE NORMALE SUPERIEURE KOUBA (E.N.S),,NC,,NC,,not_applicable,106
B00PML01,SCIENCES PHYSIQUE ET TECHNOLOGIE (P.E.M) -- pour bacheliers BOUMERDES,C09,ECOLE NORMALE SUPERIEURE KOUBA (E.N.S),14.5,value,15.26,value,,not_applicable,106
B00PML01,SCIENCES PHYSIQUE ET TECHNOLOGIE (P.E.M) -- pour bacheliers TIPAZA,C09,ECOLE NORMALE SUPERIEURE KOUBA (E.N.S),14.47,value,15.16,value,,not_applicable,106
B00PML01,SCIENCES PHYSIQUE ET TECHNOLOGIE (P.E.M) -- pour bacheliers IN SALAH,C09,ECOLE NORMALE SUPERIEURE KOUBA (E.N.S),,NC,,NC,,not_applicable,106
B00PML01,SCIENCES PHYSIQUE ET TECHNOLOGIE (P.E.M) -- pour bacheliers IN GUEZZAM,C09,ECOLE NORMALE SUPERIEURE KOUBA (E.N.S),,NC,,NC,,not_applicable,106
B00PML01,SCIENCES PHYSIQUE ET TECHNOLOGIE (P.E.M) -- pour bacheliers DJANET,C09,ECOLE NORMALE SUPERIEURE KOUBA (E.N.S),,NC,,NC,,not_applicable,106
B00PSL01,SCIENCES PHYSIQUES (P.E.S.) -- pour bacheliers TAMANRASSET,C09,ECOLE NORMALE SUPERIEURE KOUBA (E.N.S),,NC,,NC,,not_applicable,106
B00PSL01,SCIENCES PHYSIQUES (P.E.S.) -- pour bacheliers ALGER,C09,ECOLE NORMALE SUPERIEURE KOUBA (E.N.S),15.48,value,16.23,value,,not_applicable,106
B00PSL01,SCIENCES PHYSIQUES (P.E.S.) -- pour bacheliers ILLIZI,C09,ECOLE NORMALE SUPERIEURE KOUBA (E.N.S),,NC,,NC,,not_applicable,106
B00PSL01,SCIENCES PHYSIQUES (P.E.S.) -- pour bacheliers BOUMERDES,C09,ECOLE NORMALE SUPERIEURE KOUBA (E.N.S),15.38,value,16.2,value,,not_applicable,106
B00PSL01,SCIENCES PHYSIQUES (P.E.S.) -- pour bacheliers IN SALAH,C09,ECOLE NORMALE SUPERIEURE KOUBA (E.N.S),,none_assigned,14.48,value,,not_applicable,106
B00PSL01,SCIENCES PHYSIQUES (P.E.S.) -- pour bacheliers IN GUEZZAM,C09,ECOLE NORMALE SUPERIEURE KOUBA (E.N.S),,NC,,NC,,not_applicable,106
B00PSL01,SCIENCES PHYSIQUES (P.E.S.) -- pour bacheliers DJANET,C09,ECOLE NORMALE SUPERIEURE KOUBA (E.N.S),,NC,,NC,,not_applicable,106
C01PML01,INFORMATIQUE (P.E.M) -- pour bacheliers BLIDA,C09,ECOLE NORMALE SUPERIEURE KOUBA (E.N.S),16.52,value,,none_assigned,,not_applicable,107
C01PML01,INFORMATIQUE (P.E.M) -- pour bacheliers BOUIRA,C09,ECOLE NORMALE SUPERIEURE KOUBA (E.N.S),15.05,value,15.69,value,,not_applicable,107
C01PML01,INFORMATIQUE (P.E.M) -- pour bacheliers TAMANRASSET,C09,ECOLE NORMALE SUPERIEURE KOUBA (E.N.S),,NC,,NC,,not_applicable,107
C01PML01,INFORMATIQUE (P.E.M) -- pour bacheliers TIARET,C09,ECOLE NORMALE SUPERIEURE KOUBA (E.N.S),,none_assigned,,none_assigned,,not_applicable,107
C01PML01,INFORMATIQUE (P.E.M) -- pour bacheliers TIZI-OUZOU,C09,ECOLE NORMALE SUPERIEURE KOUBA (E.N.S),14.29,value,14.18,value,,not_applicable,107
C01PML01,INFORMATIQUE (P.E.M) -- pour bacheliers ALGER,C09,ECOLE NORMALE SUPERIEURE KOUBA (E.N.S),14.36,value,15.02,value,,not_applicable,107
C01PML01,INFORMATIQUE (P.E.M) -- pour bacheliers ILLIZI,C09,ECOLE NORMALE SUPERIEURE KOUBA (E.N.S),,NC,,NC,,not_applicable,107
C01PML01,INFORMATIQUE (P.E.M) -- pour bacheliers BOUMERDES,C09,ECOLE NORMALE SUPERIEURE KOUBA (E.N.S),14.98,value,,none_assigned,,not_applicable,107
C01PML01,INFORMATIQUE (P.E.M) -- pour bacheliers TIPAZA,C09,ECOLE NORMALE SUPERIEURE KOUBA (E.N.S),14.47,value,15.45,value,,not_applicable,107
C01PML01,INFORMATIQUE (P.E.M) -- pour bacheliers IN SALAH,C09,ECOLE NORMALE SUPERIEURE KOUBA (E.N.S),,NC,,NC,,not_applicable,107
C01PML01,INFORMATIQUE (P.E.M) -- pour bacheliers IN GUEZZAM,C09,ECOLE NORMALE SUPERIEURE KOUBA (E.N.S),,NC,,NC,,not_applicable,107
C01PML01,INFORMATIQUE (P.E.M) -- pour bacheliers DJANET,C09,ECOLE NORMALE SUPERIEURE KOUBA (E.N.S),,NC,,NC,,not_applicable,107
C01PML01,INFORMATIQUE (P.E.M) -- pour bacheliers EL MENIAA,C09,ECOLE NORMALE SUPERIEURE KOUBA (E.N.S),,none_assigned,14.75,value,,not_applicable,107
C01PSL01,INFORMATIQUE (P.E.S) -- pour bacheliers TAMANRASSET,C09,ECOLE NORMALE SUPERIEURE KOUBA (E.N.S),14.69,value,,none_assigned,,not_applicable,107
C01PSL01,INFORMATIQUE (P.E.S) -- pour bacheliers TIZI-OUZOU,C09,ECOLE NORMALE SUPERIEURE KOUBA (E.N.S),15.38,value,,none_assigned,,not_applicable,107
C01PSL01,INFORMATIQUE (P.E.S) -- pour bacheliers ALGER,C09,ECOLE NORMALE SUPERIEURE KOUBA (E.N.S),14.74,value,15.5,value,,not_applicable,107
C01PSL01,INFORMATIQUE (P.E.S) -- pour bacheliers MSILA,C09,ECOLE NORMALE SUPERIEURE KOUBA (E.N.S),16.37,value,,none_assigned,,not_applicable,107
C01PSL01,INFORMATIQUE (P.E.S) -- pour bacheliers ILLIZI,C09,ECOLE NORMALE SUPERIEURE KOUBA (E.N.S),14.16,value,,none_assigned,,not_applicable,107
C01PSL01,INFORMATIQUE (P.E.S) -- pour bacheliers BOUMERDES,C09,ECOLE NORMALE SUPERIEURE KOUBA (E.N.S),14.88,value,15.69,value,,not_applicable,107
C01PSL01,INFORMATIQUE (P.E.S) -- pour bacheliers IN GUEZZAM,C09,ECOLE NORMALE SUPERIEURE KOUBA (E.N.S),,none_assigned,,none_assigned,,not_applicable,107
C01PSL01,INFORMATIQUE (P.E.S) -- pour bacheliers TOUGGOURT,C09,ECOLE NORMALE SUPERIEURE KOUBA (E.N.S),15.26,value,15.65,value,,not_applicable,107
C01PSL01,INFORMATIQUE (P.E.S) -- pour bacheliers DJANET,C09,ECOLE NORMALE SUPERIEURE KOUBA (E.N.S),,NC,,NC,,not_applicable,107
C02PML01,MATHEMATIQUES (P.E.M) -- pour bacheliers TAMANRASSET,C09,ECOLE NORMALE SUPERIEURE KOUBA (E.N.S),,NC,,NC,,not_applicable,107
C02PML01,MATHEMATIQUES (P.E.M) -- pour bacheliers ALGER,C09,ECOLE NORMALE SUPERIEURE KOUBA (E.N.S),14.5,value,15.21,value,,not_applicable,107
C02PML01,MATHEMATIQUES (P.E.M) -- pour bacheliers ILLIZI,C09,ECOLE NORMALE SUPERIEURE KOUBA (E.N.S),,NC,,NC,,not_applicable,107
C02PML01,MATHEMATIQUES (P.E.M) -- pour bacheliers BOUMERDES,C09,ECOLE NORMALE SUPERIEURE KOUBA (E.N.S),14.36,value,15.04,value,,not_applicable,108
C02PML01,MATHEMATIQUES (P.E.M) -- pour bacheliers TIPAZA,C09,ECOLE NORMALE SUPERIEURE KOUBA (E.N.S),14.91,value,15.77,value,,not_applicable,108
C02PML01,MATHEMATIQUES (P.E.M) -- pour bacheliers IN SALAH,C09,ECOLE NORMALE SUPERIEURE KOUBA (E.N.S),,NC,,NC,,not_applicable,108
C02PML01,MATHEMATIQUES (P.E.M) -- pour bacheliers IN GUEZZAM,C09,ECOLE NORMALE SUPERIEURE KOUBA (E.N.S),,NC,,NC,,not_applicable,108
C02PML01,MATHEMATIQUES (P.E.M) -- pour bacheliers DJANET,C09,ECOLE NORMALE SUPERIEURE KOUBA (E.N.S),,NC,,NC,,not_applicable,108
C02PSL01,MATHEMATIQUES (P.E.S.) -- pour bacheliers TAMANRASSET,C09,ECOLE NORMALE SUPERIEURE KOUBA (E.N.S),15.15,value,14.12,value,,not_applicable,108
C02PSL01,MATHEMATIQUES (P.E.S.) -- pour bacheliers ALGER,C09,ECOLE NORMALE SUPERIEURE KOUBA (E.N.S),15.31,value,16.08,value,,not_applicable,108
C02PSL01,MATHEMATIQUES (P.E.S.) -- pour bacheliers ILLIZI,C09,ECOLE NORMALE SUPERIEURE KOUBA (E.N.S),,NC,,NC,,not_applicable,108
C02PSL01,MATHEMATIQUES (P.E.S.) -- pour bacheliers BOUMERDES,C09,ECOLE NORMALE SUPERIEURE KOUBA (E.N.S),14.84,value,15.58,value,,not_applicable,108
C02PSL01,MATHEMATIQUES (P.E.S.) -- pour bacheliers IN SALAH,C09,ECOLE NORMALE SUPERIEURE KOUBA (E.N.S),15.53,value,15.33,value,,not_applicable,108
C02PSL01,MATHEMATIQUES (P.E.S.) -- pour bacheliers IN GUEZZAM,C09,ECOLE NORMALE SUPERIEURE KOUBA (E.N.S),,NC,,NC,,not_applicable,108
C02PSL01,MATHEMATIQUES (P.E.S.) -- pour bacheliers DJANET,C09,ECOLE NORMALE SUPERIEURE KOUBA (E.N.S),,NC,,NC,,not_applicable,108
D00PML01,SCIENCES NATURELLES (P.E.M) -- pour bacheliers ADRAR,C09,ECOLE NORMALE SUPERIEURE KOUBA (E.N.S),,NC,,not_applicable,,not_applicable,108
D00PML01,SCIENCES NATURELLES (P.E.M) -- pour bacheliers TAMANRASSET,C09,ECOLE NORMALE SUPERIEURE KOUBA (E.N.S),,NC,,not_applicable,,not_applicable,108
D00PML01,SCIENCES NATURELLES (P.E.M) -- pour bacheliers ALGER,C09,ECOLE NORMALE SUPERIEURE KOUBA (E.N.S),15.42,value,,not_applicable,,not_applicable,108
D00PML01,SCIENCES NATURELLES (P.E.M) -- pour bacheliers ILLIZI,C09,ECOLE NORMALE SUPERIEURE KOUBA (E.N.S),14.59,value,,not_applicable,,not_applicable,108
D00PML01,SCIENCES NATURELLES (P.E.M) -- pour bacheliers BOUMERDES,C09,ECOLE NORMALE SUPERIEURE KOUBA (E.N.S),15.02,value,,not_applicable,,not_applicable,108
D00PML01,SCIENCES NATURELLES (P.E.M) -- pour bacheliers TINDOUF,C09,ECOLE NORMALE SUPERIEURE KOUBA (E.N.S),,NC,,not_applicable,,not_applicable,108
D00PML01,SCIENCES NATURELLES (P.E.M) -- pour bacheliers TIPAZA,C09,ECOLE NORMALE SUPERIEURE KOUBA (E.N.S),15.33,value,,not_applicable,,not_applicable,108
D00PML01,SCIENCES NATURELLES (P.E.M) -- pour bacheliers TIMIMOUN,C09,ECOLE NORMALE SUPERIEURE KOUBA (E.N.S),,NC,,not_applicable,,not_applicable,108
D00PML01,SCIENCES NATURELLES (P.E.M) -- pour bacheliers BORDJ BADJI MOKHTAR,C09,ECOLE NORMALE SUPERIEURE KOUBA (E.N.S),,NC,,not_applicable,,not_applicable,108
D00PML01,SCIENCES NATURELLES (P.E.M) -- pour bacheliers BENI ABBES,C09,ECOLE NORMALE SUPERIEURE KOUBA (E.N.S),,NC,,not_applicable,,not_applicable,109
D00PML01,SCIENCES NATURELLES (P.E.M) -- pour bacheliers IN SALAH,C09,ECOLE NORMALE SUPERIEURE KOUBA (E.N.S),,NC,,not_applicable,,not_applicable,109
D00PML01,SCIENCES NATURELLES (P.E.M) -- pour bacheliers IN GUEZZAM,C09,ECOLE NORMALE SUPERIEURE KOUBA (E.N.S),,none_assigned,,not_applicable,,not_applicable,109
D00PML01,SCIENCES NATURELLES (P.E.M) -- pour bacheliers DJANET,C09,ECOLE NORMALE SUPERIEURE KOUBA (E.N.S),,NC,,not_applicable,,not_applicable,109
D00PSL01,SCIENCES NATURELLES (P.E.S) -- pour bacheliers BECHAR,C09,ECOLE NORMALE SUPERIEURE KOUBA (E.N.S),15.88,value,,not_applicable,,not_applicable,109
D00PSL01,SCIENCES NATURELLES (P.E.S) -- pour bacheliers TAMANRASSET,C09,ECOLE NORMALE SUPERIEURE KOUBA (E.N.S),16.02,value,,not_applicable,,not_applicable,109
D00PSL01,SCIENCES NATURELLES (P.E.S) -- pour bacheliers ALGER,C09,ECOLE NORMALE SUPERIEURE KOUBA (E.N.S),16.02,value,,not_applicable,,not_applicable,109
D00PSL01,SCIENCES NATURELLES (P.E.S) -- pour bacheliers SAIDA,C09,ECOLE NORMALE SUPERIEURE KOUBA (E.N.S),14.6,value,,not_applicable,,not_applicable,109
D00PSL01,SCIENCES NATURELLES (P.E.S) -- pour bacheliers ILLIZI,C09,ECOLE NORMALE SUPERIEURE KOUBA (E.N.S),16.03,value,,not_applicable,,not_applicable,109
D00PSL01,SCIENCES NATURELLES (P.E.S) -- pour bacheliers BOUMERDES,C09,ECOLE NORMALE SUPERIEURE KOUBA (E.N.S),15.72,value,,not_applicable,,not_applicable,109
D00PSL01,SCIENCES NATURELLES (P.E.S) -- pour bacheliers TINDOUF,C09,ECOLE NORMALE SUPERIEURE KOUBA (E.N.S),15.45,value,,not_applicable,,not_applicable,109
D00PSL01,SCIENCES NATURELLES (P.E.S) -- pour bacheliers TIMIMOUN,C09,ECOLE NORMALE SUPERIEURE KOUBA (E.N.S),15.43,value,,not_applicable,,not_applicable,109
D00PSL01,SCIENCES NATURELLES (P.E.S) -- pour bacheliers BORDJ BADJI MOKHTAR,C09,ECOLE NORMALE SUPERIEURE KOUBA (E.N.S),,NC,,not_applicable,,not_applicable,109
D00PSL01,SCIENCES NATURELLES (P.E.S) -- pour bacheliers BENI ABBES,C09,ECOLE NORMALE SUPERIEURE KOUBA (E.N.S),,NC,,not_applicable,,not_applicable,109
D00PSL01,SCIENCES NATURELLES (P.E.S) -- pour bacheliers IN SALAH,C09,ECOLE NORMALE SUPERIEURE KOUBA (E.N.S),16.08,value,,not_applicable,,not_applicable,109
D00PSL01,SCIENCES NATURELLES (P.E.S) -- pour bacheliers IN GUEZZAM,C09,ECOLE NORMALE SUPERIEURE KOUBA (E.N.S),,NC,,not_applicable,,not_applicable,109
D00PSL01,SCIENCES NATURELLES (P.E.S) -- pour bacheliers DJANET,C09,ECOLE NORMALE SUPERIEURE KOUBA (E.N.S),,NC,,not_applicable,,not_applicable,109
K00PMN01,MUSIQUE (P.E.M) -- pour bacheliers ADRAR,C09,ECOLE NORMALE SUPERIEURE KOUBA (E.N.S),,none_assigned,12.31,value,,not_applicable,109
K00PMN01,MUSIQUE (P.E.M) -- pour bacheliers CHLEF,C09,ECOLE NORMALE SUPERIEURE KOUBA (E.N.S),,none_assigned,14.0,value,,not_applicable,109
K00PMN01,MUSIQUE (P.E.M) -- pour bacheliers LAGHOUAT,C09,ECOLE NORMALE SUPERIEURE KOUBA (E.N.S),,none_assigned,13.93,value,,not_applicable,109
K00PMN01,MUSIQUE (P.E.M) -- pour bacheliers OUM-EL-BOUAGHI,C09,ECOLE NORMALE SUPERIEURE KOUBA (E.N.S),,none_assigned,14.5,value,,not_applicable,110
K00PMN01,MUSIQUE (P.E.M) -- pour bacheliers BATNA,C09,ECOLE NORMALE SUPERIEURE KOUBA (E.N.S),,none_assigned,15.16,value,,not_applicable,110
K00PMN01,MUSIQUE (P.E.M) -- pour bacheliers BEJAIA,C09,ECOLE NORMALE SUPERIEURE KOUBA (E.N.S),,none_assigned,12.77,value,,not_applicable,110
K00PMN01,MUSIQUE (P.E.M) -- pour bacheliers BISKRA,C09,ECOLE NORMALE SUPERIEURE KOUBA (E.N.S),,none_assigned,13.03,value,,not_applicable,110
K00PMN01,MUSIQUE (P.E.M) -- pour bacheliers BECHAR,C09,ECOLE NORMALE SUPERIEURE KOUBA (E.N.S),,none_assigned,12.17,value,,not_applicable,110
K00PMN01,MUSIQUE (P.E.M) -- pour bacheliers BLIDA,C09,ECOLE NORMALE SUPERIEURE KOUBA (E.N.S),,none_assigned,13.98,value,,not_applicable,110
K00PMN01,MUSIQUE (P.E.M) -- pour bacheliers BOUIRA,C09,ECOLE NORMALE SUPERIEURE KOUBA (E.N.S),,none_assigned,13.64,value,,not_applicable,110
K00PMN01,MUSIQUE (P.E.M) -- pour bacheliers TAMANRASSET,C09,ECOLE NORMALE SUPERIEURE KOUBA (E.N.S),,none_assigned,11.41,value,,not_applicable,110
K00PMN01,MUSIQUE (P.E.M) -- pour bacheliers TEBESSA,C09,ECOLE NORMALE SUPERIEURE KOUBA (E.N.S),,none_assigned,13.87,value,,not_applicable,110
K00PMN01,MUSIQUE (P.E.M) -- pour bacheliers TLEMCEN,C09,ECOLE NORMALE SUPERIEURE KOUBA (E.N.S),,none_assigned,15.33,value,,not_applicable,110
K00PMN01,MUSIQUE (P.E.M) -- pour bacheliers TIARET,C09,ECOLE NORMALE SUPERIEURE KOUBA (E.N.S),,none_assigned,15.47,value,,not_applicable,110
K00PMN01,MUSIQUE (P.E.M) -- pour bacheliers TIZI-OUZOU,C09,ECOLE NORMALE SUPERIEURE KOUBA (E.N.S),,none_assigned,,none_assigned,,not_applicable,110
K00PMN01,MUSIQUE (P.E.M) -- pour bacheliers ALGER,C09,ECOLE NORMALE SUPERIEURE KOUBA (E.N.S),,none_assigned,14.41,value,,not_applicable,110
K00PMN01,MUSIQUE (P.E.M) -- pour bacheliers DJELFA,C09,ECOLE NORMALE SUPERIEURE KOUBA (E.N.S),,none_assigned,14.18,value,,not_applicable,110
K00PMN01,MUSIQUE (P.E.M) -- pour bacheliers JIJEL,C09,ECOLE NORMALE SUPERIEURE KOUBA (E.N.S),,none_assigned,,none_assigned,,not_applicable,110
K00PMN01,MUSIQUE (P.E.M) -- pour bacheliers SETIF,C09,ECOLE NORMALE SUPERIEURE KOUBA (E.N.S),,none_assigned,13.83,value,,not_applicable,110
K00PMN01,MUSIQUE (P.E.M) -- pour bacheliers SAIDA,C09,ECOLE NORMALE SUPERIEURE KOUBA (E.N.S),,none_assigned,14.68,value,,not_applicable,110
K00PMN01,MUSIQUE (P.E.M) -- pour bacheliers SKIKDA,C09,ECOLE NORMALE SUPERIEURE KOUBA (E.N.S),,none_assigned,13.75,value,,not_applicable,110
K00PMN01,MUSIQUE (P.E.M) -- pour bacheliers SIDIBEL-ABBES,C09,ECOLE NORMALE SUPERIEURE KOUBA (E.N.S),,none_assigned,13.72,value,,not_applicable,110
K00PMN01,MUSIQUE (P.E.M) -- pour bacheliers ANNABA,C09,ECOLE NORMALE SUPERIEURE KOUBA (E.N.S),,none_assigned,,none_assigned,,not_applicable,110
K00PMN01,MUSIQUE (P.E.M) -- pour bacheliers GUELMA,C09,ECOLE NORMALE SUPERIEURE KOUBA (E.N.S),,none_assigned,14.04,value,,not_applicable,110
K00PMN01,MUSIQUE (P.E.M) -- pour bacheliers CONSTANTINE,C09,ECOLE NORMALE SUPERIEURE KOUBA (E.N.S),,none_assigned,13.79,value,,not_applicable,110
K00PMN01,MUSIQUE (P.E.M) -- pour bacheliers MEDEA,C09,ECOLE NORMALE SUPERIEURE KOUBA (E.N.S),,none_assigned,15.47,value,,not_applicable,110
K00PMN01,MUSIQUE (P.E.M) -- pour bacheliers MOSTAGANEM,C09,ECOLE NORMALE SUPERIEURE KOUBA (E.N.S),,none_assigned,13.77,value,,not_applicable,110
K00PMN01,MUSIQUE (P.E.M) -- pour bacheliers MSILA,C09,ECOLE NORMALE SUPERIEURE KOUBA (E.N.S),,none_assigned,14.38,value,,not_applicable,110
K00PMN01,MUSIQUE (P.E.M) -- pour bacheliers MASCARA,C09,ECOLE NORMALE SUPERIEURE KOUBA (E.N.S),,none_assigned,14.7,value,,not_applicable,111
K00PMN01,MUSIQUE (P.E.M) -- pour bacheliers OUARGLA,C09,ECOLE NORMALE SUPERIEURE KOUBA (E.N.S),,none_assigned,,none_assigned,,not_applicable,111
K00PMN01,MUSIQUE (P.E.M) -- pour bacheliers ORAN,C09,ECOLE NORMALE SUPERIEURE KOUBA (E.N.S),,none_assigned,14.6,value,,not_applicable,111
K00PMN01,MUSIQUE (P.E.M) -- pour bacheliers EL BAYADH,C09,ECOLE NORMALE SUPERIEURE KOUBA (E.N.S),,none_assigned,14.32,value,,not_applicable,111
K00PMN01,MUSIQUE (P.E.M) -- pour bacheliers ILLIZI,C09,ECOLE NORMALE SUPERIEURE KOUBA (E.N.S),,none_assigned,,none_assigned,,not_applicable,111
K00PMN01,MUSIQUE (P.E.M) -- pour bacheliers B.B.ARRERIDJ,C09,ECOLE NORMALE SUPERIEURE KOUBA (E.N.S),,none_assigned,14.26,value,,not_applicable,111
K00PMN01,MUSIQUE (P.E.M) -- pour bacheliers BOUMERDES,C09,ECOLE NORMALE SUPERIEURE KOUBA (E.N.S),,none_assigned,13.91,value,,not_applicable,111
K00PMN01,MUSIQUE (P.E.M) -- pour bacheliers ELTARF,C09,ECOLE NORMALE SUPERIEURE KOUBA (E.N.S),,none_assigned,,none_assigned,,not_applicable,111
K00PMN01,MUSIQUE (P.E.M) -- pour bacheliers TINDOUF,C09,ECOLE NORMALE SUPERIEURE KOUBA (E.N.S),,none_assigned,12.8,value,,not_applicable,111
K00PMN01,MUSIQUE (P.E.M) -- pour bacheliers TISSEMSILT,C09,ECOLE NORMALE SUPERIEURE KOUBA (E.N.S),,none_assigned,16.15,value,,not_applicable,111
K00PMN01,MUSIQUE (P.E.M) -- pour bacheliers EL OUED,C09,ECOLE NORMALE SUPERIEURE KOUBA (E.N.S),,none_assigned,13.39,value,,not_applicable,111
K00PMN01,MUSIQUE (P.E.M) -- pour bacheliers KHENCHLA,C09,ECOLE NORMALE SUPERIEURE KOUBA (E.N.S),,none_assigned,13.93,value,,not_applicable,111
K00PMN01,MUSIQUE (P.E.M) -- pour bacheliers SOUK-AHRAS,C09,ECOLE NORMALE SUPERIEURE KOUBA (E.N.S),,none_assigned,14.28,value,,not_applicable,111
K00PMN01,MUSIQUE (P.E.M) -- pour bacheliers TIPAZA,C09,ECOLE NORMALE SUPERIEURE KOUBA (E.N.S),,none_assigned,13.86,value,,not_applicable,111
K00PMN01,MUSIQUE (P.E.M) -- pour bacheliers MILA,C09,ECOLE NORMALE SUPERIEURE KOUBA (E.N.S),,none_assigned,14.83,value,,not_applicable,111
K00PMN01,MUSIQUE (P.E.M) -- pour bacheliers AIN-DEFLA,C09,ECOLE NORMALE SUPERIEURE KOUBA (E.N.S),,none_assigned,14.95,value,,not_applicable,111
K00PMN01,MUSIQUE (P.E.M) -- pour bacheliers NAAMA,C09,ECOLE NORMALE SUPERIEURE KOUBA (E.N.S),,none_assigned,14.39,value,,not_applicable,111
K00PMN01,MUSIQUE (P.E.M) -- pour bacheliers AIN-TEMOUCHENT,C09,ECOLE NORMALE SUPERIEURE KOUBA (E.N.S),,none_assigned,,none_assigned,,not_applicable,111
K00PMN01,MUSIQUE (P.E.M) -- pour bacheliers GHARDAIA,C09,ECOLE NORMALE SUPERIEURE KOUBA (E.N.S),,none_assigned,13.25,value,,not_applicable,111
K00PMN01,MUSIQUE (P.E.M) -- pour bacheliers RELIZANE,C09,ECOLE NORMALE SUPERIEURE KOUBA (E.N.S),,none_assigned,15.08,value,,not_applicable,111
K00PMN01,MUSIQUE (P.E.M) -- pour bacheliers TIMIMOUN,C09,ECOLE NORMALE SUPERIEURE KOUBA (E.N.S),,none_assigned,12.12,value,,not_applicable,111
K00PMN01,MUSIQUE (P.E.M) -- pour bacheliers BORDJ BADJI MOKHTAR,C09,ECOLE NORMALE SUPERIEURE KOUBA (E.N.S),,none_assigned,,none_assigned,,not_applicable,111
K00PMN01,MUSIQUE (P.E.M) -- pour bacheliers OULED DJELLAL,C09,ECOLE NORMALE SUPERIEURE KOUBA (E.N.S),,none_assigned,13.63,value,,not_applicable,111
K00PMN01,MUSIQUE (P.E.M) -- pour bacheliers BENI ABBES,C09,ECOLE NORMALE SUPERIEURE KOUBA (E.N.S),,none_assigned,,none_assigned,,not_applicable,111
K00PMN01,MUSIQUE (P.E.M) -- pour bacheliers IN SALAH,C09,ECOLE NORMALE SUPERIEURE KOUBA (E.N.S),,none_assigned,,none_assigned,,not_applicable,111
K00PMN01,MUSIQUE (P.E.M) -- pour bacheliers IN GUEZZAM,C09,ECOLE NORMALE SUPERIEURE KOUBA (E.N.S),,none_assigned,,none_assigned,,not_applicable,112
K00PMN01,MUSIQUE (P.E.M) -- pour bacheliers TOUGGOURT,C09,ECOLE NORMALE SUPERIEURE KOUBA (E.N.S),,none_assigned,13.76,value,,not_applicable,112
K00PMN01,MUSIQUE (P.E.M) -- pour bacheliers DJANET,C09,ECOLE NORMALE SUPERIEURE KOUBA (E.N.S),,none_assigned,,none_assigned,,not_applicable,112
K00PMN01,MUSIQUE (P.E.M) -- pour bacheliers EL MGHAIER,C09,ECOLE NORMALE SUPERIEURE KOUBA (E.N.S),,none_assigned,,none_assigned,,not_applicable,112
K00PMN01,MUSIQUE (P.E.M) -- pour bacheliers EL MENIAA,C09,ECOLE NORMALE SUPERIEURE KOUBA (E.N.S),,none_assigned,,none_assigned,,not_applicable,112
K00PSN01,MUSIQUE (P.E.S) -- pour bacheliers ADRAR,C09,ECOLE NORMALE SUPERIEURE KOUBA (E.N.S),,none_assigned,,none_assigned,,not_applicable,112
K00PSN01,MUSIQUE (P.E.S) -- pour bacheliers CHLEF,C09,ECOLE NORMALE SUPERIEURE KOUBA (E.N.S),,none_assigned,15.08,value,,not_applicable,112
K00PSN01,MUSIQUE (P.E.S) -- pour bacheliers LAGHOUAT,C09,ECOLE NORMALE SUPERIEURE KOUBA (E.N.S),,none_assigned,14.13,value,,not_applicable,112
K00PSN01,MUSIQUE (P.E.S) -- pour bacheliers OUM-EL-BOUAGHI,C09,ECOLE NORMALE SUPERIEURE KOUBA (E.N.S),,none_assigned,,none_assigned,,not_applicable,112
K00PSN01,MUSIQUE (P.E.S) -- pour bacheliers BATNA,C09,ECOLE NORMALE SUPERIEURE KOUBA (E.N.S),,none_assigned,15.5,value,,not_applicable,112
K00PSN01,MUSIQUE (P.E.S) -- pour bacheliers BEJAIA,C09,ECOLE NORMALE SUPERIEURE KOUBA (E.N.S),,none_assigned,13.48,value,,not_applicable,112
K00PSN01,MUSIQUE (P.E.S) -- pour bacheliers BISKRA,C09,ECOLE NORMALE SUPERIEURE KOUBA (E.N.S),,none_assigned,14.56,value,,not_applicable,112
K00PSN01,MUSIQUE (P.E.S) -- pour bacheliers BECHAR,C09,ECOLE NORMALE SUPERIEURE KOUBA (E.N.S),,none_assigned,,none_assigned,,not_applicable,112
K00PSN01,MUSIQUE (P.E.S) -- pour bacheliers BLIDA,C09,ECOLE NORMALE SUPERIEURE KOUBA (E.N.S),,none_assigned,,none_assigned,,not_applicable,112
K00PSN01,MUSIQUE (P.E.S) -- pour bacheliers BOUIRA,C09,ECOLE NORMALE SUPERIEURE KOUBA (E.N.S),,none_assigned,16.0,value,,not_applicable,112
K00PSN01,MUSIQUE (P.E.S) -- pour bacheliers TAMANRASSET,C09,ECOLE NORMALE SUPERIEURE KOUBA (E.N.S),,none_assigned,,none_assigned,,not_applicable,112
K00PSN01,MUSIQUE (P.E.S) -- pour bacheliers TEBESSA,C09,ECOLE NORMALE SUPERIEURE KOUBA (E.N.S),,none_assigned,13.96,value,,not_applicable,112
K00PSN01,MUSIQUE (P.E.S) -- pour bacheliers TLEMCEN,C09,ECOLE NORMALE SUPERIEURE KOUBA (E.N.S),,none_assigned,,none_assigned,,not_applicable,112
K00PSN01,MUSIQUE (P.E.S) -- pour bacheliers TIARET,C09,ECOLE NORMALE SUPERIEURE KOUBA (E.N.S),,none_assigned,16.52,value,,not_applicable,112
K00PSN01,MUSIQUE (P.E.S) -- pour bacheliers TIZI-OUZOU,C09,ECOLE NORMALE SUPERIEURE KOUBA (E.N.S),,none_assigned,12.97,value,,not_applicable,112
K00PSN01,MUSIQUE (P.E.S) -- pour bacheliers ALGER,C09,ECOLE NORMALE SUPERIEURE KOUBA (E.N.S),13.5,value,14.47,value,,not_applicable,112
K00PSN01,MUSIQUE (P.E.S) -- pour bacheliers DJELFA,C09,ECOLE NORMALE SUPERIEURE KOUBA (E.N.S),,none_assigned,15.03,value,,not_applicable,112
K00PSN01,MUSIQUE (P.E.S) -- pour bacheliers JIJEL,C09,ECOLE NORMALE SUPERIEURE KOUBA (E.N.S),,none_assigned,14.02,value,,not_applicable,112
K00PSN01,MUSIQUE (P.E.S) -- pour bacheliers SETIF,C09,ECOLE NORMALE SUPERIEURE KOUBA (E.N.S),,none_assigned,15.03,value,,not_applicable,112
K00PSN01,MUSIQUE (P.E.S) -- pour bacheliers SAIDA,C09,ECOLE NORMALE SUPERIEURE KOUBA (E.N.S),,none_assigned,,none_assigned,,not_applicable,112
K00PSN01,MUSIQUE (P.E.S) -- pour bacheliers SKIKDA,C09,ECOLE NORMALE SUPERIEURE KOUBA (E.N.S),,none_assigned,,none_assigned,,not_applicable,113
K00PSN01,MUSIQUE (P.E.S) -- pour bacheliers SIDIBEL-ABBES,C09,ECOLE NORMALE SUPERIEURE KOUBA (E.N.S),,none_assigned,,none_assigned,,not_applicable,113
K00PSN01,MUSIQUE (P.E.S) -- pour bacheliers ANNABA,C09,ECOLE NORMALE SUPERIEURE KOUBA (E.N.S),,none_assigned,,none_assigned,,not_applicable,113
K00PSN01,MUSIQUE (P.E.S) -- pour bacheliers GUELMA,C09,ECOLE NORMALE SUPERIEURE KOUBA (E.N.S),,none_assigned,,none_assigned,,not_applicable,113
K00PSN01,MUSIQUE (P.E.S) -- pour bacheliers CONSTANTINE,C09,ECOLE NORMALE SUPERIEURE KOUBA (E.N.S),,none_assigned,,none_assigned,,not_applicable,113
K00PSN01,MUSIQUE (P.E.S) -- pour bacheliers MEDEA,C09,ECOLE NORMALE SUPERIEURE KOUBA (E.N.S),,none_assigned,15.33,value,,not_applicable,113
K00PSN01,MUSIQUE (P.E.S) -- pour bacheliers MOSTAGANEM,C09,ECOLE NORMALE SUPERIEURE KOUBA (E.N.S),,none_assigned,15.03,value,,not_applicable,113
K00PSN01,MUSIQUE (P.E.S) -- pour bacheliers MSILA,C09,ECOLE NORMALE SUPERIEURE KOUBA (E.N.S),,none_assigned,15.03,value,,not_applicable,113
K00PSN01,MUSIQUE (P.E.S) -- pour bacheliers MASCARA,C09,ECOLE NORMALE SUPERIEURE KOUBA (E.N.S),,none_assigned,,none_assigned,,not_applicable,113
K00PSN01,MUSIQUE (P.E.S) -- pour bacheliers OUARGLA,C09,ECOLE NORMALE SUPERIEURE KOUBA (E.N.S),,none_assigned,,none_assigned,,not_applicable,113
K00PSN01,MUSIQUE (P.E.S) -- pour bacheliers ORAN,C09,ECOLE NORMALE SUPERIEURE KOUBA (E.N.S),,none_assigned,13.73,value,,not_applicable,113
K00PSN01,MUSIQUE (P.E.S) -- pour bacheliers EL BAYADH,C09,ECOLE NORMALE SUPERIEURE KOUBA (E.N.S),,none_assigned,,none_assigned,,not_applicable,113
K00PSN01,MUSIQUE (P.E.S) -- pour bacheliers ILLIZI,C09,ECOLE NORMALE SUPERIEURE KOUBA (E.N.S),,none_assigned,,none_assigned,,not_applicable,113
K00PSN01,MUSIQUE (P.E.S) -- pour bacheliers B.B.ARRERIDJ,C09,ECOLE NORMALE SUPERIEURE KOUBA (E.N.S),,none_assigned,,none_assigned,,not_applicable,113
K00PSN01,MUSIQUE (P.E.S) -- pour bacheliers BOUMERDES,C09,ECOLE NORMALE SUPERIEURE KOUBA (E.N.S),,none_assigned,13.91,value,,not_applicable,113
K00PSN01,MUSIQUE (P.E.S) -- pour bacheliers ELTARF,C09,ECOLE NORMALE SUPERIEURE KOUBA (E.N.S),,none_assigned,,none_assigned,,not_applicable,113
K00PSN01,MUSIQUE (P.E.S) -- pour bacheliers TINDOUF,C09,ECOLE NORMALE SUPERIEURE KOUBA (E.N.S),,none_assigned,,none_assigned,,not_applicable,113
K00PSN01,MUSIQUE (P.E.S) -- pour bacheliers TISSEMSILT,C09,ECOLE NORMALE SUPERIEURE KOUBA (E.N.S),,none_assigned,,none_assigned,,not_applicable,113
K00PSN01,MUSIQUE (P.E.S) -- pour bacheliers EL OUED,C09,ECOLE NORMALE SUPERIEURE KOUBA (E.N.S),,none_assigned,13.1,value,,not_applicable,113
K00PSN01,MUSIQUE (P.E.S) -- pour bacheliers KHENCHLA,C09,ECOLE NORMALE SUPERIEURE KOUBA (E.N.S),,none_assigned,,none_assigned,,not_applicable,113
K00PSN01,MUSIQUE (P.E.S) -- pour bacheliers SOUK-AHRAS,C09,ECOLE NORMALE SUPERIEURE KOUBA (E.N.S),,none_assigned,14.92,value,,not_applicable,113
K00PSN01,MUSIQUE (P.E.S) -- pour bacheliers TIPAZA,C09,ECOLE NORMALE SUPERIEURE KOUBA (E.N.S),,none_assigned,,none_assigned,,not_applicable,113
K00PSN01,MUSIQUE (P.E.S) -- pour bacheliers MILA,C09,ECOLE NORMALE SUPERIEURE KOUBA (E.N.S),,none_assigned,,none_assigned,,not_applicable,113
K00PSN01,MUSIQUE (P.E.S) -- pour bacheliers AIN-DEFLA,C09,ECOLE NORMALE SUPERIEURE KOUBA (E.N.S),,none_assigned,15.03,value,,not_applicable,113
K00PSN01,MUSIQUE (P.E.S) -- pour bacheliers NAAMA,C09,ECOLE NORMALE SUPERIEURE KOUBA (E.N.S),,none_assigned,,none_assigned,,not_applicable,113
K00PSN01,MUSIQUE (P.E.S) -- pour bacheliers AIN-TEMOUCHENT,C09,ECOLE NORMALE SUPERIEURE KOUBA (E.N.S),,none_assigned,,none_assigned,,not_applicable,114
K00PSN01,MUSIQUE (P.E.S) -- pour bacheliers GHARDAIA,C09,ECOLE NORMALE SUPERIEURE KOUBA (E.N.S),,none_assigned,,none_assigned,,not_applicable,114
K00PSN01,MUSIQUE (P.E.S) -- pour bacheliers RELIZANE,C09,ECOLE NORMALE SUPERIEURE KOUBA (E.N.S),,none_assigned,14.85,value,,not_applicable,114
K00PSN01,MUSIQUE (P.E.S) -- pour bacheliers TIMIMOUN,C09,ECOLE NORMALE SUPERIEURE KOUBA (E.N.S),,none_assigned,,none_assigned,,not_applicable,114
K00PSN01,MUSIQUE (P.E.S) -- pour bacheliers BORDJ BADJI MOKHTAR,C09,ECOLE NORMALE SUPERIEURE KOUBA (E.N.S),,none_assigned,,none_assigned,,not_applicable,114
K00PSN01,MUSIQUE (P.E.S) -- pour bacheliers OULED DJELLAL,C09,ECOLE NORMALE SUPERIEURE KOUBA (E.N.S),,none_assigned,,none_assigned,,not_applicable,114
K00PSN01,MUSIQUE (P.E.S) -- pour bacheliers BENI ABBES,C09,ECOLE NORMALE SUPERIEURE KOUBA (E.N.S),,none_assigned,,none_assigned,,not_applicable,114
K00PSN01,MUSIQUE (P.E.S) -- pour bacheliers IN SALAH,C09,ECOLE NORMALE SUPERIEURE KOUBA (E.N.S),,none_assigned,,none_assigned,,not_applicable,114
K00PSN01,MUSIQUE (P.E.S) -- pour bacheliers IN GUEZZAM,C09,ECOLE NORMALE SUPERIEURE KOUBA (E.N.S),,none_assigned,,none_assigned,,not_applicable,114
K00PSN01,MUSIQUE (P.E.S) -- pour bacheliers TOUGGOURT,C09,ECOLE NORMALE SUPERIEURE KOUBA (E.N.S),,none_assigned,,none_assigned,,not_applicable,114
K00PSN01,MUSIQUE (P.E.S) -- pour bacheliers DJANET,C09,ECOLE NORMALE SUPERIEURE KOUBA (E.N.S),,none_assigned,,none_assigned,,not_applicable,114
K00PSN01,MUSIQUE (P.E.S) -- pour bacheliers EL MGHAIER,C09,ECOLE NORMALE SUPERIEURE KOUBA (E.N.S),,none_assigned,,none_assigned,,not_applicable,114
K00PSN01,MUSIQUE (P.E.S) -- pour bacheliers EL MENIAA,C09,ECOLE NORMALE SUPERIEURE KOUBA (E.N.S),,none_assigned,,none_assigned,,not_applicable,114
H01PML01,LANGUE FRANCAISE (P.E.M) -- pour bacheliers TAMANRASSET,C26,ECOLE NORMALE SUPERIEURE DE BOUZAREAH (E.N.S),,NC,,NC,,not_applicable,114
H01PML01,LANGUE FRANCAISE (P.E.M) -- pour bacheliers ALGER,C26,ECOLE NORMALE SUPERIEURE DE BOUZAREAH (E.N.S),,NC,,NC,,not_applicable,114
H01PML01,LANGUE FRANCAISE (P.E.M) -- pour bacheliers ILLIZI,C26,ECOLE NORMALE SUPERIEURE DE BOUZAREAH (E.N.S),,NC,,NC,,not_applicable,114
H01PML01,LANGUE FRANCAISE (P.E.M) -- pour bacheliers BOUMERDES,C26,ECOLE NORMALE SUPERIEURE DE BOUZAREAH (E.N.S),,NC,,NC,,not_applicable,114
H01PML01,LANGUE FRANCAISE (P.E.M) -- pour bacheliers IN SALAH,C26,ECOLE NORMALE SUPERIEURE DE BOUZAREAH (E.N.S),,NC,,NC,,not_applicable,114
H01PML01,LANGUE FRANCAISE (P.E.M) -- pour bacheliers IN GUEZZAM,C26,ECOLE NORMALE SUPERIEURE DE BOUZAREAH (E.N.S),,NC,,NC,,not_applicable,114
H01PML01,LANGUE FRANCAISE (P.E.M) -- pour bacheliers DJANET,C26,ECOLE NORMALE SUPERIEURE DE BOUZAREAH (E.N.S),,NC,,NC,,not_applicable,114
H01PPL01,FRANCAIS (P.E.P) -- pour bacheliers TAMANRASSET,C26,ECOLE NORMALE SUPERIEURE DE BOUZAREAH (E.N.S),,NC,,NC,,not_applicable,115
H01PPL01,FRANCAIS (P.E.P) -- pour bacheliers ALGER,C26,ECOLE NORMALE SUPERIEURE DE BOUZAREAH (E.N.S),13.12,value,13.72,value,,not_applicable,115
H01PPL01,FRANCAIS (P.E.P) -- pour bacheliers ILLIZI,C26,ECOLE NORMALE SUPERIEURE DE BOUZAREAH (E.N.S),,NC,,NC,,not_applicable,115
H01PPL01,FRANCAIS (P.E.P) -- pour bacheliers BOUMERDES,C26,ECOLE NORMALE SUPERIEURE DE BOUZAREAH (E.N.S),13.03,value,13.56,value,,not_applicable,115
H01PPL01,FRANCAIS (P.E.P) -- pour bacheliers IN SALAH,C26,ECOLE NORMALE SUPERIEURE DE BOUZAREAH (E.N.S),,NC,,NC,,not_applicable,115
H01PPL01,FRANCAIS (P.E.P) -- pour bacheliers IN GUEZZAM,C26,ECOLE NORMALE SUPERIEURE DE BOUZAREAH (E.N.S),,NC,,NC,,not_applicable,115
H01PPL01,FRANCAIS (P.E.P) -- pour bacheliers DJANET,C26,ECOLE NORMALE SUPERIEURE DE BOUZAREAH (E.N.S),,NC,,NC,,not_applicable,115
H01PSL01,LANGUE FRANCAISE (P.E.S) -- pour bacheliers TAMANRASSET,C26,ECOLE NORMALE SUPERIEURE DE BOUZAREAH (E.N.S),,NC,,NC,,not_applicable,115
H01PSL01,LANGUE FRANCAISE (P.E.S) -- pour bacheliers ALGER,C26,ECOLE NORMALE SUPERIEURE DE BOUZAREAH (E.N.S),14.09,value,14.71,value,,not_applicable,115
H01PSL01,LANGUE FRANCAISE (P.E.S) -- pour bacheliers ILLIZI,C26,ECOLE NORMALE SUPERIEURE DE BOUZAREAH (E.N.S),,NC,,NC,,not_applicable,115
H01PSL01,LANGUE FRANCAISE (P.E.S) -- pour bacheliers BOUMERDES,C26,ECOLE NORMALE SUPERIEURE DE BOUZAREAH (E.N.S),,NC,,NC,,not_applicable,115
H01PSL01,LANGUE FRANCAISE (P.E.S) -- pour bacheliers IN SALAH,C26,ECOLE NORMALE SUPERIEURE DE BOUZAREAH (E.N.S),,NC,,NC,,not_applicable,115
H01PSL01,LANGUE FRANCAISE (P.E.S) -- pour bacheliers IN GUEZZAM,C26,ECOLE NORMALE SUPERIEURE DE BOUZAREAH (E.N.S),,none_assigned,,none_assigned,,not_applicable,115
H01PSL01,LANGUE FRANCAISE (P.E.S) -- pour bacheliers DJANET,C26,ECOLE NORMALE SUPERIEURE DE BOUZAREAH (E.N.S),,NC,,NC,,not_applicable,115
H06PML01,LANGUE ANGLAISE (P.E.M) -- pour bacheliers TAMANRASSET,C26,ECOLE NORMALE SUPERIEURE DE BOUZAREAH (E.N.S),,NC,,NC,,not_applicable,116
H06PML01,LANGUE ANGLAISE (P.E.M) -- pour bacheliers ALGER,C26,ECOLE NORMALE SUPERIEURE DE BOUZAREAH (E.N.S),14.47,value,15.18,value,,not_applicable,116
H06PML01,LANGUE ANGLAISE (P.E.M) -- pour bacheliers ILLIZI,C26,ECOLE NORMALE SUPERIEURE DE BOUZAREAH (E.N.S),,NC,,NC,,not_applicable,116
H06PML01,LANGUE ANGLAISE (P.E.M) -- pour bacheliers BOUMERDES,C26,ECOLE NORMALE SUPERIEURE DE BOUZAREAH (E.N.S),14.07,value,14.81,value,,not_applicable,116
H06PML01,LANGUE ANGLAISE (P.E.M) -- pour bacheliers IN SALAH,C26,ECOLE NORMALE SUPERIEURE DE BOUZAREAH (E.N.S),,NC,,NC,,not_applicable,116
H06PML01,LANGUE ANGLAISE (P.E.M) -- pour bacheliers IN GUEZZAM,C26,ECOLE NORMALE SUPERIEURE DE BOUZAREAH (E.N.S),,none_assigned,,none_assigned,,not_applicable,116
H06PML01,LANGUE ANGLAISE (P.E.M) -- pour bacheliers DJANET,C26,ECOLE NORMALE SUPERIEURE DE BOUZAREAH (E.N.S),,NC,,NC,,not_applicable,116
H06PPL01,LANGUE ANGLAISE (P.E.P) -- pour bacheliers TAMANRASSET,C26,ECOLE NORMALE SUPERIEURE DE BOUZAREAH (E.N.S),,NC,,NC,,not_applicable,116
H06PPL01,LANGUE ANGLAISE (P.E.P) -- pour bacheliers ALGER,C26,ECOLE NORMALE SUPERIEURE DE BOUZAREAH (E.N.S),14.25,value,14.95,value,,not_applicable,116
H06PPL01,LANGUE ANGLAISE (P.E.P) -- pour bacheliers ILLIZI,C26,ECOLE NORMALE SUPERIEURE DE BOUZAREAH (E.N.S),,NC,,NC,,not_applicable,116
H06PPL01,LANGUE ANGLAISE (P.E.P) -- pour bacheliers BOUMERDES,C26,ECOLE NORMALE SUPERIEURE DE BOUZAREAH (E.N.S),14.01,value,14.72,value,,not_applicable,116
H06PPL01,LANGUE ANGLAISE (P.E.P) -- pour bacheliers IN SALAH,C26,ECOLE NORMALE SUPERIEURE DE BOUZAREAH (E.N.S),,NC,,NC,,not_applicable,116
H06PPL01,LANGUE ANGLAISE (P.E.P) -- pour bacheliers IN GUEZZAM,C26,ECOLE NORMALE SUPERIEURE DE BOUZAREAH (E.N.S),,NC,,NC,,not_applicable,116
H06PPL01,LANGUE ANGLAISE (P.E.P) -- pour bacheliers DJANET,C26,ECOLE NORMALE SUPERIEURE DE BOUZAREAH (E.N.S),,NC,,NC,,not_applicable,116
H06PSL01,LANGUE ANGLAISE (P.E.S) -- pour bacheliers TAMANRASSET,C26,ECOLE NORMALE SUPERIEURE DE BOUZAREAH (E.N.S),,NC,,NC,,not_applicable,117
H06PSL01,LANGUE ANGLAISE (P.E.S) -- pour bacheliers ALGER,C26,ECOLE NORMALE SUPERIEURE DE BOUZAREAH (E.N.S),15.4,value,16.24,value,,not_applicable,117
H06PSL01,LANGUE ANGLAISE (P.E.S) -- pour bacheliers ILLIZI,C26,ECOLE NORMALE SUPERIEURE DE BOUZAREAH (E.N.S),15.95,value,15.42,value,,not_applicable,117
H06PSL01,LANGUE ANGLAISE (P.E.S) -- pour bacheliers BOUMERDES,C26,ECOLE NORMALE SUPERIEURE DE BOUZAREAH (E.N.S),14.97,value,15.74,value,,not_applicable,117
H06PSL01,LANGUE ANGLAISE (P.E.S) -- pour bacheliers IN SALAH,C26,ECOLE NORMALE SUPERIEURE DE BOUZAREAH (E.N.S),,NC,,NC,,not_applicable,117
H06PSL01,LANGUE ANGLAISE (P.E.S) -- pour bacheliers IN GUEZZAM,C26,ECOLE NORMALE SUPERIEURE DE BOUZAREAH (E.N.S),,NC,,NC,,not_applicable,117
H06PSL01,LANGUE ANGLAISE (P.E.S) -- pour bacheliers DJANET,C26,ECOLE NORMALE SUPERIEURE DE BOUZAREAH (E.N.S),,NC,,NC,,not_applicable,117
I00PML01,HISTOIRE GEOGRAPHIE (P.E.M) -- pour bacheliers BLIDA,C26,ECOLE NORMALE SUPERIEURE DE BOUZAREAH (E.N.S),,NC,,NC,,not_applicable,117
I00PML01,HISTOIRE GEOGRAPHIE (P.E.M) -- pour bacheliers TAMANRASSET,C26,ECOLE NORMALE SUPERIEURE DE BOUZAREAH (E.N.S),,NC,,NC,,not_applicable,117
I00PML01,HISTOIRE GEOGRAPHIE (P.E.M) -- pour bacheliers ALGER,C26,ECOLE NORMALE SUPERIEURE DE BOUZAREAH (E.N.S),,NC,,NC,,not_applicable,117
I00PML01,HISTOIRE GEOGRAPHIE (P.E.M) -- pour bacheliers MEDEA,C26,ECOLE NORMALE SUPERIEURE DE BOUZAREAH (E.N.S),14.01,value,14.72,value,,not_applicable,117
I00PML01,HISTOIRE GEOGRAPHIE (P.E.M) -- pour bacheliers BOUMERDES,C26,ECOLE NORMALE SUPERIEURE DE BOUZAREAH (E.N.S),,NC,,NC,,not_applicable,117
I00PML01,HISTOIRE GEOGRAPHIE (P.E.M) -- pour bacheliers TINDOUF,C26,ECOLE NORMALE SUPERIEURE DE BOUZAREAH (E.N.S),,NC,,NC,,not_applicable,117
I00PML01,HISTOIRE GEOGRAPHIE (P.E.M) -- pour bacheliers TIPAZA,C26,ECOLE NORMALE SUPERIEURE DE BOUZAREAH (E.N.S),14.19,value,15.07,value,,not_applicable,117
I00PML01,HISTOIRE GEOGRAPHIE (P.E.M) -- pour bacheliers TIMIMOUN,C26,ECOLE NORMALE SUPERIEURE DE BOUZAREAH (E.N.S),,NC,,NC,,not_applicable,118
I00PML01,HISTOIRE GEOGRAPHIE (P.E.M) -- pour bacheliers BORDJ BADJI MOKHTAR,C26,ECOLE NORMALE SUPERIEURE DE BOUZAREAH (E.N.S),,NC,,NC,,not_applicable,118
I00PML01,HISTOIRE GEOGRAPHIE (P.E.M) -- pour bacheliers IN SALAH,C26,ECOLE NORMALE SUPERIEURE DE BOUZAREAH (E.N.S),,NC,,NC,,not_applicable,118
I00PML01,HISTOIRE GEOGRAPHIE (P.E.M) -- pour bacheliers IN GUEZZAM,C26,ECOLE NORMALE SUPERIEURE DE BOUZAREAH (E.N.S),,none_assigned,,none_assigned,,not_applicable,118
I00PSL01,HISTOIRE GEOGRAPHIE (P.E.S) -- pour bacheliers BOUIRA,C26,ECOLE NORMALE SUPERIEURE DE BOUZAREAH (E.N.S),15.0,value,15.62,value,,not_applicable,118
I00PSL01,HISTOIRE GEOGRAPHIE (P.E.S) -- pour bacheliers TAMANRASSET,C26,ECOLE NORMALE SUPERIEURE DE BOUZAREAH (E.N.S),,NC,,NC,,not_applicable,118
I00PSL01,HISTOIRE GEOGRAPHIE (P.E.S) -- pour bacheliers TIZI-OUZOU,C26,ECOLE NORMALE SUPERIEURE DE BOUZAREAH (E.N.S),,NC,,NC,,not_applicable,118
I00PSL01,HISTOIRE GEOGRAPHIE (P.E.S) -- pour bacheliers ALGER,C26,ECOLE NORMALE SUPERIEURE DE BOUZAREAH (E.N.S),14.02,value,14.72,value,,not_applicable,118
I00PSL01,HISTOIRE GEOGRAPHIE (P.E.S) -- pour bacheliers BOUMERDES,C26,ECOLE NORMALE SUPERIEURE DE BOUZAREAH (E.N.S),,NC,,NC,,not_applicable,118
I00PSL01,HISTOIRE GEOGRAPHIE (P.E.S) -- pour bacheliers TINDOUF,C26,ECOLE NORMALE SUPERIEURE DE BOUZAREAH (E.N.S),,NC,,NC,,not_applicable,118
I00PSL01,HISTOIRE GEOGRAPHIE (P.E.S) -- pour bacheliers TIMIMOUN,C26,ECOLE NORMALE SUPERIEURE DE BOUZAREAH (E.N.S),,NC,,NC,,not_applicable,118
I00PSL01,HISTOIRE GEOGRAPHIE (P.E.S) -- pour bacheliers BORDJ BADJI MOKHTAR,C26,ECOLE NORMALE SUPERIEURE DE BOUZAREAH (E.N.S),,NC,,NC,,not_applicable,118
I00PSL01,HISTOIRE GEOGRAPHIE (P.E.S) -- pour bacheliers IN SALAH,C26,ECOLE NORMALE SUPERIEURE DE BOUZAREAH (E.N.S),,NC,,NC,,not_applicable,118
I00PSL01,HISTOIRE GEOGRAPHIE (P.E.S) -- pour bacheliers IN GUEZZAM,C26,ECOLE NORMALE SUPERIEURE DE BOUZAREAH (E.N.S),,none_assigned,,none_assigned,,not_applicable,118
I13PSL01,PHILOSOPHIE (P.E.S) -- pour bacheliers LAGHOUAT,C26,ECOLE NORMALE SUPERIEURE DE BOUZAREAH (E.N.S),13.91,value,,not_applicable,,not_applicable,119
I13PSL01,PHILOSOPHIE (P.E.S) -- pour bacheliers BLIDA,C26,ECOLE NORMALE SUPERIEURE DE BOUZAREAH (E.N.S),13.7,value,,not_applicable,,not_applicable,119
I13PSL01,PHILOSOPHIE (P.E.S) -- pour bacheliers TAMANRASSET,C26,ECOLE NORMALE SUPERIEURE DE BOUZAREAH (E.N.S),12.73,value,,not_applicable,,not_applicable,119
I13PSL01,PHILOSOPHIE (P.E.S) -- pour bacheliers ALGER,C26,ECOLE NORMALE SUPERIEURE DE BOUZAREAH (E.N.S),13.66,value,,not_applicable,,not_applicable,119
I13PSL01,PHILOSOPHIE (P.E.S) -- pour bacheliers DJELFA,C26,ECOLE NORMALE SUPERIEURE DE BOUZAREAH (E.N.S),13.9,value,,not_applicable,,not_applicable,119
I13PSL01,PHILOSOPHIE (P.E.S) -- pour bacheliers MEDEA,C26,ECOLE NORMALE SUPERIEURE DE BOUZAREAH (E.N.S),13.55,value,,not_applicable,,not_applicable,119
I13PSL01,PHILOSOPHIE (P.E.S) -- pour bacheliers MSILA,C26,ECOLE NORMALE SUPERIEURE DE BOUZAREAH (E.N.S),13.06,value,,not_applicable,,not_applicable,119
I13PSL01,PHILOSOPHIE (P.E.S) -- pour bacheliers ILLIZI,C26,ECOLE NORMALE SUPERIEURE DE BOUZAREAH (E.N.S),,NC,,not_applicable,,not_applicable,119
I13PSL01,PHILOSOPHIE (P.E.S) -- pour bacheliers BOUMERDES,C26,ECOLE NORMALE SUPERIEURE DE BOUZAREAH (E.N.S),13.06,value,,not_applicable,,not_applicable,119
I13PSL01,PHILOSOPHIE (P.E.S) -- pour bacheliers TINDOUF,C26,ECOLE NORMALE SUPERIEURE DE BOUZAREAH (E.N.S),,NC,,not_applicable,,not_applicable,119
I13PSL01,PHILOSOPHIE (P.E.S) -- pour bacheliers TIPAZA,C26,ECOLE NORMALE SUPERIEURE DE BOUZAREAH (E.N.S),14.25,value,,not_applicable,,not_applicable,119
I13PSL01,PHILOSOPHIE (P.E.S) -- pour bacheliers AIN-DEFLA,C26,ECOLE NORMALE SUPERIEURE DE BOUZAREAH (E.N.S),14.66,value,,not_applicable,,not_applicable,119
I13PSL01,PHILOSOPHIE (P.E.S) -- pour bacheliers GHARDAIA,C26,ECOLE NORMALE SUPERIEURE DE BOUZAREAH (E.N.S),13.45,value,,not_applicable,,not_applicable,119
I13PSL01,PHILOSOPHIE (P.E.S) -- pour bacheliers TIMIMOUN,C26,ECOLE NORMALE SUPERIEURE DE BOUZAREAH (E.N.S),12.19,value,,not_applicable,,not_applicable,119
I13PSL01,PHILOSOPHIE (P.E.S) -- pour bacheliers BORDJ BADJI MOKHTAR,C26,ECOLE NORMALE SUPERIEURE DE BOUZAREAH (E.N.S),,NC,,not_applicable,,not_applicable,120
I13PSL01,PHILOSOPHIE (P.E.S) -- pour bacheliers IN SALAH,C26,ECOLE NORMALE SUPERIEURE DE BOUZAREAH (E.N.S),,NC,,not_applicable,,not_applicable,120
I13PSL01,PHILOSOPHIE (P.E.S) -- pour bacheliers IN GUEZZAM,C26,ECOLE NORMALE SUPERIEURE DE BOUZAREAH (E.N.S),,none_assigned,,not_applicable,,not_applicable,120
I13PSL01,PHILOSOPHIE (P.E.S) -- pour bacheliers DJANET,C26,ECOLE NORMALE SUPERIEURE DE BOUZAREAH (E.N.S),,NC,,not_applicable,,not_applicable,120
I13PSL01,PHILOSOPHIE (P.E.S) -- pour bacheliers EL MENIAA,C26,ECOLE NORMALE SUPERIEURE DE BOUZAREAH (E.N.S),12.7,value,,not_applicable,,not_applicable,120
J00PPL01,EDUCATION PHYSIQUE ET SPORTIVE (P.E.P) -- pour bacheliers BLIDA,C26,ECOLE NORMALE SUPERIEURE DE BOUZAREAH (E.N.S),14.13,value,,not_applicable,,not_applicable,120
J00PPL01,EDUCATION PHYSIQUE ET SPORTIVE (P.E.P) -- pour bacheliers BOUIRA,C26,ECOLE NORMALE SUPERIEURE DE BOUZAREAH (E.N.S),14.8,value,,not_applicable,,not_applicable,120
J00PPL01,EDUCATION PHYSIQUE ET SPORTIVE (P.E.P) -- pour bacheliers TAMANRASSET,C26,ECOLE NORMALE SUPERIEURE DE BOUZAREAH (E.N.S),11.29,value,,not_applicable,,not_applicable,120
J00PPL01,EDUCATION PHYSIQUE ET SPORTIVE (P.E.P) -- pour bacheliers TIZI-OUZOU,C26,ECOLE NORMALE SUPERIEURE DE BOUZAREAH (E.N.S),13.19,value,,not_applicable,,not_applicable,120
J00PPL01,EDUCATION PHYSIQUE ET SPORTIVE (P.E.P) -- pour bacheliers ALGER,C26,ECOLE NORMALE SUPERIEURE DE BOUZAREAH (E.N.S),13.69,value,,not_applicable,,not_applicable,120
J00PPL01,EDUCATION PHYSIQUE ET SPORTIVE (P.E.P) -- pour bacheliers BOUMERDES,C26,ECOLE NORMALE SUPERIEURE DE BOUZAREAH (E.N.S),13.94,value,,not_applicable,,not_applicable,120
J00PPL01,EDUCATION PHYSIQUE ET SPORTIVE (P.E.P) -- pour bacheliers TIPAZA,C26,ECOLE NORMALE SUPERIEURE DE BOUZAREAH (E.N.S),14.71,value,,not_applicable,,not_applicable,120
J00PPL01,EDUCATION PHYSIQUE ET SPORTIVE (P.E.P) -- pour bacheliers IN SALAH,C26,ECOLE NORMALE SUPERIEURE DE BOUZAREAH (E.N.S),12.4,value,,not_applicable,,not_applicable,120
J00PPL01,EDUCATION PHYSIQUE ET SPORTIVE (P.E.P) -- pour bacheliers IN GUEZZAM,C26,ECOLE NORMALE SUPERIEURE DE BOUZAREAH (E.N.S),11.08,value,,not_applicable,,not_applicable,120
L00PML01,LANGUE ET LITTERATURE ARABES (P.E.M) -- pour bacheliers TAMANRASSET,C26,ECOLE NORMALE SUPERIEURE DE BOUZAREAH (E.N.S),,NC,,NC,,not_applicable,121
L00PML01,LANGUE ET LITTERATURE ARABES (P.E.M) -- pour bacheliers ALGER,C26,ECOLE NORMALE SUPERIEURE DE BOUZAREAH (E.N.S),14.0,value,14.18,value,,not_applicable,121
L00PML01,LANGUE ET LITTERATURE ARABES (P.E.M) -- pour bacheliers ILLIZI,C26,ECOLE NORMALE SUPERIEURE DE BOUZAREAH (E.N.S),,NC,,NC,,not_applicable,121
L00PML01,LANGUE ET LITTERATURE ARABES (P.E.M) -- pour bacheliers BOUMERDES,C26,ECOLE NORMALE SUPERIEURE DE BOUZAREAH (E.N.S),,NC,,NC,,not_applicable,121
L00PML01,LANGUE ET LITTERATURE ARABES (P.E.M) -- pour bacheliers IN SALAH,C26,ECOLE NORMALE SUPERIEURE DE BOUZAREAH (E.N.S),,NC,,NC,,not_applicable,121
L00PML01,LANGUE ET LITTERATURE ARABES (P.E.M) -- pour bacheliers IN GUEZZAM,C26,ECOLE NORMALE SUPERIEURE DE BOUZAREAH (E.N.S),,NC,,NC,,not_applicable,121
L00PML01,LANGUE ET LITTERATURE ARABES (P.E.M) -- pour bacheliers DJANET,C26,ECOLE NORMALE SUPERIEURE DE BOUZAREAH (E.N.S),,NC,,NC,,not_applicable,121
L00PPL01,ARABE (P.E.P) -- pour bacheliers ALGER,C26,ECOLE NORMALE SUPERIEURE DE BOUZAREAH (E.N.S),,NC,,NC,,not_applicable,121
L00PPL01,ARABE (P.E.P) -- pour bacheliers ILLIZI,C26,ECOLE NORMALE SUPERIEURE DE BOUZAREAH (E.N.S),,NC,,NC,,not_applicable,121
L00PPL01,ARABE (P.E.P) -- pour bacheliers DJANET,C26,ECOLE NORMALE SUPERIEURE DE BOUZAREAH (E.N.S),,NC,,NC,,not_applicable,121
L00PSL01,LANGUE ET LITTERATURE ARABES (P.E.S) -- pour bacheliers BOUIRA,C26,ECOLE NORMALE SUPERIEURE DE BOUZAREAH (E.N.S),14.84,value,15.71,value,,not_applicable,121
L00PSL01,LANGUE ET LITTERATURE ARABES (P.E.S) -- pour bacheliers TAMANRASSET,C26,ECOLE NORMALE SUPERIEURE DE BOUZAREAH (E.N.S),,NC,,NC,,not_applicable,121
L00PSL01,LANGUE ET LITTERATURE ARABES (P.E.S) -- pour bacheliers ALGER,C26,ECOLE NORMALE SUPERIEURE DE BOUZAREAH (E.N.S),14.63,value,15.31,value,,not_applicable,121
L00PSL01,LANGUE ET LITTERATURE ARABES (P.E.S) -- pour bacheliers ILLIZI,C26,ECOLE NORMALE SUPERIEURE DE BOUZAREAH (E.N.S),,NC,,NC,,not_applicable,121
L00PSL01,LANGUE ET LITTERATURE ARABES (P.E.S) -- pour bacheliers BOUMERDES,C26,ECOLE NORMALE SUPERIEURE DE BOUZAREAH (E.N.S),14.19,value,14.9,value,,not_applicable,122
L00PSL01,LANGUE ET LITTERATURE ARABES (P.E.S) -- pour bacheliers IN SALAH,C26,ECOLE NORMALE SUPERIEURE DE BOUZAREAH (E.N.S),,NC,,NC,,not_applicable,122
L00PSL01,LANGUE ET LITTERATURE ARABES (P.E.S) -- pour bacheliers IN GUEZZAM,C26,ECOLE NORMALE SUPERIEURE DE BOUZAREAH (E.N.S),,NC,,NC,,not_applicable,122
L00PSL01,LANGUE ET LITTERATURE ARABES (P.E.S) -- pour bacheliers DJANET,C26,ECOLE NORMALE SUPERIEURE DE BOUZAREAH (E.N.S),,NC,,NC,,not_applicable,122
M00PPL01,LANGUE AMAZIGHE (P.E.P) -- pour bacheliers ADRAR,C26,ECOLE NORMALE SUPERIEURE DE BOUZAREAH (E.N.S),,none_assigned,,not_applicable,,not_applicable,122
M00PPL01,LANGUE AMAZIGHE (P.E.P) -- pour bacheliers CHLEF,C26,ECOLE NORMALE SUPERIEURE DE BOUZAREAH (E.N.S),13.98,value,,not_applicable,,not_applicable,122
M00PPL01,LANGUE AMAZIGHE (P.E.P) -- pour bacheliers LAGHOUAT,C26,ECOLE NORMALE SUPERIEURE DE BOUZAREAH (E.N.S),,none_assigned,,not_applicable,,not_applicable,122
M00PPL01,LANGUE AMAZIGHE (P.E.P) -- pour bacheliers BISKRA,C26,ECOLE NORMALE SUPERIEURE DE BOUZAREAH (E.N.S),13.67,value,,not_applicable,,not_applicable,122
M00PPL01,LANGUE AMAZIGHE (P.E.P) -- pour bacheliers BECHAR,C26,ECOLE NORMALE SUPERIEURE DE BOUZAREAH (E.N.S),13.07,value,,not_applicable,,not_applicable,122
M00PPL01,LANGUE AMAZIGHE (P.E.P) -- pour bacheliers BLIDA,C26,ECOLE NORMALE SUPERIEURE DE BOUZAREAH (E.N.S),13.34,value,,not_applicable,,not_applicable,122
M00PPL01,LANGUE AMAZIGHE (P.E.P) -- pour bacheliers TAMANRASSET,C26,ECOLE NORMALE SUPERIEURE DE BOUZAREAH (E.N.S),,NC,,not_applicable,,not_applicable,122
M00PPL01,LANGUE AMAZIGHE (P.E.P) -- pour bacheliers TLEMCEN,C26,ECOLE NORMALE SUPERIEURE DE BOUZAREAH (E.N.S),12.84,value,,not_applicable,,not_applicable,122
M00PPL01,LANGUE AMAZIGHE (P.E.P) -- pour bacheliers TIARET,C26,ECOLE NORMALE SUPERIEURE DE BOUZAREAH (E.N.S),,none_assigned,,not_applicable,,not_applicable,122
M00PPL01,LANGUE AMAZIGHE (P.E.P) -- pour bacheliers ALGER,C26,ECOLE NORMALE SUPERIEURE DE BOUZAREAH (E.N.S),13.4,value,,not_applicable,,not_applicable,122
M00PPL01,LANGUE AMAZIGHE (P.E.P) -- pour bacheliers DJELFA,C26,ECOLE NORMALE SUPERIEURE DE BOUZAREAH (E.N.S),13.76,value,,not_applicable,,not_applicable,123
M00PPL01,LANGUE AMAZIGHE (P.E.P) -- pour bacheliers JIJEL,C26,ECOLE NORMALE SUPERIEURE DE BOUZAREAH (E.N.S),,none_assigned,,not_applicable,,not_applicable,123
M00PPL01,LANGUE AMAZIGHE (P.E.P) -- pour bacheliers SAIDA,C26,ECOLE NORMALE SUPERIEURE DE BOUZAREAH (E.N.S),13.91,value,,not_applicable,,not_applicable,123
M00PPL01,LANGUE AMAZIGHE (P.E.P) -- pour bacheliers SKIKDA,C26,ECOLE NORMALE SUPERIEURE DE BOUZAREAH (E.N.S),,none_assigned,,not_applicable,,not_applicable,123
M00PPL01,LANGUE AMAZIGHE (P.E.P) -- pour bacheliers SIDIBEL- ABBES,C26,ECOLE NORMALE SUPERIEURE DE BOUZAREAH (E.N.S),,none_assigned,,not_applicable,,not_applicable,123
M00PPL01,LANGUE AMAZIGHE (P.E.P) -- pour bacheliers ANNABA,C26,ECOLE NORMALE SUPERIEURE DE BOUZAREAH (E.N.S),,none_assigned,,not_applicable,,not_applicable,123
M00PPL01,LANGUE AMAZIGHE (P.E.P) -- pour bacheliers MEDEA,C26,ECOLE NORMALE SUPERIEURE DE BOUZAREAH (E.N.S),14.61,value,,not_applicable,,not_applicable,123
M00PPL01,LANGUE AMAZIGHE (P.E.P) -- pour bacheliers MOSTAGANEM,C26,ECOLE NORMALE SUPERIEURE DE BOUZAREAH (E.N.S),,none_assigned,,not_applicable,,not_applicable,123
M00PPL01,LANGUE AMAZIGHE (P.E.P) -- pour bacheliers MSILA,C26,ECOLE NORMALE SUPERIEURE DE BOUZAREAH (E.N.S),14.18,value,,not_applicable,,not_applicable,123
M00PPL01,LANGUE AMAZIGHE (P.E.P) -- pour bacheliers MASCARA,C26,ECOLE NORMALE SUPERIEURE DE BOUZAREAH (E.N.S),13.64,value,,not_applicable,,not_applicable,123
M00PPL01,LANGUE AMAZIGHE (P.E.P) -- pour bacheliers OUARGLA,C26,ECOLE NORMALE SUPERIEURE DE BOUZAREAH (E.N.S),,none_assigned,,not_applicable,,not_applicable,123
M00PPL01,LANGUE AMAZIGHE (P.E.P) -- pour bacheliers ORAN,C26,ECOLE NORMALE SUPERIEURE DE BOUZAREAH (E.N.S),13.19,value,,not_applicable,,not_applicable,123
M00PPL01,LANGUE AMAZIGHE (P.E.P) -- pour bacheliers EL BAYADH,C26,ECOLE NORMALE SUPERIEURE DE BOUZAREAH (E.N.S),13.89,value,,not_applicable,,not_applicable,123
M00PPL01,LANGUE AMAZIGHE (P.E.P) -- pour bacheliers ILLIZI,C26,ECOLE NORMALE SUPERIEURE DE BOUZAREAH (E.N.S),10.54,value,,not_applicable,,not_applicable,123
M00PPL01,LANGUE AMAZIGHE (P.E.P) -- pour bacheliers TINDOUF,C26,ECOLE NORMALE SUPERIEURE DE BOUZAREAH (E.N.S),10.0,value,,not_applicable,,not_applicable,124
M00PPL01,LANGUE AMAZIGHE (P.E.P) -- pour bacheliers TISSEMSILT,C26,ECOLE NORMALE SUPERIEURE DE BOUZAREAH (E.N.S),14.46,value,,not_applicable,,not_applicable,124
M00PPL01,LANGUE AMAZIGHE (P.E.P) -- pour bacheliers EL OUED,C26,ECOLE NORMALE SUPERIEURE DE BOUZAREAH (E.N.S),,none_assigned,,not_applicable,,not_applicable,124
M00PPL01,LANGUE AMAZIGHE (P.E.P) -- pour bacheliers SOUK-AHRAS,C26,ECOLE NORMALE SUPERIEURE DE BOUZAREAH (E.N.S),,none_assigned,,not_applicable,,not_applicable,124
M00PPL01,LANGUE AMAZIGHE (P.E.P) -- pour bacheliers TIPAZA,C26,ECOLE NORMALE SUPERIEURE DE BOUZAREAH (E.N.S),,none_assigned,,not_applicable,,not_applicable,124
M00PPL01,LANGUE AMAZIGHE (P.E.P) -- pour bacheliers AIN-DEFLA,C26,ECOLE NORMALE SUPERIEURE DE BOUZAREAH (E.N.S),14.38,value,,not_applicable,,not_applicable,124
M00PPL01,LANGUE AMAZIGHE (P.E.P) -- pour bacheliers NAAMA,C26,ECOLE NORMALE SUPERIEURE DE BOUZAREAH (E.N.S),13.8,value,,not_applicable,,not_applicable,124
M00PPL01,LANGUE AMAZIGHE (P.E.P) -- pour bacheliers AIN- TEMOUCHENT,C26,ECOLE NORMALE SUPERIEURE DE BOUZAREAH (E.N.S),14.28,value,,not_applicable,,not_applicable,124
M00PPL01,LANGUE AMAZIGHE (P.E.P) -- pour bacheliers GHARDAIA,C26,ECOLE NORMALE SUPERIEURE DE BOUZAREAH (E.N.S),12.83,value,,not_applicable,,not_applicable,124
M00PPL01,LANGUE AMAZIGHE (P.E.P) -- pour bacheliers RELIZANE,C26,ECOLE NORMALE SUPERIEURE DE BOUZAREAH (E.N.S),14.52,value,,not_applicable,,not_applicable,124
M00PPL01,LANGUE AMAZIGHE (P.E.P) -- pour bacheliers TIMIMOUN,C26,ECOLE NORMALE SUPERIEURE DE BOUZAREAH (E.N.S),12.45,value,,not_applicable,,not_applicable,124
M00PPL01,LANGUE AMAZIGHE (P.E.P) -- pour bacheliers BORDJ BADJI MOKHTAR,C26,ECOLE NORMALE SUPERIEURE DE BOUZAREAH (E.N.S),,NC,,not_applicable,,not_applicable,124
M00PPL01,LANGUE AMAZIGHE (P.E.P) -- pour bacheliers OULED DJELLAL,C26,ECOLE NORMALE SUPERIEURE DE BOUZAREAH (E.N.S),,none_assigned,,not_applicable,,not_applicable,124
M00PPL01,LANGUE AMAZIGHE (P.E.P) -- pour bacheliers BENI ABBES,C26,ECOLE NORMALE SUPERIEURE DE BOUZAREAH (E.N.S),10.85,value,,not_applicable,,not_applicable,124
M00PPL01,LANGUE AMAZIGHE (P.E.P) -- pour bacheliers IN SALAH,C26,ECOLE NORMALE SUPERIEURE DE BOUZAREAH (E.N.S),,none_assigned,,not_applicable,,not_applicable,125
M00PPL01,LANGUE AMAZIGHE (P.E.P) -- pour bacheliers IN GUEZZAM,C26,ECOLE NORMALE SUPERIEURE DE BOUZAREAH (E.N.S),,NC,,not_applicable,,not_applicable,125
M00PPL01,LANGUE AMAZIGHE (P.E.P) -- pour bacheliers TOUGGOURT,C26,ECOLE NORMALE SUPERIEURE DE BOUZAREAH (E.N.S),,none_assigned,,not_applicable,,not_applicable,125
M00PPL01,LANGUE AMAZIGHE (P.E.P) -- pour bacheliers DJANET,C26,ECOLE NORMALE SUPERIEURE DE BOUZAREAH (E.N.S),,none_assigned,,not_applicable,,not_applicable,125
M00PPL01,LANGUE AMAZIGHE (P.E.P) -- pour bacheliers EL MGHAIER,C26,ECOLE NORMALE SUPERIEURE DE BOUZAREAH (E.N.S),,none_assigned,,not_applicable,,not_applicable,125
M00PPL01,LANGUE AMAZIGHE (P.E.P) -- pour bacheliers EL MENIAA,C26,ECOLE NORMALE SUPERIEURE DE BOUZAREAH (E.N.S),,none_assigned,,not_applicable,,not_applicable,125
C01PML01,INFORMATIQUE (P.E.M) -- pour bacheliers LAGHOUAT,B06,ANNEXE DJELFA (ECOLE NORMALE SUPERIEURE DE KOUBA),14.75,value,14.76,value,,not_applicable,125
C01PML01,INFORMATIQUE (P.E.M) -- pour bacheliers DJELFA,B06,ANNEXE DJELFA (ECOLE NORMALE SUPERIEURE DE KOUBA),15.95,value,,none_assigned,,not_applicable,125
C01PML01,INFORMATIQUE (P.E.M) -- pour bacheliers MEDEA,B06,ANNEXE DJELFA (ECOLE NORMALE SUPERIEURE DE KOUBA),14.5,value,,none_assigned,,not_applicable,125
C01PML01,INFORMATIQUE (P.E.M) -- pour bacheliers MSILA,B06,ANNEXE DJELFA (ECOLE NORMALE SUPERIEURE DE KOUBA),15.23,value,,none_assigned,,not_applicable,125
C01PML01,INFORMATIQUE (P.E.M) -- pour bacheliers TISSEMSILT,B06,ANNEXE DJELFA (ECOLE NORMALE SUPERIEURE DE KOUBA),,none_assigned,16.15,value,,not_applicable,125
C01PML01,INFORMATIQUE (P.E.M) -- pour bacheliers AIN-DEFLA,B06,ANNEXE DJELFA (ECOLE NORMALE SUPERIEURE DE KOUBA),,NC,,NC,,not_applicable,125
C01PML01,INFORMATIQUE (P.E.M) -- pour bacheliers GHARDAIA,B06,ANNEXE DJELFA (ECOLE NORMALE SUPERIEURE DE KOUBA),,NC,,NC,,not_applicable,125
D00PML01,SCIENCES NATURELLES (P.E.M) -- pour bacheliers BISKRA,B06,ANNEXE DJELFA (ECOLE NORMALE SUPERIEURE DE KOUBA),14.88,value,,not_applicable,,not_applicable,125
D00PML01,SCIENCES NATURELLES (P.E.M) -- pour bacheliers DJELFA,B06,ANNEXE DJELFA (ECOLE NORMALE SUPERIEURE DE KOUBA),15.11,value,,not_applicable,,not_applicable,126
D00PML01,SCIENCES NATURELLES (P.E.M) -- pour bacheliers OULED DJELLAL,B06,ANNEXE DJELFA (ECOLE NORMALE SUPERIEURE DE KOUBA),14.74,value,,not_applicable,,not_applicable,126
H01PML01,LANGUE FRANCAISE (P.E.M) -- pour bacheliers DJELFA,B06,ANNEXE DJELFA (ECOLE NORMALE SUPERIEURE DE KOUBA),,NC,,NC,,not_applicable,126
H01PPL01,FRANCAIS (P.E.P) -- pour bacheliers DJELFA,B06,ANNEXE DJELFA (ECOLE NORMALE SUPERIEURE DE KOUBA),13.08,value,13.72,value,,not_applicable,126
H06PML01,LANGUE ANGLAISE (P.E.M) -- pour bacheliers BISKRA,B06,ANNEXE DJELFA (ECOLE NORMALE SUPERIEURE DE KOUBA),14.11,value,14.28,value,,not_applicable,126
H06PML01,LANGUE ANGLAISE (P.E.M) -- pour bacheliers DJELFA,B06,ANNEXE DJELFA (ECOLE NORMALE SUPERIEURE DE KOUBA),15.02,value,15.65,value,,not_applicable,126
H06PML01,LANGUE ANGLAISE (P.E.M) -- pour bacheliers OULED DJELLAL,B06,ANNEXE DJELFA (ECOLE NORMALE SUPERIEURE DE KOUBA),,NC,,NC,,not_applicable,126
H06PML01,LANGUE ANGLAISE (P.E.M) -- pour bacheliers EL MGHAIER,B06,ANNEXE DJELFA (ECOLE NORMALE SUPERIEURE DE KOUBA),,NC,,NC,,not_applicable,126
I00PML01,HISTOIRE GEOGRAPHIE (P.E.M) -- pour bacheliers BISKRA,B06,ANNEXE DJELFA (ECOLE NORMALE SUPERIEURE DE KOUBA),15.17,value,14.37,value,,not_applicable,126
I00PML01,HISTOIRE GEOGRAPHIE (P.E.M) -- pour bacheliers DJELFA,B06,ANNEXE DJELFA (ECOLE NORMALE SUPERIEURE DE KOUBA),14.13,value,14.82,value,,not_applicable,126
I00PML01,HISTOIRE GEOGRAPHIE (P.E.M) -- pour bacheliers OULED DJELLAL,B06,ANNEXE DJELFA (ECOLE NORMALE SUPERIEURE DE KOUBA),,NC,,NC,,not_applicable,126
J00PML01,EDUCATION PHYSIQUE ET SPORTIVE (P.E.M) -- pour bacheliers LAGHOUAT,B06,ANNEXE DJELFA (ECOLE NORMALE SUPERIEURE DE KOUBA),14.0,value,,not_applicable,,not_applicable,126
J00PML01,EDUCATION PHYSIQUE ET SPORTIVE (P.E.M) -- pour bacheliers BOUIRA,B06,ANNEXE DJELFA (ECOLE NORMALE SUPERIEURE DE KOUBA),13.42,value,,not_applicable,,not_applicable,126
J00PML01,EDUCATION PHYSIQUE ET SPORTIVE (P.E.M) -- pour bacheliers TIARET,B06,ANNEXE DJELFA (ECOLE NORMALE SUPERIEURE DE KOUBA),15.53,value,,not_applicable,,not_applicable,126
J00PML01,EDUCATION PHYSIQUE ET SPORTIVE (P.E.M) -- pour bacheliers DJELFA,B06,ANNEXE DJELFA (ECOLE NORMALE SUPERIEURE DE KOUBA),15.36,value,,not_applicable,,not_applicable,127
J00PML01,EDUCATION PHYSIQUE ET SPORTIVE (P.E.M) -- pour bacheliers MEDEA,B06,ANNEXE DJELFA (ECOLE NORMALE SUPERIEURE DE KOUBA),14.75,value,,not_applicable,,not_applicable,127
J00PML01,EDUCATION PHYSIQUE ET SPORTIVE (P.E.M) -- pour bacheliers OUARGLA,B06,ANNEXE DJELFA (ECOLE NORMALE SUPERIEURE DE KOUBA),12.77,value,,not_applicable,,not_applicable,127
J00PML01,EDUCATION PHYSIQUE ET SPORTIVE (P.E.M) -- pour bacheliers TISSEMSILT,B06,ANNEXE DJELFA (ECOLE NORMALE SUPERIEURE DE KOUBA),15.23,value,,not_applicable,,not_applicable,127
J00PML01,EDUCATION PHYSIQUE ET SPORTIVE (P.E.M) -- pour bacheliers GHARDAIA,B06,ANNEXE DJELFA (ECOLE NORMALE SUPERIEURE DE KOUBA),13.15,value,,not_applicable,,not_applicable,127
J00PML01,EDUCATION PHYSIQUE ET SPORTIVE (P.E.M) -- pour bacheliers OULED DJELLAL,B06,ANNEXE DJELFA (ECOLE NORMALE SUPERIEURE DE KOUBA),14.09,value,,not_applicable,,not_applicable,127
J00PML01,EDUCATION PHYSIQUE ET SPORTIVE (P.E.M) -- pour bacheliers TOUGGOURT,B06,ANNEXE DJELFA (ECOLE NORMALE SUPERIEURE DE KOUBA),12.93,value,,not_applicable,,not_applicable,127
J00PML01,EDUCATION PHYSIQUE ET SPORTIVE (P.E.M) -- pour bacheliers EL MENIAA,B06,ANNEXE DJELFA (ECOLE NORMALE SUPERIEURE DE KOUBA),14.25,value,,not_applicable,,not_applicable,127
J00PSL01,EDUCATION PHYSIQUE ET SPORTIVE (P.E.S) -- pour bacheliers LAGHOUAT,B06,ANNEXE DJELFA (ECOLE NORMALE SUPERIEURE DE KOUBA),14.77,value,,not_applicable,,not_applicable,127
J00PSL01,EDUCATION PHYSIQUE ET SPORTIVE (P.E.S) -- pour bacheliers BOUIRA,B06,ANNEXE DJELFA (ECOLE NORMALE SUPERIEURE DE KOUBA),14.71,value,,not_applicable,,not_applicable,127
J00PSL01,EDUCATION PHYSIQUE ET SPORTIVE (P.E.S) -- pour bacheliers TIARET,B06,ANNEXE DJELFA (ECOLE NORMALE SUPERIEURE DE KOUBA),16.04,value,,not_applicable,,not_applicable,127
J00PSL01,EDUCATION PHYSIQUE ET SPORTIVE (P.E.S) -- pour bacheliers DJELFA,B06,ANNEXE DJELFA (ECOLE NORMALE SUPERIEURE DE KOUBA),15.9,value,,not_applicable,,not_applicable,127
J00PSL01,EDUCATION PHYSIQUE ET SPORTIVE (P.E.S) -- pour bacheliers MEDEA,B06,ANNEXE DJELFA (ECOLE NORMALE SUPERIEURE DE KOUBA),15.46,value,,not_applicable,,not_applicable,127
J00PSL01,EDUCATION PHYSIQUE ET SPORTIVE (P.E.S) -- pour bacheliers OUARGLA,B06,ANNEXE DJELFA (ECOLE NORMALE SUPERIEURE DE KOUBA),14.16,value,,not_applicable,,not_applicable,127
J00PSL01,EDUCATION PHYSIQUE ET SPORTIVE (P.E.S) -- pour bacheliers TISSEMSILT,B06,ANNEXE DJELFA (ECOLE NORMALE SUPERIEURE DE KOUBA),15.93,value,,not_applicable,,not_applicable,128
J00PSL01,EDUCATION PHYSIQUE ET SPORTIVE (P.E.S) -- pour bacheliers GHARDAIA,B06,ANNEXE DJELFA (ECOLE NORMALE SUPERIEURE DE KOUBA),13.56,value,,not_applicable,,not_applicable,128
J00PSL01,EDUCATION PHYSIQUE ET SPORTIVE (P.E.S) -- pour bacheliers OULED DJELLAL,B06,ANNEXE DJELFA (ECOLE NORMALE SUPERIEURE DE KOUBA),15.16,value,,not_applicable,,not_applicable,128
J00PSL01,EDUCATION PHYSIQUE ET SPORTIVE (P.E.S) -- pour bacheliers TOUGGOURT,B06,ANNEXE DJELFA (ECOLE NORMALE SUPERIEURE DE KOUBA),13.58,value,,not_applicable,,not_applicable,128
J00PSL01,EDUCATION PHYSIQUE ET SPORTIVE (P.E.S) -- pour bacheliers EL MENIAA,B06,ANNEXE DJELFA (ECOLE NORMALE SUPERIEURE DE KOUBA),15.43,value,,not_applicable,,not_applicable,128
L00PML01,LANGUE ET LITTERATURE ARABES (P.E.M) -- pour bacheliers BISKRA,B06,ANNEXE DJELFA (ECOLE NORMALE SUPERIEURE DE KOUBA),,NC,,NC,,not_applicable,128
L00PML01,LANGUE ET LITTERATURE ARABES (P.E.M) -- pour bacheliers DJELFA,B06,ANNEXE DJELFA (ECOLE NORMALE SUPERIEURE DE KOUBA),14.12,value,14.78,value,,not_applicable,128
L00PML01,LANGUE ET LITTERATURE ARABES (P.E.M) -- pour bacheliers OULED DJELLAL,B06,ANNEXE DJELFA (ECOLE NORMALE SUPERIEURE DE KOUBA),,NC,,NC,,not_applicable,128
L00PPL01,ARABE (P.E.P) -- pour bacheliers DJELFA,B06,ANNEXE DJELFA (ECOLE NORMALE SUPERIEURE DE KOUBA),,NC,,NC,,not_applicable,128
B00PML01,SCIENCES PHYSIQUE ET TECHNOLOGIE (P.E.M) -- pour bacheliers JIJEL,B09,ANNEXE JIJEL (ECOLE NORMALE SUPERIEURE DE CONSTANTINE),15.24,value,15.92,value,,not_applicable,128
B00PSL01,SCIENCES PHYSIQUES (P.E.S.) -- pour bacheliers BATNA,B09,ANNEXE JIJEL (ECOLE NORMALE SUPERIEURE DE CONSTANTINE),15.97,value,16.96,value,,not_applicable,128
B00PSL01,SCIENCES PHYSIQUES (P.E.S.) -- pour bacheliers JIJEL,B09,ANNEXE JIJEL (ECOLE NORMALE SUPERIEURE DE CONSTANTINE),16.64,value,17.5,value,,not_applicable,128
B00PSL01,SCIENCES PHYSIQUES (P.E.S.) -- pour bacheliers MILA,B09,ANNEXE JIJEL (ECOLE NORMALE SUPERIEURE DE CONSTANTINE),16.39,value,,none_assigned,,not_applicable,128
C01PML01,INFORMATIQUE (P.E.M) -- pour bacheliers BEJAIA,B09,ANNEXE JIJEL (ECOLE NORMALE SUPERIEURE DE CONSTANTINE),,NC,,NC,,not_applicable,128
C01PML01,INFORMATIQUE (P.E.M) -- pour bacheliers JIJEL,B09,ANNEXE JIJEL (ECOLE NORMALE SUPERIEURE DE CONSTANTINE),15.07,value,15.75,value,,not_applicable,129
C01PML01,INFORMATIQUE (P.E.M) -- pour bacheliers SETIF,B09,ANNEXE JIJEL (ECOLE NORMALE SUPERIEURE DE CONSTANTINE),14.81,value,15.53,value,,not_applicable,129
C01PML01,INFORMATIQUE (P.E.M) -- pour bacheliers MILA,B09,ANNEXE JIJEL (ECOLE NORMALE SUPERIEURE DE CONSTANTINE),15.95,value,,none_assigned,,not_applicable,129
C02PSL01,MATHEMATIQUES (P.E.S.) -- pour bacheliers OUM-EL- BOUAGHI,B09,ANNEXE JIJEL (ECOLE NORMALE SUPERIEURE DE CONSTANTINE),16.08,value,17.34,value,,not_applicable,129
C02PSL01,MATHEMATIQUES (P.E.S.) -- pour bacheliers BATNA,B09,ANNEXE JIJEL (ECOLE NORMALE SUPERIEURE DE CONSTANTINE),15.96,value,16.73,value,,not_applicable,129
C02PSL01,MATHEMATIQUES (P.E.S.) -- pour bacheliers JIJEL,B09,ANNEXE JIJEL (ECOLE NORMALE SUPERIEURE DE CONSTANTINE),16.38,value,17.02,value,,not_applicable,129
D00PML01,SCIENCES NATURELLES (P.E.M) -- pour bacheliers BEJAIA,B09,ANNEXE JIJEL (ECOLE NORMALE SUPERIEURE DE CONSTANTINE),,NC,,not_applicable,,not_applicable,129
D00PML01,SCIENCES NATURELLES (P.E.M) -- pour bacheliers JIJEL,B09,ANNEXE JIJEL (ECOLE NORMALE SUPERIEURE DE CONSTANTINE),15.86,value,,not_applicable,,not_applicable,129
D00PML01,SCIENCES NATURELLES (P.E.M) -- pour bacheliers MILA,B09,ANNEXE JIJEL (ECOLE NORMALE SUPERIEURE DE CONSTANTINE),15.97,value,,not_applicable,,not_applicable,129
H01PML01,LANGUE FRANCAISE (P.E.M) -- pour bacheliers JIJEL,B09,ANNEXE JIJEL (ECOLE NORMALE SUPERIEURE DE CONSTANTINE),14.29,value,14.95,value,,not_applicable,129
H01PPL01,FRANCAIS (P.E.P) -- pour bacheliers JIJEL,B09,ANNEXE JIJEL (ECOLE NORMALE SUPERIEURE DE CONSTANTINE),13.98,value,14.64,value,,not_applicable,129
H06PML01,LANGUE ANGLAISE (P.E.M) -- pour bacheliers JIJEL,B09,ANNEXE JIJEL (ECOLE NORMALE SUPERIEURE DE CONSTANTINE),14.96,value,15.6,value,,not_applicable,129
L00PPL01,ARABE (P.E.P) -- pour bacheliers JIJEL,B09,ANNEXE JIJEL (ECOLE NORMALE SUPERIEURE DE CONSTANTINE),14.07,value,14.84,value,,not_applicable,129
L00PSL01,LANGUE ET LITTERATURE ARABES (P.E.S) -- pour bacheliers OUM-EL-BOUAGHI,B09,ANNEXE JIJEL (ECOLE NORMALE SUPERIEURE DE CONSTANTINE),14.85,value,15.91,value,,not_applicable,129
L00PSL01,LANGUE ET LITTERATURE ARABES (P.E.S) -- pour bacheliers TEBESSA,B09,ANNEXE JIJEL (ECOLE NORMALE SUPERIEURE DE CONSTANTINE),14.98,value,14.81,value,,not_applicable,130
L00PSL01,LANGUE ET LITTERATURE ARABES (P.E.S) -- pour bacheliers JIJEL,B09,ANNEXE JIJEL (ECOLE NORMALE SUPERIEURE DE CONSTANTINE),15.63,value,16.55,value,,not_applicable,130
L00PSL01,LANGUE ET LITTERATURE ARABES (P.E.S) -- pour bacheliers SKIKDA,B09,ANNEXE JIJEL (ECOLE NORMALE SUPERIEURE DE CONSTANTINE),14.78,value,15.68,value,,not_applicable,130
L00PSL01,LANGUE ET LITTERATURE ARABES (P.E.S) -- pour bacheliers MILA,B09,ANNEXE JIJEL (ECOLE NORMALE SUPERIEURE DE CONSTANTINE),15.59,value,15.97,value,,not_applicable,130
H01PPL01,FRANCAIS (P.E.P) -- pour bacheliers SETIF,B33,UNIVERSITE DE SETIF 2 (ECOLE NORMALE SUPERIEURE DE SETIF),13.71,value,14.41,value,,not_applicable,130
H06PPL01,LANGUE ANGLAISE (P.E.P) -- pour bacheliers BATNA,B33,UNIVERSITE DE SETIF 2 (ECOLE NORMALE SUPERIEURE DE SETIF),15.11,value,15.86,value,,not_applicable,130
H06PPL01,LANGUE ANGLAISE (P.E.P) -- pour bacheliers BEJAIA,B33,UNIVERSITE DE SETIF 2 (ECOLE NORMALE SUPERIEURE DE SETIF),13.71,value,14.51,value,,not_applicable,130
H06PPL01,LANGUE ANGLAISE (P.E.P) -- pour bacheliers JIJEL,B33,UNIVERSITE DE SETIF 2 (ECOLE NORMALE SUPERIEURE DE SETIF),14.58,value,15.3,value,,not_applicable,130
H06PPL01,LANGUE ANGLAISE (P.E.P) -- pour bacheliers SETIF,B33,UNIVERSITE DE SETIF 2 (ECOLE NORMALE SUPERIEURE DE SETIF),14.89,value,15.56,value,,not_applicable,130
J00PML01,EDUCATION PHYSIQUE ET SPORTIVE (P.E.M) -- pour bacheliers BATNA,B33,UNIVERSITE DE SETIF 2 (ECOLE NORMALE SUPERIEURE DE SETIF),15.55,value,,not_applicable,,not_applicable,130
J00PML01,EDUCATION PHYSIQUE ET SPORTIVE (P.E.M) -- pour bacheliers SETIF,B33,UNIVERSITE DE SETIF 2 (ECOLE NORMALE SUPERIEURE DE SETIF),14.72,value,,not_applicable,,not_applicable,130
J00PML01,EDUCATION PHYSIQUE ET SPORTIVE (P.E.M) -- pour bacheliers KHENCHLA,B33,UNIVERSITE DE SETIF 2 (ECOLE NORMALE SUPERIEURE DE SETIF),14.47,value,,not_applicable,,not_applicable,130
J00PML01,EDUCATION PHYSIQUE ET SPORTIVE (P.E.M) -- pour bacheliers SOUK-AHRAS,B33,UNIVERSITE DE SETIF 2 (ECOLE NORMALE SUPERIEURE DE SETIF),14.76,value,,not_applicable,,not_applicable,130
J00PML01,EDUCATION PHYSIQUE ET SPORTIVE (P.E.M) -- pour bacheliers MILA,B33,UNIVERSITE DE SETIF 2 (ECOLE NORMALE SUPERIEURE DE SETIF),15.32,value,,not_applicable,,not_applicable,130
J00PPL01,EDUCATION PHYSIQUE ET SPORTIVE (P.E.P) -- pour bacheliers BEJAIA,B33,UNIVERSITE DE SETIF 2 (ECOLE NORMALE SUPERIEURE DE SETIF),13.03,value,,not_applicable,,not_applicable,131
J00PPL01,EDUCATION PHYSIQUE ET SPORTIVE (P.E.P) -- pour bacheliers JIJEL,B33,UNIVERSITE DE SETIF 2 (ECOLE NORMALE SUPERIEURE DE SETIF),14.55,value,,not_applicable,,not_applicable,131
J00PPL01,EDUCATION PHYSIQUE ET SPORTIVE (P.E.P) -- pour bacheliers SETIF,B33,UNIVERSITE DE SETIF 2 (ECOLE NORMALE SUPERIEURE DE SETIF),14.68,value,,not_applicable,,not_applicable,131
J00PSL01,EDUCATION PHYSIQUE ET SPORTIVE (P.E.S) -- pour bacheliers BATNA,B33,UNIVERSITE DE SETIF 2 (ECOLE NORMALE SUPERIEURE DE SETIF),16.17,value,,not_applicable,,not_applicable,131
J00PSL01,EDUCATION PHYSIQUE ET SPORTIVE (P.E.S) -- pour bacheliers SETIF,B33,UNIVERSITE DE SETIF 2 (ECOLE NORMALE SUPERIEURE DE SETIF),15.32,value,,not_applicable,,not_applicable,131
J00PSL01,EDUCATION PHYSIQUE ET SPORTIVE (P.E.S) -- pour bacheliers KHENCHLA,B33,UNIVERSITE DE SETIF 2 (ECOLE NORMALE SUPERIEURE DE SETIF),15.35,value,,not_applicable,,not_applicable,131
J00PSL01,EDUCATION PHYSIQUE ET SPORTIVE (P.E.S) -- pour bacheliers SOUK-AHRAS,B33,UNIVERSITE DE SETIF 2 (ECOLE NORMALE SUPERIEURE DE SETIF),16.77,value,,not_applicable,,not_applicable,131
J00PSL01,EDUCATION PHYSIQUE ET SPORTIVE (P.E.S) -- pour bacheliers MILA,B33,UNIVERSITE DE SETIF 2 (ECOLE NORMALE SUPERIEURE DE SETIF),15.46,value,,not_applicable,,not_applicable,131
L00PPL01,ARABE (P.E.P) -- pour bacheliers SETIF,B33,UNIVERSITE DE SETIF 2 (ECOLE NORMALE SUPERIEURE DE SETIF),13.01,value,13.64,value,,not_applicable,131
B00PML01,SCIENCES PHYSIQUE ET TECHNOLOGIE (P.E.M) -- pour bacheliers SETIF,E42,ECOLE NORMALE SUPERIEURE DE SETIF,15.3,value,16.1,value,,not_applicable,131
B00PSL01,SCIENCES PHYSIQUES (P.E.S.) -- pour bacheliers SETIF,E42,ECOLE NORMALE SUPERIEURE DE SETIF,16.18,value,17.02,value,,not_applicable,131
C02PML01,MATHEMATIQUES (P.E.M) -- pour bacheliers SETIF,E42,ECOLE NORMALE SUPERIEURE DE SETIF,15.18,value,15.93,value,,not_applicable,131
C02PSL01,MATHEMATIQUES (P.E.S.) -- pour bacheliers SETIF,E42,ECOLE NORMALE SUPERIEURE DE SETIF,16.33,value,17.26,value,,not_applicable,131
D00PML01,SCIENCES NATURELLES (P.E.M) -- pour bacheliers SETIF,E42,ECOLE NORMALE SUPERIEURE DE SETIF,15.79,value,,not_applicable,,not_applicable,131
D00PSL01,SCIENCES NATURELLES (P.E.S) -- pour bacheliers JIJEL,E42,ECOLE NORMALE SUPERIEURE DE SETIF,16.73,value,,not_applicable,,not_applicable,131
D00PSL01,SCIENCES NATURELLES (P.E.S) -- pour bacheliers SETIF,E42,ECOLE NORMALE SUPERIEURE DE SETIF,16.42,value,,not_applicable,,not_applicable,131
H01PML01,LANGUE FRANCAISE (P.E.M) -- pour bacheliers SETIF,E42,ECOLE NORMALE SUPERIEURE DE SETIF,14.23,value,14.97,value,,not_applicable,131
H01PSL01,LANGUE FRANCAISE (P.E.S) -- pour bacheliers JIJEL,E42,ECOLE NORMALE SUPERIEURE DE SETIF,14.65,value,15.35,value,,not_applicable,132
H01PSL01,LANGUE FRANCAISE (P.E.S) -- pour bacheliers SETIF,E42,ECOLE NORMALE SUPERIEURE DE SETIF,15.13,value,15.99,value,,not_applicable,132
H06PML01,LANGUE ANGLAISE (P.E.M) -- pour bacheliers OUM-EL- BOUAGHI,E42,ECOLE NORMALE SUPERIEURE DE SETIF,15.23,value,16.0,value,,not_applicable,132
H06PML01,LANGUE ANGLAISE (P.E.M) -- pour bacheliers SETIF,E42,ECOLE NORMALE SUPERIEURE DE SETIF,15.02,value,15.78,value,,not_applicable,132
H06PSL01,LANGUE ANGLAISE (P.E.S) -- pour bacheliers JIJEL,E42,ECOLE NORMALE SUPERIEURE DE SETIF,17.56,value,17.3,value,,not_applicable,132
H06PSL01,LANGUE ANGLAISE (P.E.S) -- pour bacheliers SETIF,E42,ECOLE NORMALE SUPERIEURE DE SETIF,16.11,value,17.17,value,,not_applicable,132
H06PSL01,LANGUE ANGLAISE (P.E.S) -- pour bacheliers MSILA,E42,ECOLE NORMALE SUPERIEURE DE SETIF,16.16,value,16.8,value,,not_applicable,132
I00PML01,HISTOIRE GEOGRAPHIE (P.E.M) -- pour bacheliers BATNA,E42,ECOLE NORMALE SUPERIEURE DE SETIF,14.62,value,15.39,value,,not_applicable,132
I00PML01,HISTOIRE GEOGRAPHIE (P.E.M) -- pour bacheliers SETIF,E42,ECOLE NORMALE SUPERIEURE DE SETIF,14.47,value,15.18,value,,not_applicable,132
I00PSL01,HISTOIRE GEOGRAPHIE (P.E.S) -- pour bacheliers BATNA,E42,ECOLE NORMALE SUPERIEURE DE SETIF,15.73,value,16.57,value,,not_applicable,132
I00PSL01,HISTOIRE GEOGRAPHIE (P.E.S) -- pour bacheliers SETIF,E42,ECOLE NORMALE SUPERIEURE DE SETIF,15.13,value,15.95,value,,not_applicable,132
L00PML01,LANGUE ET LITTERATURE ARABES (P.E.M) -- pour bacheliers SETIF,E42,ECOLE NORMALE SUPERIEURE DE SETIF,14.42,value,15.14,value,,not_applicable,132
L00PSL01,LANGUE ET LITTERATURE ARABES (P.E.S) -- pour bacheliers SETIF,E42,ECOLE NORMALE SUPERIEURE DE SETIF,15.22,value,15.99,value,,not_applicable,132
B00PML01,SCIENCES PHYSIQUE ET TECHNOLOGIE (P.E.M) -- pour bacheliers SAIDA,U50,ECOLE NORMALE SUPERIEURE DE SAIDA (E.N.S),14.12,value,14.83,value,,not_applicable,132
B00PML01,SCIENCES PHYSIQUE ET TECHNOLOGIE (P.E.M) -- pour bacheliers MASCARA,U50,ECOLE NORMALE SUPERIEURE DE SAIDA (E.N.S),15.56,value,,none_assigned,,not_applicable,132
B00PML01,SCIENCES PHYSIQUE ET TECHNOLOGIE (P.E.M) -- pour bacheliers EL BAYADH,U50,ECOLE NORMALE SUPERIEURE DE SAIDA (E.N.S),14.09,value,14.09,value,,not_applicable,132
B00PSL01,SCIENCES PHYSIQUES (P.E.S.) -- pour bacheliers SAIDA,U50,ECOLE NORMALE SUPERIEURE DE SAIDA (E.N.S),15.15,value,15.67,value,,not_applicable,132
B00PSL01,SCIENCES PHYSIQUES (P.E.S.) -- pour bacheliers MASCARA,U50,ECOLE NORMALE SUPERIEURE DE SAIDA (E.N.S),16.29,value,17.05,value,,not_applicable,132
B00PSL01,SCIENCES PHYSIQUES (P.E.S.) -- pour bacheliers EL BAYADH,U50,ECOLE NORMALE SUPERIEURE DE SAIDA (E.N.S),15.57,value,15.53,value,,not_applicable,133
C02PML01,MATHEMATIQUES (P.E.M) -- pour bacheliers SAIDA,U50,ECOLE NORMALE SUPERIEURE DE SAIDA (E.N.S),14.05,value,14.75,value,,not_applicable,133
C02PML01,MATHEMATIQUES (P.E.M) -- pour bacheliers MASCARA,U50,ECOLE NORMALE SUPERIEURE DE SAIDA (E.N.S),15.74,value,16.64,value,,not_applicable,133
C02PML01,MATHEMATIQUES (P.E.M) -- pour bacheliers EL BAYADH,U50,ECOLE NORMALE SUPERIEURE DE SAIDA (E.N.S),,NC,,NC,,not_applicable,133
C02PSL01,MATHEMATIQUES (P.E.S.) -- pour bacheliers SAIDA,U50,ECOLE NORMALE SUPERIEURE DE SAIDA (E.N.S),15.09,value,16.1,value,,not_applicable,133
C02PSL01,MATHEMATIQUES (P.E.S.) -- pour bacheliers SIDIBEL-ABBES,U50,ECOLE NORMALE SUPERIEURE DE SAIDA (E.N.S),15.04,value,15.81,value,,not_applicable,133
C02PSL01,MATHEMATIQUES (P.E.S.) -- pour bacheliers EL BAYADH,U50,ECOLE NORMALE SUPERIEURE DE SAIDA (E.N.S),14.56,value,15.23,value,,not_applicable,133
H06PPL01,LANGUE ANGLAISE (P.E.P) -- pour bacheliers SAIDA,U50,ECOLE NORMALE SUPERIEURE DE SAIDA (E.N.S),13.73,value,14.58,value,,not_applicable,133
H06PPL01,LANGUE ANGLAISE (P.E.P) -- pour bacheliers SIDIBEL-ABBES,U50,ECOLE NORMALE SUPERIEURE DE SAIDA (E.N.S),13.52,value,14.38,value,,not_applicable,133
H06PPL01,LANGUE ANGLAISE (P.E.P) -- pour bacheliers EL BAYADH,U50,ECOLE NORMALE SUPERIEURE DE SAIDA (E.N.S),13.63,value,14.13,value,,not_applicable,133
L00PPL01,ARABE (P.E.P) -- pour bacheliers SAIDA,U50,ECOLE NORMALE SUPERIEURE DE SAIDA (E.N.S),,NC,,NC,,not_applicable,133
L00PPL01,ARABE (P.E.P) -- pour bacheliers SKIKDA,B34,UNIVERSITE DE SKIKDA (ECOLE NORMALE SUPERIEURE DE SETIF),14.28,value,15.04,value,,not_applicable,133
A05PSL01,TECHNIQUE (P.E.S) OPTION : GENIE CIVIL -- pour bacheliers LAGHOUAT,E30,ECOLE NORMALE SUPERIEURE D ENSEIGNEMENT TECHNIQUE DE SKIKDA (E.N.S.E.T),15.03,value,,none_assigned,,not_applicable,133
A05PSL01,TECHNIQUE (P.E.S) OPTION : GENIE CIVIL -- pour bacheliers OUM-EL-BOUAGHI,E30,ECOLE NORMALE SUPERIEURE D ENSEIGNEMENT TECHNIQUE DE SKIKDA (E.N.S.E.T),,none_assigned,,none_assigned,,not_applicable,134
A05PSL01,TECHNIQUE (P.E.S) OPTION : GENIE CIVIL -- pour bacheliers BATNA,E30,ECOLE NORMALE SUPERIEURE D ENSEIGNEMENT TECHNIQUE DE SKIKDA (E.N.S.E.T),16.41,value,,none_assigned,,not_applicable,134
A05PSL01,TECHNIQUE (P.E.S) OPTION : GENIE CIVIL -- pour bacheliers BEJAIA,E30,ECOLE NORMALE SUPERIEURE D ENSEIGNEMENT TECHNIQUE DE SKIKDA (E.N.S.E.T),,NC,,NC,,not_applicable,134
A05PSL01,TECHNIQUE (P.E.S) OPTION : GENIE CIVIL -- pour bacheliers BISKRA,E30,ECOLE NORMALE SUPERIEURE D ENSEIGNEMENT TECHNIQUE DE SKIKDA (E.N.S.E.T),15.25,value,,none_assigned,,not_applicable,134
A05PSL01,TECHNIQUE (P.E.S) OPTION : GENIE CIVIL -- pour bacheliers BLIDA,E30,ECOLE NORMALE SUPERIEURE D ENSEIGNEMENT TECHNIQUE DE SKIKDA (E.N.S.E.T),,NC,,NC,,not_applicable,134
A05PSL01,TECHNIQUE (P.E.S) OPTION : GENIE CIVIL -- pour bacheliers BOUIRA,E30,ECOLE NORMALE SUPERIEURE D ENSEIGNEMENT TECHNIQUE DE SKIKDA (E.N.S.E.T),15.95,value,,none_assigned,,not_applicable,134
A05PSL01,TECHNIQUE (P.E.S) OPTION : GENIE CIVIL -- pour bacheliers TAMANRASSET,E30,ECOLE NORMALE SUPERIEURE D ENSEIGNEMENT TECHNIQUE DE SKIKDA (E.N.S.E.T),,NC,,NC,,not_applicable,134
A05PSL01,TECHNIQUE (P.E.S) OPTION : GENIE CIVIL -- pour bacheliers TEBESSA,E30,ECOLE NORMALE SUPERIEURE D ENSEIGNEMENT TECHNIQUE DE SKIKDA (E.N.S.E.T),16.11,value,,none_assigned,,not_applicable,134
A05PSL01,TECHNIQUE (P.E.S) OPTION : GENIE CIVIL -- pour bacheliers TIZI-OUZOU,E30,ECOLE NORMALE SUPERIEURE D ENSEIGNEMENT TECHNIQUE DE SKIKDA (E.N.S.E.T),,NC,,NC,,not_applicable,134
A05PSL01,TECHNIQUE (P.E.S) OPTION : GENIE CIVIL -- pour bacheliers ALGER,E30,ECOLE NORMALE SUPERIEURE D ENSEIGNEMENT TECHNIQUE DE SKIKDA (E.N.S.E.T),,NC,,NC,,not_applicable,134
A05PSL01,TECHNIQUE (P.E.S) OPTION : GENIE CIVIL -- pour bacheliers JIJEL,E30,ECOLE NORMALE SUPERIEURE D ENSEIGNEMENT TECHNIQUE DE SKIKDA (E.N.S.E.T),16.14,value,,none_assigned,,not_applicable,135
A05PSL01,TECHNIQUE (P.E.S) OPTION : GENIE CIVIL -- pour bacheliers SETIF,E30,ECOLE NORMALE SUPERIEURE D ENSEIGNEMENT TECHNIQUE DE SKIKDA (E.N.S.E.T),15.82,value,16.86,value,,not_applicable,135
A05PSL01,TECHNIQUE (P.E.S) OPTION : GENIE CIVIL -- pour bacheliers SKIKDA,E30,ECOLE NORMALE SUPERIEURE D ENSEIGNEMENT TECHNIQUE DE SKIKDA (E.N.S.E.T),16.44,value,,none_assigned,,not_applicable,135
A05PSL01,TECHNIQUE (P.E.S) OPTION : GENIE CIVIL -- pour bacheliers ANNABA,E30,ECOLE NORMALE SUPERIEURE D ENSEIGNEMENT TECHNIQUE DE SKIKDA (E.N.S.E.T),16.68,value,,none_assigned,,not_applicable,135
A05PSL01,TECHNIQUE (P.E.S) OPTION : GENIE CIVIL -- pour bacheliers GUELMA,E30,ECOLE NORMALE SUPERIEURE D ENSEIGNEMENT TECHNIQUE DE SKIKDA (E.N.S.E.T),17.09,value,,none_assigned,,not_applicable,135
A05PSL01,TECHNIQUE (P.E.S) OPTION : GENIE CIVIL -- pour bacheliers CONSTANTINE,E30,ECOLE NORMALE SUPERIEURE D ENSEIGNEMENT TECHNIQUE DE SKIKDA (E.N.S.E.T),15.88,value,,none_assigned,,not_applicable,135
A05PSL01,TECHNIQUE (P.E.S) OPTION : GENIE CIVIL -- pour bacheliers MSILA,E30,ECOLE NORMALE SUPERIEURE D ENSEIGNEMENT TECHNIQUE DE SKIKDA (E.N.S.E.T),16.97,value,,none_assigned,,not_applicable,135
A05PSL01,TECHNIQUE (P.E.S) OPTION : GENIE CIVIL -- pour bacheliers OUARGLA,E30,ECOLE NORMALE SUPERIEURE D ENSEIGNEMENT TECHNIQUE DE SKIKDA (E.N.S.E.T),,NC,,NC,,not_applicable,135
A05PSL01,TECHNIQUE (P.E.S) OPTION : GENIE CIVIL -- pour bacheliers ILLIZI,E30,ECOLE NORMALE SUPERIEURE D ENSEIGNEMENT TECHNIQUE DE SKIKDA (E.N.S.E.T),,none_assigned,,none_assigned,,not_applicable,135
A05PSL01,TECHNIQUE (P.E.S) OPTION : GENIE CIVIL -- pour bacheliers B.B.ARRERIDJ,E30,ECOLE NORMALE SUPERIEURE D ENSEIGNEMENT TECHNIQUE DE SKIKDA (E.N.S.E.T),15.26,value,,none_assigned,,not_applicable,135
A05PSL01,TECHNIQUE (P.E.S) OPTION : GENIE CIVIL -- pour bacheliers BOUMERDES,E30,ECOLE NORMALE SUPERIEURE D ENSEIGNEMENT TECHNIQUE DE SKIKDA (E.N.S.E.T),,NC,,NC,,not_applicable,136
A05PSL01,TECHNIQUE (P.E.S) OPTION : GENIE CIVIL -- pour bacheliers ELTARF,E30,ECOLE NORMALE SUPERIEURE D ENSEIGNEMENT TECHNIQUE DE SKIKDA (E.N.S.E.T),15.45,value,,none_assigned,,not_applicable,136
A05PSL01,TECHNIQUE (P.E.S) OPTION : GENIE CIVIL -- pour bacheliers EL OUED,E30,ECOLE NORMALE SUPERIEURE D ENSEIGNEMENT TECHNIQUE DE SKIKDA (E.N.S.E.T),15.17,value,,none_assigned,,not_applicable,136
A05PSL01,TECHNIQUE (P.E.S) OPTION : GENIE CIVIL -- pour bacheliers KHENCHLA,E30,ECOLE NORMALE SUPERIEURE D ENSEIGNEMENT TECHNIQUE DE SKIKDA (E.N.S.E.T),17.26,value,,none_assigned,,not_applicable,136
A05PSL01,TECHNIQUE (P.E.S) OPTION : GENIE CIVIL -- pour bacheliers SOUK-AHRAS,E30,ECOLE NORMALE SUPERIEURE D ENSEIGNEMENT TECHNIQUE DE SKIKDA (E.N.S.E.T),17.16,value,,none_assigned,,not_applicable,136
A05PSL01,TECHNIQUE (P.E.S) OPTION : GENIE CIVIL -- pour bacheliers TIPAZA,E30,ECOLE NORMALE SUPERIEURE D ENSEIGNEMENT TECHNIQUE DE SKIKDA (E.N.S.E.T),15.3,value,,none_assigned,,not_applicable,136
A05PSL01,TECHNIQUE (P.E.S) OPTION : GENIE CIVIL -- pour bacheliers MILA,E30,ECOLE NORMALE SUPERIEURE D ENSEIGNEMENT TECHNIQUE DE SKIKDA (E.N.S.E.T),16.59,value,,none_assigned,,not_applicable,136
A05PSL01,TECHNIQUE (P.E.S) OPTION : GENIE CIVIL -- pour bacheliers GHARDAIA,E30,ECOLE NORMALE SUPERIEURE D ENSEIGNEMENT TECHNIQUE DE SKIKDA (E.N.S.E.T),16.44,value,,none_assigned,,not_applicable,136
A05PSL01,TECHNIQUE (P.E.S) OPTION : GENIE CIVIL -- pour bacheliers TIMIMOUN,E30,ECOLE NORMALE SUPERIEURE D ENSEIGNEMENT TECHNIQUE DE SKIKDA (E.N.S.E.T),14.56,value,,none_assigned,,not_applicable,136
A05PSL01,TECHNIQUE (P.E.S) OPTION : GENIE CIVIL -- pour bacheliers BORDJ BADJI MOKHTAR,E30,ECOLE NORMALE SUPERIEURE D ENSEIGNEMENT TECHNIQUE DE SKIKDA (E.N.S.E.T),,NC,,NC,,not_applicable,136
A05PSL01,TECHNIQUE (P.E.S) OPTION : GENIE CIVIL -- pour bacheliers OULED DJELLAL,E30,ECOLE NORMALE SUPERIEURE D ENSEIGNEMENT TECHNIQUE DE SKIKDA (E.N.S.E.T),14.13,value,,none_assigned,,not_applicable,137
A05PSL01,TECHNIQUE (P.E.S) OPTION : GENIE CIVIL -- pour bacheliers IN GUEZZAM,E30,ECOLE NORMALE SUPERIEURE D ENSEIGNEMENT TECHNIQUE DE SKIKDA (E.N.S.E.T),,none_assigned,,none_assigned,,not_applicable,137
A05PSL01,TECHNIQUE (P.E.S) OPTION : GENIE CIVIL -- pour bacheliers TOUGGOURT,E30,ECOLE NORMALE SUPERIEURE D ENSEIGNEMENT TECHNIQUE DE SKIKDA (E.N.S.E.T),,none_assigned,14.38,value,,not_applicable,137
A05PSL01,TECHNIQUE (P.E.S) OPTION : GENIE CIVIL -- pour bacheliers DJANET,E30,ECOLE NORMALE SUPERIEURE D ENSEIGNEMENT TECHNIQUE DE SKIKDA (E.N.S.E.T),,NC,,NC,,not_applicable,137
A05PSL01,TECHNIQUE (P.E.S) OPTION : GENIE CIVIL -- pour bacheliers EL MGHAIER,E30,ECOLE NORMALE SUPERIEURE D ENSEIGNEMENT TECHNIQUE DE SKIKDA (E.N.S.E.T),,none_assigned,,none_assigned,,not_applicable,137
A05PSL01,TECHNIQUE (P.E.S) OPTION : GENIE CIVIL -- pour bacheliers EL MENIAA,E30,ECOLE NORMALE SUPERIEURE D ENSEIGNEMENT TECHNIQUE DE SKIKDA (E.N.S.E.T),,none_assigned,,none_assigned,,not_applicable,137
A08PSL01,TECHNIQUE (P.E.S) OPTION : GENIE DES PROCEDES -- pour bacheliers LAGHOUAT,E30,ECOLE NORMALE SUPERIEURE D ENSEIGNEMENT TECHNIQUE DE SKIKDA (E.N.S.E.T),,NC,,NC,,not_applicable,137
A08PSL01,TECHNIQUE (P.E.S) OPTION : GENIE DES PROCEDES -- pour bacheliers OUM-EL-BOUAGHI,E30,ECOLE NORMALE SUPERIEURE D ENSEIGNEMENT TECHNIQUE DE SKIKDA (E.N.S.E.T),16.29,value,,none_assigned,,not_applicable,137
A08PSL01,TECHNIQUE (P.E.S) OPTION : GENIE DES PROCEDES -- pour bacheliers BATNA,E30,ECOLE NORMALE SUPERIEURE D ENSEIGNEMENT TECHNIQUE DE SKIKDA (E.N.S.E.T),16.29,value,,none_assigned,,not_applicable,137
A08PSL01,TECHNIQUE (P.E.S) OPTION : GENIE DES PROCEDES -- pour bacheliers BEJAIA,E30,ECOLE NORMALE SUPERIEURE D ENSEIGNEMENT TECHNIQUE DE SKIKDA (E.N.S.E.T),,NC,,NC,,not_applicable,137
A08PSL01,TECHNIQUE (P.E.S) OPTION : GENIE DES PROCEDES -- pour bacheliers BISKRA,E30,ECOLE NORMALE SUPERIEURE D ENSEIGNEMENT TECHNIQUE DE SKIKDA (E.N.S.E.T),15.7,value,15.98,value,,not_applicable,138
A08PSL01,TECHNIQUE (P.E.S) OPTION : GENIE DES PROCEDES -- pour bacheliers BLIDA,E30,ECOLE NORMALE SUPERIEURE D ENSEIGNEMENT TECHNIQUE DE SKIKDA (E.N.S.E.T),14.87,value,,none_assigned,,not_applicable,138
A08PSL01,TECHNIQUE (P.E.S) OPTION : GENIE DES PROCEDES -- pour bacheliers BOUIRA,E30,ECOLE NORMALE SUPERIEURE D ENSEIGNEMENT TECHNIQUE DE SKIKDA (E.N.S.E.T),15.76,value,,none_assigned,,not_applicable,138
A08PSL01,TECHNIQUE (P.E.S) OPTION : GENIE DES PROCEDES -- pour bacheliers TAMANRASSET,E30,ECOLE NORMALE SUPERIEURE D ENSEIGNEMENT TECHNIQUE DE SKIKDA (E.N.S.E.T),,NC,,NC,,not_applicable,138
A08PSL01,TECHNIQUE (P.E.S) OPTION : GENIE DES PROCEDES -- pour bacheliers TEBESSA,E30,ECOLE NORMALE SUPERIEURE D ENSEIGNEMENT TECHNIQUE DE SKIKDA (E.N.S.E.T),16.32,value,,none_assigned,,not_applicable,138
A08PSL01,TECHNIQUE (P.E.S) OPTION : GENIE DES PROCEDES -- pour bacheliers TIZI-OUZOU,E30,ECOLE NORMALE SUPERIEURE D ENSEIGNEMENT TECHNIQUE DE SKIKDA (E.N.S.E.T),,none_assigned,,none_assigned,,not_applicable,138
A08PSL01,TECHNIQUE (P.E.S) OPTION : GENIE DES PROCEDES -- pour bacheliers ALGER,E30,ECOLE NORMALE SUPERIEURE D ENSEIGNEMENT TECHNIQUE DE SKIKDA (E.N.S.E.T),,NC,,NC,,not_applicable,138
A08PSL01,TECHNIQUE (P.E.S) OPTION : GENIE DES PROCEDES -- pour bacheliers JIJEL,E30,ECOLE NORMALE SUPERIEURE D ENSEIGNEMENT TECHNIQUE DE SKIKDA (E.N.S.E.T),16.31,value,,none_assigned,,not_applicable,138
A08PSL01,TECHNIQUE (P.E.S) OPTION : GENIE DES PROCEDES -- pour bacheliers SETIF,E30,ECOLE NORMALE SUPERIEURE D ENSEIGNEMENT TECHNIQUE DE SKIKDA (E.N.S.E.T),17.08,value,,none_assigned,,not_applicable,138
A08PSL01,TECHNIQUE (P.E.S) OPTION : GENIE DES PROCEDES -- pour bacheliers SKIKDA,E30,ECOLE NORMALE SUPERIEURE D ENSEIGNEMENT TECHNIQUE DE SKIKDA (E.N.S.E.T),16.41,value,,none_assigned,,not_applicable,138
A08PSL01,TECHNIQUE (P.E.S) OPTION : GENIE DES PROCEDES -- pour bacheliers ANNABA,E30,ECOLE NORMALE SUPERIEURE D ENSEIGNEMENT TECHNIQUE DE SKIKDA (E.N.S.E.T),16.59,value,,none_assigned,,not_applicable,139
A08PSL01,TECHNIQUE (P.E.S) OPTION : GENIE DES PROCEDES -- pour bacheliers GUELMA,E30,ECOLE NORMALE SUPERIEURE D ENSEIGNEMENT TECHNIQUE DE SKIKDA (E.N.S.E.T),15.64,value,16.78,value,,not_applicable,139
A08PSL01,TECHNIQUE (P.E.S) OPTION : GENIE DES PROCEDES -- pour bacheliers CONSTANTINE,E30,ECOLE NORMALE SUPERIEURE D ENSEIGNEMENT TECHNIQUE DE SKIKDA (E.N.S.E.T),15.51,value,,none_assigned,,not_applicable,139
A08PSL01,TECHNIQUE (P.E.S) OPTION : GENIE DES PROCEDES -- pour bacheliers MSILA,E30,ECOLE NORMALE SUPERIEURE D ENSEIGNEMENT TECHNIQUE DE SKIKDA (E.N.S.E.T),15.61,value,,none_assigned,,not_applicable,139
A08PSL01,TECHNIQUE (P.E.S) OPTION : GENIE DES PROCEDES -- pour bacheliers OUARGLA,E30,ECOLE NORMALE SUPERIEURE D ENSEIGNEMENT TECHNIQUE DE SKIKDA (E.N.S.E.T),,none_assigned,,none_assigned,,not_applicable,139
A08PSL01,TECHNIQUE (P.E.S) OPTION : GENIE DES PROCEDES -- pour bacheliers ILLIZI,E30,ECOLE NORMALE SUPERIEURE D ENSEIGNEMENT TECHNIQUE DE SKIKDA (E.N.S.E.T),,NC,,NC,,not_applicable,139
A08PSL01,TECHNIQUE (P.E.S) OPTION : GENIE DES PROCEDES -- pour bacheliers B.B.ARRERIDJ,E30,ECOLE NORMALE SUPERIEURE D ENSEIGNEMENT TECHNIQUE DE SKIKDA (E.N.S.E.T),14.89,value,,none_assigned,,not_applicable,139
A08PSL01,TECHNIQUE (P.E.S) OPTION : GENIE DES PROCEDES -- pour bacheliers BOUMERDES,E30,ECOLE NORMALE SUPERIEURE D ENSEIGNEMENT TECHNIQUE DE SKIKDA (E.N.S.E.T),14.87,value,,none_assigned,,not_applicable,139
A08PSL01,TECHNIQUE (P.E.S) OPTION : GENIE DES PROCEDES -- pour bacheliers ELTARF,E30,ECOLE NORMALE SUPERIEURE D ENSEIGNEMENT TECHNIQUE DE SKIKDA (E.N.S.E.T),16.83,value,,none_assigned,,not_applicable,139
A08PSL01,TECHNIQUE (P.E.S) OPTION : GENIE DES PROCEDES -- pour bacheliers EL OUED,E30,ECOLE NORMALE SUPERIEURE D ENSEIGNEMENT TECHNIQUE DE SKIKDA (E.N.S.E.T),15.09,value,,none_assigned,,not_applicable,139
A08PSL01,TECHNIQUE (P.E.S) OPTION : GENIE DES PROCEDES -- pour bacheliers KHENCHLA,E30,ECOLE NORMALE SUPERIEURE D ENSEIGNEMENT TECHNIQUE DE SKIKDA (E.N.S.E.T),15.45,value,,none_assigned,,not_applicable,140
A08PSL01,TECHNIQUE (P.E.S) OPTION : GENIE DES PROCEDES -- pour bacheliers SOUK-AHRAS,E30,ECOLE NORMALE SUPERIEURE D ENSEIGNEMENT TECHNIQUE DE SKIKDA (E.N.S.E.T),16.71,value,,none_assigned,,not_applicable,140
A08PSL01,TECHNIQUE (P.E.S) OPTION : GENIE DES PROCEDES -- pour bacheliers TIPAZA,E30,ECOLE NORMALE SUPERIEURE D ENSEIGNEMENT TECHNIQUE DE SKIKDA (E.N.S.E.T),,none_assigned,,none_assigned,,not_applicable,140
A08PSL01,TECHNIQUE (P.E.S) OPTION : GENIE DES PROCEDES -- pour bacheliers MILA,E30,ECOLE NORMALE SUPERIEURE D ENSEIGNEMENT TECHNIQUE DE SKIKDA (E.N.S.E.T),16.39,value,,none_assigned,,not_applicable,140
A08PSL01,TECHNIQUE (P.E.S) OPTION : GENIE DES PROCEDES -- pour bacheliers GHARDAIA,E30,ECOLE NORMALE SUPERIEURE D ENSEIGNEMENT TECHNIQUE DE SKIKDA (E.N.S.E.T),,none_assigned,,none_assigned,,not_applicable,140
A08PSL01,TECHNIQUE (P.E.S) OPTION : GENIE DES PROCEDES -- pour bacheliers TIMIMOUN,E30,ECOLE NORMALE SUPERIEURE D ENSEIGNEMENT TECHNIQUE DE SKIKDA (E.N.S.E.T),14.4,value,15.16,value,,not_applicable,140
A08PSL01,TECHNIQUE (P.E.S) OPTION : GENIE DES PROCEDES -- pour bacheliers BORDJ BADJI MOKHTAR,E30,ECOLE NORMALE SUPERIEURE D ENSEIGNEMENT TECHNIQUE DE SKIKDA (E.N.S.E.T),,none_assigned,,none_assigned,,not_applicable,140
A08PSL01,TECHNIQUE (P.E.S) OPTION : GENIE DES PROCEDES -- pour bacheliers OULED DJELLAL,E30,ECOLE NORMALE SUPERIEURE D ENSEIGNEMENT TECHNIQUE DE SKIKDA (E.N.S.E.T),16.41,value,,none_assigned,,not_applicable,140
A08PSL01,TECHNIQUE (P.E.S) OPTION : GENIE DES PROCEDES -- pour bacheliers IN GUEZZAM,E30,ECOLE NORMALE SUPERIEURE D ENSEIGNEMENT TECHNIQUE DE SKIKDA (E.N.S.E.T),,none_assigned,,none_assigned,,not_applicable,140
A08PSL01,TECHNIQUE (P.E.S) OPTION : GENIE DES PROCEDES -- pour bacheliers TOUGGOURT,E30,ECOLE NORMALE SUPERIEURE D ENSEIGNEMENT TECHNIQUE DE SKIKDA (E.N.S.E.T),14.69,value,,none_assigned,,not_applicable,140
A08PSL01,TECHNIQUE (P.E.S) OPTION : GENIE DES PROCEDES -- pour bacheliers DJANET,E30,ECOLE NORMALE SUPERIEURE D ENSEIGNEMENT TECHNIQUE DE SKIKDA (E.N.S.E.T),,NC,,NC,,not_applicable,141
A08PSL01,TECHNIQUE (P.E.S) OPTION : GENIE DES PROCEDES -- pour bacheliers EL MGHAIER,E30,ECOLE NORMALE SUPERIEURE D ENSEIGNEMENT TECHNIQUE DE SKIKDA (E.N.S.E.T),15.04,value,,none_assigned,,not_applicable,141
A08PSL01,TECHNIQUE (P.E.S) OPTION : GENIE DES PROCEDES -- pour bacheliers EL MENIAA,E30,ECOLE NORMALE SUPERIEURE D ENSEIGNEMENT TECHNIQUE DE SKIKDA (E.N.S.E.T),14.14,value,,none_assigned,,not_applicable,141
A16PSL01,TECHNIQUE (P.E.S) OPTION : GENIE ELECTRIQUE -- pour bacheliers LAGHOUAT,E30,ECOLE NORMALE SUPERIEURE D ENSEIGNEMENT TECHNIQUE DE SKIKDA (E.N.S.E.T),,NC,,NC,,not_applicable,141
A16PSL01,TECHNIQUE (P.E.S) OPTION : GENIE ELECTRIQUE -- pour bacheliers OUM-EL-BOUAGHI,E30,ECOLE NORMALE SUPERIEURE D ENSEIGNEMENT TECHNIQUE DE SKIKDA (E.N.S.E.T),16.61,value,,none_assigned,,not_applicable,141
A16PSL01,TECHNIQUE (P.E.S) OPTION : GENIE ELECTRIQUE -- pour bacheliers BATNA,E30,ECOLE NORMALE SUPERIEURE D ENSEIGNEMENT TECHNIQUE DE SKIKDA (E.N.S.E.T),15.24,value,16.28,value,,not_applicable,141
A16PSL01,TECHNIQUE (P.E.S) OPTION : GENIE ELECTRIQUE -- pour bacheliers BEJAIA,E30,ECOLE NORMALE SUPERIEURE D ENSEIGNEMENT TECHNIQUE DE SKIKDA (E.N.S.E.T),14.62,value,15.17,value,,not_applicable,141
A16PSL01,TECHNIQUE (P.E.S) OPTION : GENIE ELECTRIQUE -- pour bacheliers BISKRA,E30,ECOLE NORMALE SUPERIEURE D ENSEIGNEMENT TECHNIQUE DE SKIKDA (E.N.S.E.T),14.5,value,14.02,value,,not_applicable,141
A16PSL01,TECHNIQUE (P.E.S) OPTION : GENIE ELECTRIQUE -- pour bacheliers BLIDA,E30,ECOLE NORMALE SUPERIEURE D ENSEIGNEMENT TECHNIQUE DE SKIKDA (E.N.S.E.T),14.88,value,,none_assigned,,not_applicable,141
A16PSL01,TECHNIQUE (P.E.S) OPTION : GENIE ELECTRIQUE -- pour bacheliers BOUIRA,E30,ECOLE NORMALE SUPERIEURE D ENSEIGNEMENT TECHNIQUE DE SKIKDA (E.N.S.E.T),15.45,value,,none_assigned,,not_applicable,141
A16PSL01,TECHNIQUE (P.E.S) OPTION : GENIE ELECTRIQUE -- pour bacheliers TAMANRASSET,E30,ECOLE NORMALE SUPERIEURE D ENSEIGNEMENT TECHNIQUE DE SKIKDA (E.N.S.E.T),14.14,value,,none_assigned,,not_applicable,142
A16PSL01,TECHNIQUE (P.E.S) OPTION : GENIE ELECTRIQUE -- pour bacheliers TEBESSA,E30,ECOLE NORMALE SUPERIEURE D ENSEIGNEMENT TECHNIQUE DE SKIKDA (E.N.S.E.T),15.49,value,,none_assigned,,not_applicable,142
A16PSL01,TECHNIQUE (P.E.S) OPTION : GENIE ELECTRIQUE -- pour bacheliers TIZI-OUZOU,E30,ECOLE NORMALE SUPERIEURE D ENSEIGNEMENT TECHNIQUE DE SKIKDA (E.N.S.E.T),,NC,,NC,,not_applicable,142
A16PSL01,TECHNIQUE (P.E.S) OPTION : GENIE ELECTRIQUE -- pour bacheliers ALGER,E30,ECOLE NORMALE SUPERIEURE D ENSEIGNEMENT TECHNIQUE DE SKIKDA (E.N.S.E.T),,NC,,NC,,not_applicable,142
A16PSL01,TECHNIQUE (P.E.S) OPTION : GENIE ELECTRIQUE -- pour bacheliers JIJEL,E30,ECOLE NORMALE SUPERIEURE D ENSEIGNEMENT TECHNIQUE DE SKIKDA (E.N.S.E.T),,none_assigned,15.5,value,,not_applicable,142
A16PSL01,TECHNIQUE (P.E.S) OPTION : GENIE ELECTRIQUE -- pour bacheliers SETIF,E30,ECOLE NORMALE SUPERIEURE D ENSEIGNEMENT TECHNIQUE DE SKIKDA (E.N.S.E.T),15.11,value,,none_assigned,,not_applicable,142
A16PSL01,TECHNIQUE (P.E.S) OPTION : GENIE ELECTRIQUE -- pour bacheliers SKIKDA,E30,ECOLE NORMALE SUPERIEURE D ENSEIGNEMENT TECHNIQUE DE SKIKDA (E.N.S.E.T),16.86,value,,none_assigned,,not_applicable,142
A16PSL01,TECHNIQUE (P.E.S) OPTION : GENIE ELECTRIQUE -- pour bacheliers ANNABA,E30,ECOLE NORMALE SUPERIEURE D ENSEIGNEMENT TECHNIQUE DE SKIKDA (E.N.S.E.T),15.44,value,,none_assigned,,not_applicable,142
A16PSL01,TECHNIQUE (P.E.S) OPTION : GENIE ELECTRIQUE -- pour bacheliers GUELMA,E30,ECOLE NORMALE SUPERIEURE D ENSEIGNEMENT TECHNIQUE DE SKIKDA (E.N.S.E.T),16.4,value,16.69,value,,not_applicable,142
A16PSL01,TECHNIQUE (P.E.S) OPTION : GENIE ELECTRIQUE -- pour bacheliers CONSTANTINE,E30,ECOLE NORMALE SUPERIEURE D ENSEIGNEMENT TECHNIQUE DE SKIKDA (E.N.S.E.T),15.56,value,,none_assigned,,not_applicable,142
A16PSL01,TECHNIQUE (P.E.S) OPTION : GENIE ELECTRIQUE -- pour bacheliers MSILA,E30,ECOLE NORMALE SUPERIEURE D ENSEIGNEMENT TECHNIQUE DE SKIKDA (E.N.S.E.T),15.73,value,,none_assigned,,not_applicable,143
A16PSL01,TECHNIQUE (P.E.S) OPTION : GENIE ELECTRIQUE -- pour bacheliers OUARGLA,E30,ECOLE NORMALE SUPERIEURE D ENSEIGNEMENT TECHNIQUE DE SKIKDA (E.N.S.E.T),,none_assigned,14.59,value,,not_applicable,143
A16PSL01,TECHNIQUE (P.E.S) OPTION : GENIE ELECTRIQUE -- pour bacheliers ILLIZI,E30,ECOLE NORMALE SUPERIEURE D ENSEIGNEMENT TECHNIQUE DE SKIKDA (E.N.S.E.T),,none_assigned,,none_assigned,,not_applicable,143
A16PSL01,TECHNIQUE (P.E.S) OPTION : GENIE ELECTRIQUE -- pour bacheliers B.B.ARRERIDJ,E30,ECOLE NORMALE SUPERIEURE D ENSEIGNEMENT TECHNIQUE DE SKIKDA (E.N.S.E.T),16.35,value,,none_assigned,,not_applicable,143
A16PSL01,TECHNIQUE (P.E.S) OPTION : GENIE ELECTRIQUE -- pour bacheliers BOUMERDES,E30,ECOLE NORMALE SUPERIEURE D ENSEIGNEMENT TECHNIQUE DE SKIKDA (E.N.S.E.T),,none_assigned,,none_assigned,,not_applicable,143
A16PSL01,TECHNIQUE (P.E.S) OPTION : GENIE ELECTRIQUE -- pour bacheliers ELTARF,E30,ECOLE NORMALE SUPERIEURE D ENSEIGNEMENT TECHNIQUE DE SKIKDA (E.N.S.E.T),,none_assigned,,none_assigned,,not_applicable,143
A16PSL01,TECHNIQUE (P.E.S) OPTION : GENIE ELECTRIQUE -- pour bacheliers EL OUED,E30,ECOLE NORMALE SUPERIEURE D ENSEIGNEMENT TECHNIQUE DE SKIKDA (E.N.S.E.T),14.65,value,15.3,value,,not_applicable,143
A16PSL01,TECHNIQUE (P.E.S) OPTION : GENIE ELECTRIQUE -- pour bacheliers KHENCHLA,E30,ECOLE NORMALE SUPERIEURE D ENSEIGNEMENT TECHNIQUE DE SKIKDA (E.N.S.E.T),,none_assigned,,none_assigned,,not_applicable,143
A16PSL01,TECHNIQUE (P.E.S) OPTION : GENIE ELECTRIQUE -- pour bacheliers SOUK-AHRAS,E30,ECOLE NORMALE SUPERIEURE D ENSEIGNEMENT TECHNIQUE DE SKIKDA (E.N.S.E.T),15.91,value,,none_assigned,,not_applicable,143
A16PSL01,TECHNIQUE (P.E.S) OPTION : GENIE ELECTRIQUE -- pour bacheliers TIPAZA,E30,ECOLE NORMALE SUPERIEURE D ENSEIGNEMENT TECHNIQUE DE SKIKDA (E.N.S.E.T),,none_assigned,,none_assigned,,not_applicable,143
A16PSL01,TECHNIQUE (P.E.S) OPTION : GENIE ELECTRIQUE -- pour bacheliers MILA,E30,ECOLE NORMALE SUPERIEURE D ENSEIGNEMENT TECHNIQUE DE SKIKDA (E.N.S.E.T),,none_assigned,,none_assigned,,not_applicable,144
A16PSL01,TECHNIQUE (P.E.S) OPTION : GENIE ELECTRIQUE -- pour bacheliers GHARDAIA,E30,ECOLE NORMALE SUPERIEURE D ENSEIGNEMENT TECHNIQUE DE SKIKDA (E.N.S.E.T),,NC,,NC,,not_applicable,144
A16PSL01,TECHNIQUE (P.E.S) OPTION : GENIE ELECTRIQUE -- pour bacheliers TIMIMOUN,E30,ECOLE NORMALE SUPERIEURE D ENSEIGNEMENT TECHNIQUE DE SKIKDA (E.N.S.E.T),14.05,value,15.39,value,,not_applicable,144
A16PSL01,TECHNIQUE (P.E.S) OPTION : GENIE ELECTRIQUE -- pour bacheliers BORDJ BADJI MOKHTAR,E30,ECOLE NORMALE SUPERIEURE D ENSEIGNEMENT TECHNIQUE DE SKIKDA (E.N.S.E.T),,NC,,NC,,not_applicable,144
A16PSL01,TECHNIQUE (P.E.S) OPTION : GENIE ELECTRIQUE -- pour bacheliers OULED DJELLAL,E30,ECOLE NORMALE SUPERIEURE D ENSEIGNEMENT TECHNIQUE DE SKIKDA (E.N.S.E.T),14.83,value,,none_assigned,,not_applicable,144
A16PSL01,TECHNIQUE (P.E.S) OPTION : GENIE ELECTRIQUE -- pour bacheliers IN GUEZZAM,E30,ECOLE NORMALE SUPERIEURE D ENSEIGNEMENT TECHNIQUE DE SKIKDA (E.N.S.E.T),,none_assigned,,none_assigned,,not_applicable,144
A16PSL01,TECHNIQUE (P.E.S) OPTION : GENIE ELECTRIQUE -- pour bacheliers TOUGGOURT,E30,ECOLE NORMALE SUPERIEURE D ENSEIGNEMENT TECHNIQUE DE SKIKDA (E.N.S.E.T),,none_assigned,14.22,value,,not_applicable,144
A16PSL01,TECHNIQUE (P.E.S) OPTION : GENIE ELECTRIQUE -- pour bacheliers DJANET,E30,ECOLE NORMALE SUPERIEURE D ENSEIGNEMENT TECHNIQUE DE SKIKDA (E.N.S.E.T),,NC,,NC,,not_applicable,144
A16PSL01,TECHNIQUE (P.E.S) OPTION : GENIE ELECTRIQUE -- pour bacheliers EL MGHAIER,E30,ECOLE NORMALE SUPERIEURE D ENSEIGNEMENT TECHNIQUE DE SKIKDA (E.N.S.E.T),,none_assigned,15.55,value,,not_applicable,144
A16PSL01,TECHNIQUE (P.E.S) OPTION : GENIE ELECTRIQUE -- pour bacheliers EL MENIAA,E30,ECOLE NORMALE SUPERIEURE D ENSEIGNEMENT TECHNIQUE DE SKIKDA (E.N.S.E.T),,none_assigned,,none_assigned,,not_applicable,144
A19PSL01,TECHNIQUE (P.E.S) OPTION : GENIE MECANIQUE -- pour bacheliers LAGHOUAT,E30,ECOLE NORMALE SUPERIEURE D ENSEIGNEMENT TECHNIQUE DE SKIKDA (E.N.S.E.T),,NC,,NC,,not_applicable,145
A19PSL01,TECHNIQUE (P.E.S) OPTION : GENIE MECANIQUE -- pour bacheliers OUM-EL-BOUAGHI,E30,ECOLE NORMALE SUPERIEURE D ENSEIGNEMENT TECHNIQUE DE SKIKDA (E.N.S.E.T),15.61,value,,none_assigned,,not_applicable,145
A19PSL01,TECHNIQUE (P.E.S) OPTION : GENIE MECANIQUE -- pour bacheliers BATNA,E30,ECOLE NORMALE SUPERIEURE D ENSEIGNEMENT TECHNIQUE DE SKIKDA (E.N.S.E.T),14.99,value,16.25,value,,not_applicable,145
A19PSL01,TECHNIQUE (P.E.S) OPTION : GENIE MECANIQUE -- pour bacheliers BEJAIA,E30,ECOLE NORMALE SUPERIEURE D ENSEIGNEMENT TECHNIQUE DE SKIKDA (E.N.S.E.T),,NC,,NC,,not_applicable,145
A19PSL01,TECHNIQUE (P.E.S) OPTION : GENIE MECANIQUE -- pour bacheliers BISKRA,E30,ECOLE NORMALE SUPERIEURE D ENSEIGNEMENT TECHNIQUE DE SKIKDA (E.N.S.E.T),16.06,value,16.96,value,,not_applicable,145
A19PSL01,TECHNIQUE (P.E.S) OPTION : GENIE MECANIQUE -- pour bacheliers BLIDA,E30,ECOLE NORMALE SUPERIEURE D ENSEIGNEMENT TECHNIQUE DE SKIKDA (E.N.S.E.T),,NC,,NC,,not_applicable,145
A19PSL01,TECHNIQUE (P.E.S) OPTION : GENIE MECANIQUE -- pour bacheliers BOUIRA,E30,ECOLE NORMALE SUPERIEURE D ENSEIGNEMENT TECHNIQUE DE SKIKDA (E.N.S.E.T),14.99,value,,none_assigned,,not_applicable,145
A19PSL01,TECHNIQUE (P.E.S) OPTION : GENIE MECANIQUE -- pour bacheliers TAMANRASSET,E30,ECOLE NORMALE SUPERIEURE D ENSEIGNEMENT TECHNIQUE DE SKIKDA (E.N.S.E.T),,NC,,NC,,not_applicable,145
A19PSL01,TECHNIQUE (P.E.S) OPTION : GENIE MECANIQUE -- pour bacheliers TEBESSA,E30,ECOLE NORMALE SUPERIEURE D ENSEIGNEMENT TECHNIQUE DE SKIKDA (E.N.S.E.T),15.48,value,,none_assigned,,not_applicable,145
A19PSL01,TECHNIQUE (P.E.S) OPTION : GENIE MECANIQUE -- pour bacheliers TIZI-OUZOU,E30,ECOLE NORMALE SUPERIEURE D ENSEIGNEMENT TECHNIQUE DE SKIKDA (E.N.S.E.T),,NC,,NC,,not_applicable,145
A19PSL01,TECHNIQUE (P.E.S) OPTION : GENIE MECANIQUE -- pour bacheliers ALGER,E30,ECOLE NORMALE SUPERIEURE D ENSEIGNEMENT TECHNIQUE DE SKIKDA (E.N.S.E.T),,NC,,NC,,not_applicable,146
A19PSL01,TECHNIQUE (P.E.S) OPTION : GENIE MECANIQUE -- pour bacheliers JIJEL,E30,ECOLE NORMALE SUPERIEURE D ENSEIGNEMENT TECHNIQUE DE SKIKDA (E.N.S.E.T),15.05,value,,none_assigned,,not_applicable,146
A19PSL01,TECHNIQUE (P.E.S) OPTION : GENIE MECANIQUE -- pour bacheliers SETIF,E30,ECOLE NORMALE SUPERIEURE D ENSEIGNEMENT TECHNIQUE DE SKIKDA (E.N.S.E.T),16.13,value,,none_assigned,,not_applicable,146
A19PSL01,TECHNIQUE (P.E.S) OPTION : GENIE MECANIQUE -- pour bacheliers SKIKDA,E30,ECOLE NORMALE SUPERIEURE D ENSEIGNEMENT TECHNIQUE DE SKIKDA (E.N.S.E.T),16.57,value,,none_assigned,,not_applicable,146
A19PSL01,TECHNIQUE (P.E.S) OPTION : GENIE MECANIQUE -- pour bacheliers ANNABA,E30,ECOLE NORMALE SUPERIEURE D ENSEIGNEMENT TECHNIQUE DE SKIKDA (E.N.S.E.T),15.3,value,,none_assigned,,not_applicable,146
A19PSL01,TECHNIQUE (P.E.S) OPTION : GENIE MECANIQUE -- pour bacheliers GUELMA,E30,ECOLE NORMALE SUPERIEURE D ENSEIGNEMENT TECHNIQUE DE SKIKDA (E.N.S.E.T),15.36,value,,none_assigned,,not_applicable,146
A19PSL01,TECHNIQUE (P.E.S) OPTION : GENIE MECANIQUE -- pour bacheliers CONSTANTINE,E30,ECOLE NORMALE SUPERIEURE D ENSEIGNEMENT TECHNIQUE DE SKIKDA (E.N.S.E.T),14.56,value,15.3,value,,not_applicable,146
A19PSL01,TECHNIQUE (P.E.S) OPTION : GENIE MECANIQUE -- pour bacheliers MSILA,E30,ECOLE NORMALE SUPERIEURE D ENSEIGNEMENT TECHNIQUE DE SKIKDA (E.N.S.E.T),14.53,value,15.23,value,,not_applicable,146
A19PSL01,TECHNIQUE (P.E.S) OPTION : GENIE MECANIQUE -- pour bacheliers OUARGLA,E30,ECOLE NORMALE SUPERIEURE D ENSEIGNEMENT TECHNIQUE DE SKIKDA (E.N.S.E.T),,none_assigned,,none_assigned,,not_applicable,146
A19PSL01,TECHNIQUE (P.E.S) OPTION : GENIE MECANIQUE -- pour bacheliers ILLIZI,E30,ECOLE NORMALE SUPERIEURE D ENSEIGNEMENT TECHNIQUE DE SKIKDA (E.N.S.E.T),14.45,value,,none_assigned,,not_applicable,146
A19PSL01,TECHNIQUE (P.E.S) OPTION : GENIE MECANIQUE -- pour bacheliers B.B.ARRERIDJ,E30,ECOLE NORMALE SUPERIEURE D ENSEIGNEMENT TECHNIQUE DE SKIKDA (E.N.S.E.T),16.39,value,,none_assigned,,not_applicable,147
A19PSL01,TECHNIQUE (P.E.S) OPTION : GENIE MECANIQUE -- pour bacheliers BOUMERDES,E30,ECOLE NORMALE SUPERIEURE D ENSEIGNEMENT TECHNIQUE DE SKIKDA (E.N.S.E.T),,NC,,NC,,not_applicable,147
A19PSL01,TECHNIQUE (P.E.S) OPTION : GENIE MECANIQUE -- pour bacheliers ELTARF,E30,ECOLE NORMALE SUPERIEURE D ENSEIGNEMENT TECHNIQUE DE SKIKDA (E.N.S.E.T),17.26,value,,none_assigned,,not_applicable,147
A19PSL01,TECHNIQUE (P.E.S) OPTION : GENIE MECANIQUE -- pour bacheliers EL OUED,E30,ECOLE NORMALE SUPERIEURE D ENSEIGNEMENT TECHNIQUE DE SKIKDA (E.N.S.E.T),,none_assigned,14.73,value,,not_applicable,147
A19PSL01,TECHNIQUE (P.E.S) OPTION : GENIE MECANIQUE -- pour bacheliers KHENCHLA,E30,ECOLE NORMALE SUPERIEURE D ENSEIGNEMENT TECHNIQUE DE SKIKDA (E.N.S.E.T),16.27,value,,none_assigned,,not_applicable,147
A19PSL01,TECHNIQUE (P.E.S) OPTION : GENIE MECANIQUE -- pour bacheliers SOUK-AHRAS,E30,ECOLE NORMALE SUPERIEURE D ENSEIGNEMENT TECHNIQUE DE SKIKDA (E.N.S.E.T),15.07,value,,none_assigned,,not_applicable,147
A19PSL01,TECHNIQUE (P.E.S) OPTION : GENIE MECANIQUE -- pour bacheliers TIPAZA,E30,ECOLE NORMALE SUPERIEURE D ENSEIGNEMENT TECHNIQUE DE SKIKDA (E.N.S.E.T),,none_assigned,,none_assigned,,not_applicable,147
A19PSL01,TECHNIQUE (P.E.S) OPTION : GENIE MECANIQUE -- pour bacheliers MILA,E30,ECOLE NORMALE SUPERIEURE D ENSEIGNEMENT TECHNIQUE DE SKIKDA (E.N.S.E.T),15.24,value,,none_assigned,,not_applicable,147
A19PSL01,TECHNIQUE (P.E.S) OPTION : GENIE MECANIQUE -- pour bacheliers GHARDAIA,E30,ECOLE NORMALE SUPERIEURE D ENSEIGNEMENT TECHNIQUE DE SKIKDA (E.N.S.E.T),,NC,,NC,,not_applicable,147
A19PSL01,TECHNIQUE (P.E.S) OPTION : GENIE MECANIQUE -- pour bacheliers TIMIMOUN,E30,ECOLE NORMALE SUPERIEURE D ENSEIGNEMENT TECHNIQUE DE SKIKDA (E.N.S.E.T),15.4,value,,none_assigned,,not_applicable,147
A19PSL01,TECHNIQUE (P.E.S) OPTION : GENIE MECANIQUE -- pour bacheliers BORDJ BADJI MOKHTAR,E30,ECOLE NORMALE SUPERIEURE D ENSEIGNEMENT TECHNIQUE DE SKIKDA (E.N.S.E.T),,NC,,NC,,not_applicable,148
A19PSL01,TECHNIQUE (P.E.S) OPTION : GENIE MECANIQUE -- pour bacheliers OULED DJELLAL,E30,ECOLE NORMALE SUPERIEURE D ENSEIGNEMENT TECHNIQUE DE SKIKDA (E.N.S.E.T),,none_assigned,14.09,value,,not_applicable,148
A19PSL01,TECHNIQUE (P.E.S) OPTION : GENIE MECANIQUE -- pour bacheliers IN GUEZZAM,E30,ECOLE NORMALE SUPERIEURE D ENSEIGNEMENT TECHNIQUE DE SKIKDA (E.N.S.E.T),,none_assigned,,none_assigned,,not_applicable,148
A19PSL01,TECHNIQUE (P.E.S) OPTION : GENIE MECANIQUE -- pour bacheliers TOUGGOURT,E30,ECOLE NORMALE SUPERIEURE D ENSEIGNEMENT TECHNIQUE DE SKIKDA (E.N.S.E.T),,none_assigned,,none_assigned,,not_applicable,148
A19PSL01,TECHNIQUE (P.E.S) OPTION : GENIE MECANIQUE -- pour bacheliers DJANET,E30,ECOLE NORMALE SUPERIEURE D ENSEIGNEMENT TECHNIQUE DE SKIKDA (E.N.S.E.T),,none_assigned,,none_assigned,,not_applicable,148
A19PSL01,TECHNIQUE (P.E.S) OPTION : GENIE MECANIQUE -- pour bacheliers EL MGHAIER,E30,ECOLE NORMALE SUPERIEURE D ENSEIGNEMENT TECHNIQUE DE SKIKDA (E.N.S.E.T),,none_assigned,,none_assigned,,not_applicable,148
A19PSL01,TECHNIQUE (P.E.S) OPTION : GENIE MECANIQUE -- pour bacheliers EL MENIAA,E30,ECOLE NORMALE SUPERIEURE D ENSEIGNEMENT TECHNIQUE DE SKIKDA (E.N.S.E.T),,NC,,NC,,not_applicable,148
B00PML01,SCIENCES PHYSIQUE ET TECHNOLOGIE (P.E.M) -- pour bacheliers SKIKDA,E30,ECOLE NORMALE SUPERIEURE D ENSEIGNEMENT TECHNIQUE DE SKIKDA (E.N.S.E.T),15.41,value,16.28,value,,not_applicable,148
B00PML01,SCIENCES PHYSIQUE ET TECHNOLOGIE (P.E.M) -- pour bacheliers ANNABA,E30,ECOLE NORMALE SUPERIEURE D ENSEIGNEMENT TECHNIQUE DE SKIKDA (E.N.S.E.T),14.27,value,14.78,value,,not_applicable,148
B00PML01,SCIENCES PHYSIQUE ET TECHNOLOGIE (P.E.M) -- pour bacheliers ELTARF,E30,ECOLE NORMALE SUPERIEURE D ENSEIGNEMENT TECHNIQUE DE SKIKDA (E.N.S.E.T),14.46,value,15.23,value,,not_applicable,148
B00PSL01,SCIENCES PHYSIQUES (P.E.S.) -- pour bacheliers SKIKDA,E30,ECOLE NORMALE SUPERIEURE D ENSEIGNEMENT TECHNIQUE DE SKIKDA (E.N.S.E.T),16.07,value,16.93,value,,not_applicable,149
B00PSL01,SCIENCES PHYSIQUES (P.E.S.) -- pour bacheliers GUELMA,E30,ECOLE NORMALE SUPERIEURE D ENSEIGNEMENT TECHNIQUE DE SKIKDA (E.N.S.E.T),16.28,value,17.24,value,,not_applicable,149
B00PSL01,SCIENCES PHYSIQUES (P.E.S.) -- pour bacheliers ELTARF,E30,ECOLE NORMALE SUPERIEURE D ENSEIGNEMENT TECHNIQUE DE SKIKDA (E.N.S.E.T),15.91,value,17.04,value,,not_applicable,149
C01PML01,INFORMATIQUE (P.E.M) -- pour bacheliers SKIKDA,E30,ECOLE NORMALE SUPERIEURE D ENSEIGNEMENT TECHNIQUE DE SKIKDA (E.N.S.E.T),15.34,value,16.1,value,,not_applicable,149
C01PML01,INFORMATIQUE (P.E.M) -- pour bacheliers GUELMA,E30,ECOLE NORMALE SUPERIEURE D ENSEIGNEMENT TECHNIQUE DE SKIKDA (E.N.S.E.T),,none_assigned,,none_assigned,,not_applicable,149
C01PML01,INFORMATIQUE (P.E.M) -- pour bacheliers EL OUED,E30,ECOLE NORMALE SUPERIEURE D ENSEIGNEMENT TECHNIQUE DE SKIKDA (E.N.S.E.T),14.33,value,15.28,value,,not_applicable,149
C01PML01,INFORMATIQUE (P.E.M) -- pour bacheliers EL MGHAIER,E30,ECOLE NORMALE SUPERIEURE D ENSEIGNEMENT TECHNIQUE DE SKIKDA (E.N.S.E.T),,NC,,NC,,not_applicable,149
C02PML01,MATHEMATIQUES (P.E.M) -- pour bacheliers SKIKDA,E30,ECOLE NORMALE SUPERIEURE D ENSEIGNEMENT TECHNIQUE DE SKIKDA (E.N.S.E.T),15.44,value,16.23,value,,not_applicable,149
C02PSL01,MATHEMATIQUES (P.E.S.) -- pour bacheliers TEBESSA,E30,ECOLE NORMALE SUPERIEURE D ENSEIGNEMENT TECHNIQUE DE SKIKDA (E.N.S.E.T),15.84,value,16.79,value,,not_applicable,149
C02PSL01,MATHEMATIQUES (P.E.S.) -- pour bacheliers SKIKDA,E30,ECOLE NORMALE SUPERIEURE D ENSEIGNEMENT TECHNIQUE DE SKIKDA (E.N.S.E.T),16.15,value,,none_assigned,,not_applicable,149
C02PSL01,MATHEMATIQUES (P.E.S.) -- pour bacheliers ANNABA,E30,ECOLE NORMALE SUPERIEURE D ENSEIGNEMENT TECHNIQUE DE SKIKDA (E.N.S.E.T),15.46,value,16.26,value,,not_applicable,150
D00PML01,SCIENCES NATURELLES (P.E.M) -- pour bacheliers SKIKDA,E30,ECOLE NORMALE SUPERIEURE D ENSEIGNEMENT TECHNIQUE DE SKIKDA (E.N.S.E.T),15.94,value,,not_applicable,,not_applicable,150
D00PML01,SCIENCES NATURELLES (P.E.M) -- pour bacheliers GUELMA,E30,ECOLE NORMALE SUPERIEURE D ENSEIGNEMENT TECHNIQUE DE SKIKDA (E.N.S.E.T),15.95,value,,not_applicable,,not_applicable,150
D00PSL01,SCIENCES NATURELLES (P.E.S) -- pour bacheliers TEBESSA,E30,ECOLE NORMALE SUPERIEURE D ENSEIGNEMENT TECHNIQUE DE SKIKDA (E.N.S.E.T),16.02,value,,not_applicable,,not_applicable,150
D00PSL01,SCIENCES NATURELLES (P.E.S) -- pour bacheliers SKIKDA,E30,ECOLE NORMALE SUPERIEURE D ENSEIGNEMENT TECHNIQUE DE SKIKDA (E.N.S.E.T),16.55,value,,not_applicable,,not_applicable,150
D00PSL01,SCIENCES NATURELLES (P.E.S) -- pour bacheliers GUELMA,E30,ECOLE NORMALE SUPERIEURE D ENSEIGNEMENT TECHNIQUE DE SKIKDA (E.N.S.E.T),16.87,value,,not_applicable,,not_applicable,150
B00PML01,SCIENCES PHYSIQUE ET TECHNOLOGIE (P.E.M) -- pour bacheliers ADRAR,B15,ANNEXE SIDI BEL ABBES (ECOLE NORMALE SUPERIEURE DE SAIDA),,NC,,NC,,not_applicable,150
B00PML01,SCIENCES PHYSIQUE ET TECHNOLOGIE (P.E.M) -- pour bacheliers SIDIBEL-ABBES,B15,ANNEXE SIDI BEL ABBES (ECOLE NORMALE SUPERIEURE DE SAIDA),14.17,value,14.87,value,,not_applicable,150
B00PSL01,SCIENCES PHYSIQUES (P.E.S.) -- pour bacheliers ADRAR,B15,ANNEXE SIDI BEL ABBES (ECOLE NORMALE SUPERIEURE DE SAIDA),14.65,value,15.15,value,,not_applicable,150
B00PSL01,SCIENCES PHYSIQUES (P.E.S.) -- pour bacheliers SIDIBEL- ABBES,B15,ANNEXE SIDI BEL ABBES (ECOLE NORMALE SUPERIEURE DE SAIDA),14.84,value,15.54,value,,not_applicable,150
B00PSL01,SCIENCES PHYSIQUES (P.E.S.) -- pour bacheliers TISSEMSILT,B15,ANNEXE SIDI BEL ABBES (ECOLE NORMALE SUPERIEURE DE SAIDA),16.18,value,,none_assigned,,not_applicable,150
B00PSL01,SCIENCES PHYSIQUES (P.E.S.) -- pour bacheliers RELIZANE,B15,ANNEXE SIDI BEL ABBES (ECOLE NORMALE SUPERIEURE DE SAIDA),15.64,value,16.47,value,,not_applicable,150
C02PML01,MATHEMATIQUES (P.E.M) -- pour bacheliers SIDIBEL-ABBES,B15,ANNEXE SIDI BEL ABBES (ECOLE NORMALE SUPERIEURE DE SAIDA),14.2,value,14.9,value,,not_applicable,151
D00PML01,SCIENCES NATURELLES (P.E.M) -- pour bacheliers BECHAR,B15,ANNEXE SIDI BEL ABBES (ECOLE NORMALE SUPERIEURE DE SAIDA),,NC,,not_applicable,,not_applicable,151
D00PML01,SCIENCES NATURELLES (P.E.M) -- pour bacheliers TLEMCEN,B15,ANNEXE SIDI BEL ABBES (ECOLE NORMALE SUPERIEURE DE SAIDA),15.14,value,,not_applicable,,not_applicable,151
D00PML01,SCIENCES NATURELLES (P.E.M) -- pour bacheliers SAIDA,B15,ANNEXE SIDI BEL ABBES (ECOLE NORMALE SUPERIEURE DE SAIDA),14.33,value,,not_applicable,,not_applicable,151
D00PML01,SCIENCES NATURELLES (P.E.M) -- pour bacheliers SIDIBEL- ABBES,B15,ANNEXE SIDI BEL ABBES (ECOLE NORMALE SUPERIEURE DE SAIDA),15.28,value,,not_applicable,,not_applicable,151
D00PML01,SCIENCES NATURELLES (P.E.M) -- pour bacheliers MASCARA,B15,ANNEXE SIDI BEL ABBES (ECOLE NORMALE SUPERIEURE DE SAIDA),15.64,value,,not_applicable,,not_applicable,151
D00PML01,SCIENCES NATURELLES (P.E.M) -- pour bacheliers NAAMA,B15,ANNEXE SIDI BEL ABBES (ECOLE NORMALE SUPERIEURE DE SAIDA),,NC,,not_applicable,,not_applicable,151
D00PSL01,SCIENCES NATURELLES (P.E.S) -- pour bacheliers SIDIBEL- ABBES,B15,ANNEXE SIDI BEL ABBES (ECOLE NORMALE SUPERIEURE DE SAIDA),15.36,value,,not_applicable,,not_applicable,151
D00PSL01,SCIENCES NATURELLES (P.E.S) -- pour bacheliers MASCARA,B15,ANNEXE SIDI BEL ABBES (ECOLE NORMALE SUPERIEURE DE SAIDA),16.13,value,,not_applicable,,not_applicable,151
H01PML01,LANGUE FRANCAISE (P.E.M) -- pour bacheliers SAIDA,B15,ANNEXE SIDI BEL ABBES (ECOLE NORMALE SUPERIEURE DE SAIDA),,NC,,NC,,not_applicable,151
H01PML01,LANGUE FRANCAISE (P.E.M) -- pour bacheliers SIDIBEL- ABBES,B15,ANNEXE SIDI BEL ABBES (ECOLE NORMALE SUPERIEURE DE SAIDA),,NC,,NC,,not_applicable,151
H01PML01,LANGUE FRANCAISE (P.E.M) -- pour bacheliers NAAMA,B15,ANNEXE SIDI BEL ABBES (ECOLE NORMALE SUPERIEURE DE SAIDA),,NC,,NC,,not_applicable,151
H01PPL01,FRANCAIS (P.E.P) -- pour bacheliers SAIDA,B15,ANNEXE SIDI BEL ABBES (ECOLE NORMALE SUPERIEURE DE SAIDA),13.25,value,13.4,value,,not_applicable,151
H01PPL01,FRANCAIS (P.E.P) -- pour bacheliers SIDIBEL-ABBES,B15,ANNEXE SIDI BEL ABBES (ECOLE NORMALE SUPERIEURE DE SAIDA),13.29,value,13.27,value,,not_applicable,151
H01PPL01,FRANCAIS (P.E.P) -- pour bacheliers NAAMA,B15,ANNEXE SIDI BEL ABBES (ECOLE NORMALE SUPERIEURE DE SAIDA),13.07,value,13.15,value,,not_applicable,152
H01PPL01,FRANCAIS (P.E.P) -- pour bacheliers AIN-TEMOUCHENT,B15,ANNEXE SIDI BEL ABBES (ECOLE NORMALE SUPERIEURE DE SAIDA),13.06,value,13.41,value,,not_applicable,152
H01PSL01,LANGUE FRANCAISE (P.E.S) -- pour bacheliers TLEMCEN,B15,ANNEXE SIDI BEL ABBES (ECOLE NORMALE SUPERIEURE DE SAIDA),,NC,,NC,,not_applicable,152
H01PSL01,LANGUE FRANCAISE (P.E.S) -- pour bacheliers SAIDA,B15,ANNEXE SIDI BEL ABBES (ECOLE NORMALE SUPERIEURE DE SAIDA),,NC,,NC,,not_applicable,152
H01PSL01,LANGUE FRANCAISE (P.E.S) -- pour bacheliers SIDIBEL- ABBES,B15,ANNEXE SIDI BEL ABBES (ECOLE NORMALE SUPERIEURE DE SAIDA),,NC,,NC,,not_applicable,152
H06PML01,LANGUE ANGLAISE (P.E.M) -- pour bacheliers SIDIBEL- ABBES,B15,ANNEXE SIDI BEL ABBES (ECOLE NORMALE SUPERIEURE DE SAIDA),14.22,value,14.98,value,,not_applicable,152
H06PML01,LANGUE ANGLAISE (P.E.M) -- pour bacheliers NAAMA,B15,ANNEXE SIDI BEL ABBES (ECOLE NORMALE SUPERIEURE DE SAIDA),,NC,,NC,,not_applicable,152
H06PSL01,LANGUE ANGLAISE (P.E.S) -- pour bacheliers TLEMCEN,B15,ANNEXE SIDI BEL ABBES (ECOLE NORMALE SUPERIEURE DE SAIDA),14.85,value,15.52,value,,not_applicable,152
H06PSL01,LANGUE ANGLAISE (P.E.S) -- pour bacheliers SAIDA,B15,ANNEXE SIDI BEL ABBES (ECOLE NORMALE SUPERIEURE DE SAIDA),,NC,,NC,,not_applicable,152
H06PSL01,LANGUE ANGLAISE (P.E.S) -- pour bacheliers SIDIBEL-ABBES,B15,ANNEXE SIDI BEL ABBES (ECOLE NORMALE SUPERIEURE DE SAIDA),15.35,value,15.9,value,,not_applicable,152
H06PSL01,LANGUE ANGLAISE (P.E.S) -- pour bacheliers MASCARA,B15,ANNEXE SIDI BEL ABBES (ECOLE NORMALE SUPERIEURE DE SAIDA),16.05,value,16.14,value,,not_applicable,152
I00PML01,HISTOIRE GEOGRAPHIE (P.E.M) -- pour bacheliers BECHAR,B15,ANNEXE SIDI BEL ABBES (ECOLE NORMALE SUPERIEURE DE SAIDA),,NC,,NC,,not_applicable,152
I00PML01,HISTOIRE GEOGRAPHIE (P.E.M) -- pour bacheliers SIDIBEL- ABBES,B15,ANNEXE SIDI BEL ABBES (ECOLE NORMALE SUPERIEURE DE SAIDA),14.61,value,14.21,value,,not_applicable,152
I00PML01,HISTOIRE GEOGRAPHIE (P.E.M) -- pour bacheliers ORAN,B15,ANNEXE SIDI BEL ABBES (ECOLE NORMALE SUPERIEURE DE SAIDA),,NC,,NC,,not_applicable,152
I00PML01,HISTOIRE GEOGRAPHIE (P.E.M) -- pour bacheliers NAAMA,B15,ANNEXE SIDI BEL ABBES (ECOLE NORMALE SUPERIEURE DE SAIDA),,NC,,NC,,not_applicable,153
L00PML01,LANGUE ET LITTERATURE ARABES (P.E.M) -- pour bacheliers SAIDA,B15,ANNEXE SIDI BEL ABBES (ECOLE NORMALE SUPERIEURE DE SAIDA),,NC,,NC,,not_applicable,153
L00PML01,LANGUE ET LITTERATURE ARABES (P.E.M) -- pour bacheliers SIDIBEL-ABBES,B15,ANNEXE SIDI BEL ABBES (ECOLE NORMALE SUPERIEURE DE SAIDA),,NC,,NC,,not_applicable,153
L00PML01,LANGUE ET LITTERATURE ARABES (P.E.M) -- pour bacheliers NAAMA,B15,ANNEXE SIDI BEL ABBES (ECOLE NORMALE SUPERIEURE DE SAIDA),,NC,,NC,,not_applicable,153
L00PML01,LANGUE ET LITTERATURE ARABES (P.E.M) -- pour bacheliers AIN-TEMOUCHENT,B15,ANNEXE SIDI BEL ABBES (ECOLE NORMALE SUPERIEURE DE SAIDA),,NC,,NC,,not_applicable,153
L00PPL01,ARABE (P.E.P) -- pour bacheliers SIDIBEL-ABBES,B15,ANNEXE SIDI BEL ABBES (ECOLE NORMALE SUPERIEURE DE SAIDA),,NC,,NC,,not_applicable,153
L00PSL01,LANGUE ET LITTERATURE ARABES (P.E.S) -- pour bacheliers TLEMCEN,B15,ANNEXE SIDI BEL ABBES (ECOLE NORMALE SUPERIEURE DE SAIDA),14.02,value,14.73,value,,not_applicable,153
L00PSL01,LANGUE ET LITTERATURE ARABES (P.E.S) -- pour bacheliers SAIDA,B15,ANNEXE SIDI BEL ABBES (ECOLE NORMALE SUPERIEURE DE SAIDA),,NC,,NC,,not_applicable,153
L00PSL01,LANGUE ET LITTERATURE ARABES (P.E.S) -- pour bacheliers SIDIBEL-ABBES,B15,ANNEXE SIDI BEL ABBES (ECOLE NORMALE SUPERIEURE DE SAIDA),14.33,value,14.83,value,,not_applicable,153
L00PSL01,LANGUE ET LITTERATURE ARABES (P.E.S) -- pour bacheliers MASCARA,B15,ANNEXE SIDI BEL ABBES (ECOLE NORMALE SUPERIEURE DE SAIDA),15.0,value,15.75,value,,not_applicable,153
L00PSL01,LANGUE ET LITTERATURE ARABES (P.E.S) -- pour bacheliers AIN-TEMOUCHENT,B15,ANNEXE SIDI BEL ABBES (ECOLE NORMALE SUPERIEURE DE SAIDA),14.03,value,15.93,value,,not_applicable,153
B00PSL01,SCIENCES PHYSIQUES (P.E.S.) -- pour bacheliers TEBESSA,B01,ANNEXE ANNABA (ECOLE NORMALE SUPERIEURE DE CONSTANTINE),15.36,value,16.27,value,,not_applicable,153
B00PSL01,SCIENCES PHYSIQUES (P.E.S.) -- pour bacheliers ANNABA,B01,ANNEXE ANNABA (ECOLE NORMALE SUPERIEURE DE CONSTANTINE),15.48,value,16.25,value,,not_applicable,153
C01PML01,INFORMATIQUE (P.E.M) -- pour bacheliers TEBESSA,B01,ANNEXE ANNABA (ECOLE NORMALE SUPERIEURE DE CONSTANTINE),14.29,value,15.17,value,,not_applicable,153
C01PML01,INFORMATIQUE (P.E.M) -- pour bacheliers ANNABA,B01,ANNEXE ANNABA (ECOLE NORMALE SUPERIEURE DE CONSTANTINE),14.12,value,14.77,value,,not_applicable,154
C01PML01,INFORMATIQUE (P.E.M) -- pour bacheliers ELTARF,B01,ANNEXE ANNABA (ECOLE NORMALE SUPERIEURE DE CONSTANTINE),14.31,value,15.32,value,,not_applicable,154
C02PML01,MATHEMATIQUES (P.E.M) -- pour bacheliers ANNABA,B01,ANNEXE ANNABA (ECOLE NORMALE SUPERIEURE DE CONSTANTINE),14.58,value,15.27,value,,not_applicable,154
D00PML01,SCIENCES NATURELLES (P.E.M) -- pour bacheliers ANNABA,B01,ANNEXE ANNABA (ECOLE NORMALE SUPERIEURE DE CONSTANTINE),15.23,value,,not_applicable,,not_applicable,154
D00PML01,SCIENCES NATURELLES (P.E.M) -- pour bacheliers ELTARF,B01,ANNEXE ANNABA (ECOLE NORMALE SUPERIEURE DE CONSTANTINE),15.46,value,,not_applicable,,not_applicable,154
H01PML01,LANGUE FRANCAISE (P.E.M) -- pour bacheliers SKIKDA,B01,ANNEXE ANNABA (ECOLE NORMALE SUPERIEURE DE CONSTANTINE),14.09,value,14.39,value,,not_applicable,154
H01PML01,LANGUE FRANCAISE (P.E.M) -- pour bacheliers ANNABA,B01,ANNEXE ANNABA (ECOLE NORMALE SUPERIEURE DE CONSTANTINE),,NC,,NC,,not_applicable,154
H01PPL01,FRANCAIS (P.E.P) -- pour bacheliers SKIKDA,B01,ANNEXE ANNABA (ECOLE NORMALE SUPERIEURE DE CONSTANTINE),13.83,value,14.55,value,,not_applicable,154
H01PPL01,FRANCAIS (P.E.P) -- pour bacheliers ANNABA,B01,ANNEXE ANNABA (ECOLE NORMALE SUPERIEURE DE CONSTANTINE),13.48,value,14.15,value,,not_applicable,154
H01PSL01,LANGUE FRANCAISE (P.E.S) -- pour bacheliers SKIKDA,B01,ANNEXE ANNABA (ECOLE NORMALE SUPERIEURE DE CONSTANTINE),14.8,value,15.65,value,,not_applicable,154
H01PSL01,LANGUE FRANCAISE (P.E.S) -- pour bacheliers ANNABA,B01,ANNEXE ANNABA (ECOLE NORMALE SUPERIEURE DE CONSTANTINE),14.67,value,14.99,value,,not_applicable,154
H01PSL01,LANGUE FRANCAISE (P.E.S) -- pour bacheliers GUELMA,B01,ANNEXE ANNABA (ECOLE NORMALE SUPERIEURE DE CONSTANTINE),15.29,value,16.13,value,,not_applicable,154
H01PSL01,LANGUE FRANCAISE (P.E.S) -- pour bacheliers ELTARF,B01,ANNEXE ANNABA (ECOLE NORMALE SUPERIEURE DE CONSTANTINE),14.55,value,15.11,value,,not_applicable,154
H06PML01,LANGUE ANGLAISE (P.E.M) -- pour bacheliers SKIKDA,B01,ANNEXE ANNABA (ECOLE NORMALE SUPERIEURE DE CONSTANTINE),14.89,value,15.57,value,,not_applicable,154
H06PML01,LANGUE ANGLAISE (P.E.M) -- pour bacheliers ANNABA,B01,ANNEXE ANNABA (ECOLE NORMALE SUPERIEURE DE CONSTANTINE),14.49,value,14.95,value,,not_applicable,155
H06PPL01,LANGUE ANGLAISE (P.E.P) -- pour bacheliers TEBESSA,B01,ANNEXE ANNABA (ECOLE NORMALE SUPERIEURE DE CONSTANTINE),13.89,value,14.7,value,,not_applicable,155
H06PPL01,LANGUE ANGLAISE (P.E.P) -- pour bacheliers SKIKDA,B01,ANNEXE ANNABA (ECOLE NORMALE SUPERIEURE DE CONSTANTINE),14.77,value,15.62,value,,not_applicable,155
H06PPL01,LANGUE ANGLAISE (P.E.P) -- pour bacheliers ANNABA,B01,ANNEXE ANNABA (ECOLE NORMALE SUPERIEURE DE CONSTANTINE),14.24,value,14.92,value,,not_applicable,155
H06PSL01,LANGUE ANGLAISE (P.E.S) -- pour bacheliers SKIKDA,B01,ANNEXE ANNABA (ECOLE NORMALE SUPERIEURE DE CONSTANTINE),15.88,value,16.72,value,,not_applicable,155
H06PSL01,LANGUE ANGLAISE (P.E.S) -- pour bacheliers ANNABA,B01,ANNEXE ANNABA (ECOLE NORMALE SUPERIEURE DE CONSTANTINE),15.45,value,17.12,value,,not_applicable,155
H06PSL01,LANGUE ANGLAISE (P.E.S) -- pour bacheliers GUELMA,B01,ANNEXE ANNABA (ECOLE NORMALE SUPERIEURE DE CONSTANTINE),16.26,value,17.03,value,,not_applicable,155
H06PSL01,LANGUE ANGLAISE (P.E.S) -- pour bacheliers ELTARF,B01,ANNEXE ANNABA (ECOLE NORMALE SUPERIEURE DE CONSTANTINE),15.6,value,16.46,value,,not_applicable,155
H06PSL01,LANGUE ANGLAISE (P.E.S) -- pour bacheliers SOUK-AHRAS,B01,ANNEXE ANNABA (ECOLE NORMALE SUPERIEURE DE CONSTANTINE),16.64,value,17.52,value,,not_applicable,155
I00PML01,HISTOIRE GEOGRAPHIE (P.E.M) -- pour bacheliers SKIKDA,B01,ANNEXE ANNABA (ECOLE NORMALE SUPERIEURE DE CONSTANTINE),14.19,value,14.88,value,,not_applicable,155
I00PML01,HISTOIRE GEOGRAPHIE (P.E.M) -- pour bacheliers ANNABA,B01,ANNEXE ANNABA (ECOLE NORMALE SUPERIEURE DE CONSTANTINE),14.02,value,14.05,value,,not_applicable,155
I00PML01,HISTOIRE GEOGRAPHIE (P.E.M) -- pour bacheliers GUELMA,B01,ANNEXE ANNABA (ECOLE NORMALE SUPERIEURE DE CONSTANTINE),14.46,value,15.17,value,,not_applicable,155
I00PML01,HISTOIRE GEOGRAPHIE (P.E.M) -- pour bacheliers ELTARF,B01,ANNEXE ANNABA (ECOLE NORMALE SUPERIEURE DE CONSTANTINE),14.09,value,14.44,value,,not_applicable,155
I00PSL01,HISTOIRE GEOGRAPHIE (P.E.S) -- pour bacheliers SKIKDA,B01,ANNEXE ANNABA (ECOLE NORMALE SUPERIEURE DE CONSTANTINE),14.56,value,15.18,value,,not_applicable,155
I00PSL01,HISTOIRE GEOGRAPHIE (P.E.S) -- pour bacheliers ANNABA,B01,ANNEXE ANNABA (ECOLE NORMALE SUPERIEURE DE CONSTANTINE),14.48,value,14.64,value,,not_applicable,156
I00PSL01,HISTOIRE GEOGRAPHIE (P.E.S) -- pour bacheliers GUELMA,B01,ANNEXE ANNABA (ECOLE NORMALE SUPERIEURE DE CONSTANTINE),15.52,value,16.19,value,,not_applicable,156
I00PSL01,HISTOIRE GEOGRAPHIE (P.E.S) -- pour bacheliers ELTARF,B01,ANNEXE ANNABA (ECOLE NORMALE SUPERIEURE DE CONSTANTINE),14.67,value,15.18,value,,not_applicable,156
I13PSL01,PHILOSOPHIE (P.E.S) -- pour bacheliers SKIKDA,B01,ANNEXE ANNABA (ECOLE NORMALE SUPERIEURE DE CONSTANTINE),14.01,value,,not_applicable,,not_applicable,156
I13PSL01,PHILOSOPHIE (P.E.S) -- pour bacheliers ANNABA,B01,ANNEXE ANNABA (ECOLE NORMALE SUPERIEURE DE CONSTANTINE),12.52,value,,not_applicable,,not_applicable,156
I13PSL01,PHILOSOPHIE (P.E.S) -- pour bacheliers GUELMA,B01,ANNEXE ANNABA (ECOLE NORMALE SUPERIEURE DE CONSTANTINE),15.41,value,,not_applicable,,not_applicable,156
I13PSL01,PHILOSOPHIE (P.E.S) -- pour bacheliers ELTARF,B01,ANNEXE ANNABA (ECOLE NORMALE SUPERIEURE DE CONSTANTINE),13.83,value,,not_applicable,,not_applicable,156
I13PSL01,PHILOSOPHIE (P.E.S) -- pour bacheliers SOUK-AHRAS,B01,ANNEXE ANNABA (ECOLE NORMALE SUPERIEURE DE CONSTANTINE),14.98,value,,not_applicable,,not_applicable,156
L00PML01,LANGUE ET LITTERATURE ARABES (P.E.M) -- pour bacheliers ANNABA,B01,ANNEXE ANNABA (ECOLE NORMALE SUPERIEURE DE CONSTANTINE),14.04,value,14.09,value,,not_applicable,156
L00PPL01,ARABE (P.E.P) -- pour bacheliers ANNABA,B01,ANNEXE ANNABA (ECOLE NORMALE SUPERIEURE DE CONSTANTINE),,NC,,NC,,not_applicable,156
C02PML01,MATHEMATIQUES (P.E.M) -- pour bacheliers GUELMA,B08,ANNEXE GUELMA (ECOLE NORMALE SUPERIEURE DE CONSTANTINE),15.14,value,15.75,value,,not_applicable,156
C02PML01,MATHEMATIQUES (P.E.M) -- pour bacheliers ELTARF,B08,ANNEXE GUELMA (ECOLE NORMALE SUPERIEURE DE CONSTANTINE),14.71,value,15.23,value,,not_applicable,156
C02PSL01,MATHEMATIQUES (P.E.S.) -- pour bacheliers GUELMA,B08,ANNEXE GUELMA (ECOLE NORMALE SUPERIEURE DE CONSTANTINE),16.24,value,17.43,value,,not_applicable,156
C02PSL01,MATHEMATIQUES (P.E.S.) -- pour bacheliers ELTARF,B08,ANNEXE GUELMA (ECOLE NORMALE SUPERIEURE DE CONSTANTINE),15.88,value,16.46,value,,not_applicable,156
H01PML01,LANGUE FRANCAISE (P.E.M) -- pour bacheliers GUELMA,B08,ANNEXE GUELMA (ECOLE NORMALE SUPERIEURE DE CONSTANTINE),14.2,value,14.83,value,,not_applicable,157
H01PPL01,FRANCAIS (P.E.P) -- pour bacheliers GUELMA,B08,ANNEXE GUELMA (ECOLE NORMALE SUPERIEURE DE CONSTANTINE),13.94,value,14.62,value,,not_applicable,157
H06PML01,LANGUE ANGLAISE (P.E.M) -- pour bacheliers GUELMA,B08,ANNEXE GUELMA (ECOLE NORMALE SUPERIEURE DE CONSTANTINE),14.68,value,15.4,value,,not_applicable,157
H06PPL01,LANGUE ANGLAISE (P.E.P) -- pour bacheliers GUELMA,B08,ANNEXE GUELMA (ECOLE NORMALE SUPERIEURE DE CONSTANTINE),14.6,value,15.37,value,,not_applicable,157
L00PML01,LANGUE ET LITTERATURE ARABES (P.E.M) -- pour bacheliers GUELMA,B08,ANNEXE GUELMA (ECOLE NORMALE SUPERIEURE DE CONSTANTINE),14.21,value,14.86,value,,not_applicable,157
L00PPL01,ARABE (P.E.P) -- pour bacheliers GUELMA,B08,ANNEXE GUELMA (ECOLE NORMALE SUPERIEURE DE CONSTANTINE),13.59,value,14.27,value,,not_applicable,157
F00PSL01,SCIENCES ECONOMIQUES (P.E.S) -- pour bacheliers OUM-EL- BOUAGHI,B45,UNIVERSITE DE CONSTANTINE 2 (ECOLE NORMALE SUPERIEURE DE CONSTANTINE),16.59,value,,none_assigned,,none_assigned,157
F00PSL01,SCIENCES ECONOMIQUES (P.E.S) -- pour bacheliers BATNA,B45,UNIVERSITE DE CONSTANTINE 2 (ECOLE NORMALE SUPERIEURE DE CONSTANTINE),16.65,value,,none_assigned,,none_assigned,157
F00PSL01,SCIENCES ECONOMIQUES (P.E.S) -- pour bacheliers BEJAIA,B45,UNIVERSITE DE CONSTANTINE 2 (ECOLE NORMALE SUPERIEURE DE CONSTANTINE),14.98,value,,none_assigned,,none_assigned,157
F00PSL01,SCIENCES ECONOMIQUES (P.E.S) -- pour bacheliers BISKRA,B45,UNIVERSITE DE CONSTANTINE 2 (ECOLE NORMALE SUPERIEURE DE CONSTANTINE),15.65,value,,none_assigned,,none_assigned,157
F00PSL01,SCIENCES ECONOMIQUES (P.E.S) -- pour bacheliers TEBESSA,B45,UNIVERSITE DE CONSTANTINE 2 (ECOLE NORMALE SUPERIEURE DE CONSTANTINE),16.65,value,,none_assigned,,none_assigned,157
F00PSL01,SCIENCES ECONOMIQUES (P.E.S) -- pour bacheliers JIJEL,B45,UNIVERSITE DE CONSTANTINE 2 (ECOLE NORMALE SUPERIEURE DE CONSTANTINE),16.26,value,,none_assigned,,none_assigned,157
F00PSL01,SCIENCES ECONOMIQUES (P.E.S) -- pour bacheliers SETIF,B45,UNIVERSITE DE CONSTANTINE 2 (ECOLE NORMALE SUPERIEURE DE CONSTANTINE),16.11,value,,none_assigned,,none_assigned,157
F00PSL01,SCIENCES ECONOMIQUES (P.E.S) -- pour bacheliers SKIKDA,B45,UNIVERSITE DE CONSTANTINE 2 (ECOLE NORMALE SUPERIEURE DE CONSTANTINE),15.96,value,,none_assigned,,none_assigned,157
F00PSL01,SCIENCES ECONOMIQUES (P.E.S) -- pour bacheliers ANNABA,B45,UNIVERSITE DE CONSTANTINE 2 (ECOLE NORMALE SUPERIEURE DE CONSTANTINE),16.48,value,,none_assigned,,none_assigned,158
F00PSL01,SCIENCES ECONOMIQUES (P.E.S) -- pour bacheliers GUELMA,B45,UNIVERSITE DE CONSTANTINE 2 (ECOLE NORMALE SUPERIEURE DE CONSTANTINE),16.71,value,,none_assigned,,none_assigned,158
F00PSL01,SCIENCES ECONOMIQUES (P.E.S) -- pour bacheliers CONSTANTINE,B45,UNIVERSITE DE CONSTANTINE 2 (ECOLE NORMALE SUPERIEURE DE CONSTANTINE),16.31,value,,none_assigned,,none_assigned,158
F00PSL01,SCIENCES ECONOMIQUES (P.E.S) -- pour bacheliers MSILA,B45,UNIVERSITE DE CONSTANTINE 2 (ECOLE NORMALE SUPERIEURE DE CONSTANTINE),15.7,value,,none_assigned,,none_assigned,158
F00PSL01,SCIENCES ECONOMIQUES (P.E.S) -- pour bacheliers OUARGLA,B45,UNIVERSITE DE CONSTANTINE 2 (ECOLE NORMALE SUPERIEURE DE CONSTANTINE),13.95,value,,none_assigned,,none_assigned,158
F00PSL01,SCIENCES ECONOMIQUES (P.E.S) -- pour bacheliers B.B.ARRERIDJ,B45,UNIVERSITE DE CONSTANTINE 2 (ECOLE NORMALE SUPERIEURE DE CONSTANTINE),17.47,value,,none_assigned,,none_assigned,158
F00PSL01,SCIENCES ECONOMIQUES (P.E.S) -- pour bacheliers ELTARF,B45,UNIVERSITE DE CONSTANTINE 2 (ECOLE NORMALE SUPERIEURE DE CONSTANTINE),16.07,value,,none_assigned,,none_assigned,158
F00PSL01,SCIENCES ECONOMIQUES (P.E.S) -- pour bacheliers EL OUED,B45,UNIVERSITE DE CONSTANTINE 2 (ECOLE NORMALE SUPERIEURE DE CONSTANTINE),15.09,value,,none_assigned,,none_assigned,158
F00PSL01,SCIENCES ECONOMIQUES (P.E.S) -- pour bacheliers KHENCHLA,B45,UNIVERSITE DE CONSTANTINE 2 (ECOLE NORMALE SUPERIEURE DE CONSTANTINE),15.09,value,,none_assigned,,none_assigned,158
F00PSL01,SCIENCES ECONOMIQUES (P.E.S) -- pour bacheliers SOUK- AHRAS,B45,UNIVERSITE DE CONSTANTINE 2 (ECOLE NORMALE SUPERIEURE DE CONSTANTINE),16.91,value,,none_assigned,,none_assigned,158
F00PSL01,SCIENCES ECONOMIQUES (P.E.S) -- pour bacheliers MILA,B45,UNIVERSITE DE CONSTANTINE 2 (ECOLE NORMALE SUPERIEURE DE CONSTANTINE),15.93,value,,none_assigned,,none_assigned,158
F00PSL01,SCIENCES ECONOMIQUES (P.E.S) -- pour bacheliers OULED DJELLAL,B45,UNIVERSITE DE CONSTANTINE 2 (ECOLE NORMALE SUPERIEURE DE CONSTANTINE),15.8,value,,none_assigned,,none_assigned,158
F00PSL01,SCIENCES ECONOMIQUES (P.E.S) -- pour bacheliers TOUGGOURT,B45,UNIVERSITE DE CONSTANTINE 2 (ECOLE NORMALE SUPERIEURE DE CONSTANTINE),13.94,value,15.19,value,,none_assigned,158
F00PSL01,SCIENCES ECONOMIQUES (P.E.S) -- pour bacheliers EL MGHAIER,B45,UNIVERSITE DE CONSTANTINE 2 (ECOLE NORMALE SUPERIEURE DE CONSTANTINE),15.85,value,,none_assigned,,none_assigned,158
F00PSL01,SCIENCES ECONOMIQUES (P.E.S) -- pour bacheliers EL MENIAA,B45,UNIVERSITE DE CONSTANTINE 2 (ECOLE NORMALE SUPERIEURE DE CONSTANTINE),15.18,value,,none_assigned,,none_assigned,159
J00PML01,EDUCATION PHYSIQUE ET SPORTIVE (P.E.M) -- pour bacheliers OUM-EL-BOUAGHI,B45,UNIVERSITE DE CONSTANTINE 2 (ECOLE NORMALE SUPERIEURE DE CONSTANTINE),15.29,value,,not_applicable,,not_applicable,159
J00PML01,EDUCATION PHYSIQUE ET SPORTIVE (P.E.M) -- pour bacheliers BEJAIA,B45,UNIVERSITE DE CONSTANTINE 2 (ECOLE NORMALE SUPERIEURE DE CONSTANTINE),13.12,value,,not_applicable,,not_applicable,159
J00PML01,EDUCATION PHYSIQUE ET SPORTIVE (P.E.M) -- pour bacheliers TEBESSA,B45,UNIVERSITE DE CONSTANTINE 2 (ECOLE NORMALE SUPERIEURE DE CONSTANTINE),14.13,value,,not_applicable,,not_applicable,159
J00PML01,EDUCATION PHYSIQUE ET SPORTIVE (P.E.M) -- pour bacheliers JIJEL,B45,UNIVERSITE DE CONSTANTINE 2 (ECOLE NORMALE SUPERIEURE DE CONSTANTINE),14.43,value,,not_applicable,,not_applicable,159
J00PML01,EDUCATION PHYSIQUE ET SPORTIVE (P.E.M) -- pour bacheliers SKIKDA,B45,UNIVERSITE DE CONSTANTINE 2 (ECOLE NORMALE SUPERIEURE DE CONSTANTINE),14.64,value,,not_applicable,,not_applicable,159
J00PML01,EDUCATION PHYSIQUE ET SPORTIVE (P.E.M) -- pour bacheliers ANNABA,B45,UNIVERSITE DE CONSTANTINE 2 (ECOLE NORMALE SUPERIEURE DE CONSTANTINE),14.13,value,,not_applicable,,not_applicable,159
J00PML01,EDUCATION PHYSIQUE ET SPORTIVE (P.E.M) -- pour bacheliers GUELMA,B45,UNIVERSITE DE CONSTANTINE 2 (ECOLE NORMALE SUPERIEURE DE CONSTANTINE),15.3,value,,not_applicable,,not_applicable,159
J00PML01,EDUCATION PHYSIQUE ET SPORTIVE (P.E.M) -- pour bacheliers CONSTANTINE,B45,UNIVERSITE DE CONSTANTINE 2 (ECOLE NORMALE SUPERIEURE DE CONSTANTINE),15.09,value,,not_applicable,,not_applicable,159
J00PML01,EDUCATION PHYSIQUE ET SPORTIVE (P.E.M) -- pour bacheliers ELTARF,B45,UNIVERSITE DE CONSTANTINE 2 (ECOLE NORMALE SUPERIEURE DE CONSTANTINE),14.73,value,,not_applicable,,not_applicable,159
J00PPL01,EDUCATION PHYSIQUE ET SPORTIVE (P.E.P) -- pour bacheliers OUM-EL-BOUAGHI,B45,UNIVERSITE DE CONSTANTINE 2 (ECOLE NORMALE SUPERIEURE DE CONSTANTINE),14.71,value,,not_applicable,,not_applicable,159
J00PPL01,EDUCATION PHYSIQUE ET SPORTIVE (P.E.P) -- pour bacheliers BATNA,B45,UNIVERSITE DE CONSTANTINE 2 (ECOLE NORMALE SUPERIEURE DE CONSTANTINE),15.06,value,,not_applicable,,not_applicable,159
J00PPL01,EDUCATION PHYSIQUE ET SPORTIVE (P.E.P) -- pour bacheliers TEBESSA,B45,UNIVERSITE DE CONSTANTINE 2 (ECOLE NORMALE SUPERIEURE DE CONSTANTINE),14.12,value,,not_applicable,,not_applicable,159
J00PPL01,EDUCATION PHYSIQUE ET SPORTIVE (P.E.P) -- pour bacheliers SKIKDA,B45,UNIVERSITE DE CONSTANTINE 2 (ECOLE NORMALE SUPERIEURE DE CONSTANTINE),14.7,value,,not_applicable,,not_applicable,159
J00PPL01,EDUCATION PHYSIQUE ET SPORTIVE (P.E.P) -- pour bacheliers ANNABA,B45,UNIVERSITE DE CONSTANTINE 2 (ECOLE NORMALE SUPERIEURE DE CONSTANTINE),14.22,value,,not_applicable,,not_applicable,160
J00PPL01,EDUCATION PHYSIQUE ET SPORTIVE (P.E.P) -- pour bacheliers GUELMA,B45,UNIVERSITE DE CONSTANTINE 2 (ECOLE NORMALE SUPERIEURE DE CONSTANTINE),15.22,value,,not_applicable,,not_applicable,160
J00PPL01,EDUCATION PHYSIQUE ET SPORTIVE (P.E.P) -- pour bacheliers CONSTANTINE,B45,UNIVERSITE DE CONSTANTINE 2 (ECOLE NORMALE SUPERIEURE DE CONSTANTINE),15.05,value,,not_applicable,,not_applicable,160
J00PPL01,EDUCATION PHYSIQUE ET SPORTIVE (P.E.P) -- pour bacheliers ELTARF,B45,UNIVERSITE DE CONSTANTINE 2 (ECOLE NORMALE SUPERIEURE DE CONSTANTINE),14.87,value,,not_applicable,,not_applicable,160
J00PPL01,EDUCATION PHYSIQUE ET SPORTIVE (P.E.P) -- pour bacheliers KHENCHLA,B45,UNIVERSITE DE CONSTANTINE 2 (ECOLE NORMALE SUPERIEURE DE CONSTANTINE),14.77,value,,not_applicable,,not_applicable,160
J00PPL01,EDUCATION PHYSIQUE ET SPORTIVE (P.E.P) -- pour bacheliers SOUK-AHRAS,B45,UNIVERSITE DE CONSTANTINE 2 (ECOLE NORMALE SUPERIEURE DE CONSTANTINE),15.04,value,,not_applicable,,not_applicable,160
J00PPL01,EDUCATION PHYSIQUE ET SPORTIVE (P.E.P) -- pour bacheliers MILA,B45,UNIVERSITE DE CONSTANTINE 2 (ECOLE NORMALE SUPERIEURE DE CONSTANTINE),15.02,value,,not_applicable,,not_applicable,160
J00PSL01,EDUCATION PHYSIQUE ET SPORTIVE (P.E.S) -- pour bacheliers OUM-EL-BOUAGHI,B45,UNIVERSITE DE CONSTANTINE 2 (ECOLE NORMALE SUPERIEURE DE CONSTANTINE),16.05,value,,not_applicable,,not_applicable,160
J00PSL01,EDUCATION PHYSIQUE ET SPORTIVE (P.E.S) -- pour bacheliers BEJAIA,B45,UNIVERSITE DE CONSTANTINE 2 (ECOLE NORMALE SUPERIEURE DE CONSTANTINE),12.99,value,,not_applicable,,not_applicable,160
J00PSL01,EDUCATION PHYSIQUE ET SPORTIVE (P.E.S) -- pour bacheliers TEBESSA,B45,UNIVERSITE DE CONSTANTINE 2 (ECOLE NORMALE SUPERIEURE DE CONSTANTINE),15.44,value,,not_applicable,,not_applicable,160
J00PSL01,EDUCATION PHYSIQUE ET SPORTIVE (P.E.S) -- pour bacheliers JIJEL,B45,UNIVERSITE DE CONSTANTINE 2 (ECOLE NORMALE SUPERIEURE DE CONSTANTINE),15.18,value,,not_applicable,,not_applicable,160
J00PSL01,EDUCATION PHYSIQUE ET SPORTIVE (P.E.S) -- pour bacheliers SKIKDA,B45,UNIVERSITE DE CONSTANTINE 2 (ECOLE NORMALE SUPERIEURE DE CONSTANTINE),15.45,value,,not_applicable,,not_applicable,160
J00PSL01,EDUCATION PHYSIQUE ET SPORTIVE (P.E.S) -- pour bacheliers ANNABA,B45,UNIVERSITE DE CONSTANTINE 2 (ECOLE NORMALE SUPERIEURE DE CONSTANTINE),14.72,value,,not_applicable,,not_applicable,160
J00PSL01,EDUCATION PHYSIQUE ET SPORTIVE (P.E.S) -- pour bacheliers GUELMA,B45,UNIVERSITE DE CONSTANTINE 2 (ECOLE NORMALE SUPERIEURE DE CONSTANTINE),16.12,value,,not_applicable,,not_applicable,160
J00PSL01,EDUCATION PHYSIQUE ET SPORTIVE (P.E.S) -- pour bacheliers CONSTANTINE,B45,UNIVERSITE DE CONSTANTINE 2 (ECOLE NORMALE SUPERIEURE DE CONSTANTINE),15.47,value,,not_applicable,,not_applicable,161
J00PSL01,EDUCATION PHYSIQUE ET SPORTIVE (P.E.S) -- pour bacheliers ELTARF,B45,UNIVERSITE DE CONSTANTINE 2 (ECOLE NORMALE SUPERIEURE DE CONSTANTINE),16.25,value,,not_applicable,,not_applicable,161
I02PSL01,SCIENCES ISLAMIQUES (PROFESSEUR DE L ENSEIGNEMENT SECONDAIRE) -- pour bacheliers OUM-EL- BOUAGHI,B54,UNIV EMIR ABDELKADER DES SCIENCES ISLAMIQUES CONSTANTINE (ECOLE NORMALE SUPERIEURE DE CONSTANTINE),16.02,value,,not_applicable,,not_applicable,161
I02PSL01,SCIENCES ISLAMIQUES (PROFESSEUR DE L ENSEIGNEMENT SECONDAIRE) -- pour bacheliers BATNA,B54,UNIV EMIR ABDELKADER DES SCIENCES ISLAMIQUES CONSTANTINE (ECOLE NORMALE SUPERIEURE DE CONSTANTINE),16.11,value,,not_applicable,,not_applicable,161
I02PSL01,SCIENCES ISLAMIQUES (PROFESSEUR DE L ENSEIGNEMENT SECONDAIRE) -- pour bacheliers BISKRA,B54,UNIV EMIR ABDELKADER DES SCIENCES ISLAMIQUES CONSTANTINE (ECOLE NORMALE SUPERIEURE DE CONSTANTINE),15.18,value,,not_applicable,,not_applicable,161
I02PSL01,SCIENCES ISLAMIQUES (PROFESSEUR DE L ENSEIGNEMENT SECONDAIRE) -- pour bacheliers TEBESSA,B54,UNIV EMIR ABDELKADER DES SCIENCES ISLAMIQUES CONSTANTINE (ECOLE NORMALE SUPERIEURE DE CONSTANTINE),15.66,value,,not_applicable,,not_applicable,161
I02PSL01,SCIENCES ISLAMIQUES (PROFESSEUR DE L ENSEIGNEMENT SECONDAIRE) -- pour bacheliers JIJEL,B54,UNIV EMIR ABDELKADER DES SCIENCES ISLAMIQUES CONSTANTINE (ECOLE NORMALE SUPERIEURE DE CONSTANTINE),16.14,value,,not_applicable,,not_applicable,161
I02PSL01,SCIENCES ISLAMIQUES (PROFESSEUR DE L ENSEIGNEMENT SECONDAIRE) -- pour bacheliers SETIF,B54,UNIV EMIR ABDELKADER DES SCIENCES ISLAMIQUES CONSTANTINE (ECOLE NORMALE SUPERIEURE DE CONSTANTINE),16.2,value,,not_applicable,,not_applicable,161
I02PSL01,SCIENCES ISLAMIQUES (PROFESSEUR DE L ENSEIGNEMENT SECONDAIRE) -- pour bacheliers SKIKDA,B54,UNIV EMIR ABDELKADER DES SCIENCES ISLAMIQUES CONSTANTINE (ECOLE NORMALE SUPERIEURE DE CONSTANTINE),16.37,value,,not_applicable,,not_applicable,161
I02PSL01,SCIENCES ISLAMIQUES (PROFESSEUR DE L ENSEIGNEMENT SECONDAIRE) -- pour bacheliers ANNABA,B54,UNIV EMIR ABDELKADER DES SCIENCES ISLAMIQUES CONSTANTINE (ECOLE NORMALE SUPERIEURE DE CONSTANTINE),14.86,value,,not_applicable,,not_applicable,161
I02PSL01,SCIENCES ISLAMIQUES (PROFESSEUR DE L ENSEIGNEMENT SECONDAIRE) -- pour bacheliers GUELMA,B54,UNIV EMIR ABDELKADER DES SCIENCES ISLAMIQUES CONSTANTINE (ECOLE NORMALE SUPERIEURE DE CONSTANTINE),16.2,value,,not_applicable,,not_applicable,162
I02PSL01,SCIENCES ISLAMIQUES (PROFESSEUR DE L ENSEIGNEMENT SECONDAIRE) -- pour bacheliers CONSTANTINE,B54,UNIV EMIR ABDELKADER DES SCIENCES ISLAMIQUES CONSTANTINE (ECOLE NORMALE SUPERIEURE DE CONSTANTINE),15.85,value,,not_applicable,,not_applicable,162
I02PSL01,SCIENCES ISLAMIQUES (PROFESSEUR DE L ENSEIGNEMENT SECONDAIRE) -- pour bacheliers MSILA,B54,UNIV EMIR ABDELKADER DES SCIENCES ISLAMIQUES CONSTANTINE (ECOLE NORMALE SUPERIEURE DE CONSTANTINE),15.83,value,,not_applicable,,not_applicable,162
I02PSL01,SCIENCES ISLAMIQUES (PROFESSEUR DE L ENSEIGNEMENT SECONDAIRE) -- pour bacheliers OUARGLA,B54,UNIV EMIR ABDELKADER DES SCIENCES ISLAMIQUES CONSTANTINE (ECOLE NORMALE SUPERIEURE DE CONSTANTINE),14.88,value,,not_applicable,,not_applicable,162
I02PSL01,SCIENCES ISLAMIQUES (PROFESSEUR DE L ENSEIGNEMENT SECONDAIRE) -- pour bacheliers B.B.ARRERIDJ,B54,UNIV EMIR ABDELKADER DES SCIENCES ISLAMIQUES CONSTANTINE (ECOLE NORMALE SUPERIEURE DE CONSTANTINE),16.34,value,,not_applicable,,not_applicable,162
I02PSL01,SCIENCES ISLAMIQUES (PROFESSEUR DE L ENSEIGNEMENT SECONDAIRE) -- pour bacheliers ELTARF,B54,UNIV EMIR ABDELKADER DES SCIENCES ISLAMIQUES CONSTANTINE (ECOLE NORMALE SUPERIEURE DE CONSTANTINE),16.6,value,,not_applicable,,not_applicable,162
I02PSL01,SCIENCES ISLAMIQUES (PROFESSEUR DE L ENSEIGNEMENT SECONDAIRE) -- pour bacheliers EL OUED,B54,UNIV EMIR ABDELKADER DES SCIENCES ISLAMIQUES CONSTANTINE (ECOLE NORMALE SUPERIEURE DE CONSTANTINE),15.89,value,,not_applicable,,not_applicable,162
I02PSL01,SCIENCES ISLAMIQUES (PROFESSEUR DE L ENSEIGNEMENT SECONDAIRE) -- pour bacheliers KHENCHLA,B54,UNIV EMIR ABDELKADER DES SCIENCES ISLAMIQUES CONSTANTINE (ECOLE NORMALE SUPERIEURE DE CONSTANTINE),15.72,value,,not_applicable,,not_applicable,162
I02PSL01,SCIENCES ISLAMIQUES (PROFESSEUR DE L ENSEIGNEMENT SECONDAIRE) -- pour bacheliers SOUK- AHRAS,B54,UNIV EMIR ABDELKADER DES SCIENCES ISLAMIQUES CONSTANTINE (ECOLE NORMALE SUPERIEURE DE CONSTANTINE),16.6,value,,not_applicable,,not_applicable,162
I02PSL01,SCIENCES ISLAMIQUES (PROFESSEUR DE L ENSEIGNEMENT SECONDAIRE) -- pour bacheliers MILA,B54,UNIV EMIR ABDELKADER DES SCIENCES ISLAMIQUES CONSTANTINE (ECOLE NORMALE SUPERIEURE DE CONSTANTINE),16.89,value,,not_applicable,,not_applicable,162
I02PSL01,SCIENCES ISLAMIQUES (PROFESSEUR DE L ENSEIGNEMENT SECONDAIRE) -- pour bacheliers OULED DJELLAL,B54,UNIV EMIR ABDELKADER DES SCIENCES ISLAMIQUES CONSTANTINE (ECOLE NORMALE SUPERIEURE DE CONSTANTINE),16.11,value,,not_applicable,,not_applicable,163
I02PSL01,SCIENCES ISLAMIQUES (PROFESSEUR DE L ENSEIGNEMENT SECONDAIRE) -- pour bacheliers TOUGGOURT,B54,UNIV EMIR ABDELKADER DES SCIENCES ISLAMIQUES CONSTANTINE (ECOLE NORMALE SUPERIEURE DE CONSTANTINE),15.4,value,,not_applicable,,not_applicable,163
I02PSL01,SCIENCES ISLAMIQUES (PROFESSEUR DE L ENSEIGNEMENT SECONDAIRE) -- pour bacheliers EL MGHAIER,B54,UNIV EMIR ABDELKADER DES SCIENCES ISLAMIQUES CONSTANTINE (ECOLE NORMALE SUPERIEURE DE CONSTANTINE),16.21,value,,not_applicable,,not_applicable,163
B00PML01,SCIENCES PHYSIQUE ET TECHNOLOGIE (P.E.M) -- pour bacheliers CONSTANTINE,E22,ECOLE NORMALE SUPERIEURE DE CONSTANTINE (E.N.S),15.43,value,16.21,value,,not_applicable,163
B00PML01,SCIENCES PHYSIQUE ET TECHNOLOGIE (P.E.M) -- pour bacheliers MILA,E22,ECOLE NORMALE SUPERIEURE DE CONSTANTINE (E.N.S),15.78,value,16.59,value,,not_applicable,163
B00PSL01,SCIENCES PHYSIQUES (P.E.S.) -- pour bacheliers OUM-EL- BOUAGHI,E22,ECOLE NORMALE SUPERIEURE DE CONSTANTINE (E.N.S),16.6,value,,none_assigned,,not_applicable,163
B00PSL01,SCIENCES PHYSIQUES (P.E.S.) -- pour bacheliers CONSTANTINE,E22,ECOLE NORMALE SUPERIEURE DE CONSTANTINE (E.N.S),16.0,value,16.92,value,,not_applicable,163
C01PML01,INFORMATIQUE (P.E.M) -- pour bacheliers OUM-EL-BOUAGHI,E22,ECOLE NORMALE SUPERIEURE DE CONSTANTINE (E.N.S),15.77,value,,none_assigned,,not_applicable,163
C01PML01,INFORMATIQUE (P.E.M) -- pour bacheliers BATNA,E22,ECOLE NORMALE SUPERIEURE DE CONSTANTINE (E.N.S),15.7,value,,none_assigned,,not_applicable,163
C01PML01,INFORMATIQUE (P.E.M) -- pour bacheliers BISKRA,E22,ECOLE NORMALE SUPERIEURE DE CONSTANTINE (E.N.S),15.4,value,15.48,value,,not_applicable,163
C01PML01,INFORMATIQUE (P.E.M) -- pour bacheliers CONSTANTINE,E22,ECOLE NORMALE SUPERIEURE DE CONSTANTINE (E.N.S),15.43,value,,none_assigned,,not_applicable,163
C01PML01,INFORMATIQUE (P.E.M) -- pour bacheliers OUARGLA,E22,ECOLE NORMALE SUPERIEURE DE CONSTANTINE (E.N.S),,none_assigned,,none_assigned,,not_applicable,163
C01PML01,INFORMATIQUE (P.E.M) -- pour bacheliers B.B.ARRERIDJ,E22,ECOLE NORMALE SUPERIEURE DE CONSTANTINE (E.N.S),14.78,value,15.73,value,,not_applicable,163
C01PML01,INFORMATIQUE (P.E.M) -- pour bacheliers KHENCHLA,E22,ECOLE NORMALE SUPERIEURE DE CONSTANTINE (E.N.S),14.81,value,15.57,value,,not_applicable,164
C01PML01,INFORMATIQUE (P.E.M) -- pour bacheliers SOUK-AHRAS,E22,ECOLE NORMALE SUPERIEURE DE CONSTANTINE (E.N.S),14.93,value,15.75,value,,not_applicable,164
C01PML01,INFORMATIQUE (P.E.M) -- pour bacheliers OULED DJELLAL,E22,ECOLE NORMALE SUPERIEURE DE CONSTANTINE (E.N.S),15.51,value,15.23,value,,not_applicable,164
C01PML01,INFORMATIQUE (P.E.M) -- pour bacheliers TOUGGOURT,E22,ECOLE NORMALE SUPERIEURE DE CONSTANTINE (E.N.S),,none_assigned,,none_assigned,,not_applicable,164
C01PSL01,INFORMATIQUE (P.E.S) -- pour bacheliers OUM-EL-BOUAGHI,E22,ECOLE NORMALE SUPERIEURE DE CONSTANTINE (E.N.S),16.52,value,,none_assigned,,not_applicable,164
C01PSL01,INFORMATIQUE (P.E.S) -- pour bacheliers JIJEL,E22,ECOLE NORMALE SUPERIEURE DE CONSTANTINE (E.N.S),15.41,value,16.38,value,,not_applicable,164
C01PSL01,INFORMATIQUE (P.E.S) -- pour bacheliers CONSTANTINE,E22,ECOLE NORMALE SUPERIEURE DE CONSTANTINE (E.N.S),15.86,value,16.62,value,,not_applicable,164
C01PSL01,INFORMATIQUE (P.E.S) -- pour bacheliers B.B.ARRERIDJ,E22,ECOLE NORMALE SUPERIEURE DE CONSTANTINE (E.N.S),16.16,value,16.68,value,,not_applicable,164
C01PSL01,INFORMATIQUE (P.E.S) -- pour bacheliers KHENCHLA,E22,ECOLE NORMALE SUPERIEURE DE CONSTANTINE (E.N.S),16.13,value,,none_assigned,,not_applicable,164
C01PSL01,INFORMATIQUE (P.E.S) -- pour bacheliers MILA,E22,ECOLE NORMALE SUPERIEURE DE CONSTANTINE (E.N.S),16.4,value,,none_assigned,,not_applicable,164
C02PML01,MATHEMATIQUES (P.E.M) -- pour bacheliers CONSTANTINE,E22,ECOLE NORMALE SUPERIEURE DE CONSTANTINE (E.N.S),15.24,value,15.94,value,,not_applicable,164
C02PSL01,MATHEMATIQUES (P.E.S.) -- pour bacheliers CONSTANTINE,E22,ECOLE NORMALE SUPERIEURE DE CONSTANTINE (E.N.S),16.13,value,17.05,value,,not_applicable,164
C02PSL01,MATHEMATIQUES (P.E.S.) -- pour bacheliers MILA,E22,ECOLE NORMALE SUPERIEURE DE CONSTANTINE (E.N.S),16.53,value,17.35,value,,not_applicable,164
D00PML01,SCIENCES NATURELLES (P.E.M) -- pour bacheliers OUM-EL- BOUAGHI,E22,ECOLE NORMALE SUPERIEURE DE CONSTANTINE (E.N.S),15.98,value,,not_applicable,,not_applicable,164
D00PML01,SCIENCES NATURELLES (P.E.M) -- pour bacheliers BATNA,E22,ECOLE NORMALE SUPERIEURE DE CONSTANTINE (E.N.S),16.15,value,,not_applicable,,not_applicable,165
D00PML01,SCIENCES NATURELLES (P.E.M) -- pour bacheliers CONSTANTINE,E22,ECOLE NORMALE SUPERIEURE DE CONSTANTINE (E.N.S),16.0,value,,not_applicable,,not_applicable,165
D00PSL01,SCIENCES NATURELLES (P.E.S) -- pour bacheliers OUM-EL- BOUAGHI,E22,ECOLE NORMALE SUPERIEURE DE CONSTANTINE (E.N.S),16.72,value,,not_applicable,,not_applicable,165
D00PSL01,SCIENCES NATURELLES (P.E.S) -- pour bacheliers BATNA,E22,ECOLE NORMALE SUPERIEURE DE CONSTANTINE (E.N.S),16.58,value,,not_applicable,,not_applicable,165
D00PSL01,SCIENCES NATURELLES (P.E.S) -- pour bacheliers CONSTANTINE,E22,ECOLE NORMALE SUPERIEURE DE CONSTANTINE (E.N.S),16.55,value,,not_applicable,,not_applicable,165
H01PML01,LANGUE FRANCAISE (P.E.M) -- pour bacheliers CONSTANTINE,E22,ECOLE NORMALE SUPERIEURE DE CONSTANTINE (E.N.S),14.31,value,15.17,value,,not_applicable,165
H01PML01,LANGUE FRANCAISE (P.E.M) -- pour bacheliers MILA,E22,ECOLE NORMALE SUPERIEURE DE CONSTANTINE (E.N.S),14.13,value,14.9,value,,not_applicable,165
H01PPL01,FRANCAIS (P.E.P) -- pour bacheliers CONSTANTINE,E22,ECOLE NORMALE SUPERIEURE DE CONSTANTINE (E.N.S),14.01,value,14.72,value,,not_applicable,165
H01PPL01,FRANCAIS (P.E.P) -- pour bacheliers MILA,E22,ECOLE NORMALE SUPERIEURE DE CONSTANTINE (E.N.S),14.07,value,14.73,value,,not_applicable,165
H01PSL01,LANGUE FRANCAISE (P.E.S) -- pour bacheliers OUM-EL- BOUAGHI,E22,ECOLE NORMALE SUPERIEURE DE CONSTANTINE (E.N.S),15.29,value,15.95,value,,not_applicable,165
H01PSL01,LANGUE FRANCAISE (P.E.S) -- pour bacheliers BATNA,E22,ECOLE NORMALE SUPERIEURE DE CONSTANTINE (E.N.S),15.4,value,16.18,value,,not_applicable,165
H01PSL01,LANGUE FRANCAISE (P.E.S) -- pour bacheliers TEBESSA,E22,ECOLE NORMALE SUPERIEURE DE CONSTANTINE (E.N.S),14.09,value,15.03,value,,not_applicable,165
H01PSL01,LANGUE FRANCAISE (P.E.S) -- pour bacheliers CONSTANTINE,E22,ECOLE NORMALE SUPERIEURE DE CONSTANTINE (E.N.S),14.91,value,15.69,value,,not_applicable,165
H01PSL01,LANGUE FRANCAISE (P.E.S) -- pour bacheliers MILA,E22,ECOLE NORMALE SUPERIEURE DE CONSTANTINE (E.N.S),15.67,value,16.38,value,,not_applicable,165
H06PML01,LANGUE ANGLAISE (P.E.M) -- pour bacheliers CONSTANTINE,E22,ECOLE NORMALE SUPERIEURE DE CONSTANTINE (E.N.S),14.7,value,15.45,value,,not_applicable,166
H06PML01,LANGUE ANGLAISE (P.E.M) -- pour bacheliers MILA,E22,ECOLE NORMALE SUPERIEURE DE CONSTANTINE (E.N.S),15.05,value,15.82,value,,not_applicable,166
H06PPL01,LANGUE ANGLAISE (P.E.P) -- pour bacheliers OUM-EL- BOUAGHI,E22,ECOLE NORMALE SUPERIEURE DE CONSTANTINE (E.N.S),14.92,value,15.82,value,,not_applicable,166
H06PPL01,LANGUE ANGLAISE (P.E.P) -- pour bacheliers CONSTANTINE,E22,ECOLE NORMALE SUPERIEURE DE CONSTANTINE (E.N.S),14.99,value,15.67,value,,not_applicable,166
H06PPL01,LANGUE ANGLAISE (P.E.P) -- pour bacheliers KHENCHLA,E22,ECOLE NORMALE SUPERIEURE DE CONSTANTINE (E.N.S),14.43,value,15.17,value,,not_applicable,166
H06PPL01,LANGUE ANGLAISE (P.E.P) -- pour bacheliers SOUK-AHRAS,E22,ECOLE NORMALE SUPERIEURE DE CONSTANTINE (E.N.S),15.24,value,,none_assigned,,not_applicable,166
H06PPL01,LANGUE ANGLAISE (P.E.P) -- pour bacheliers MILA,E22,ECOLE NORMALE SUPERIEURE DE CONSTANTINE (E.N.S),15.1,value,15.83,value,,not_applicable,166
H06PSL01,LANGUE ANGLAISE (P.E.S) -- pour bacheliers OUM-EL- BOUAGHI,E22,ECOLE NORMALE SUPERIEURE DE CONSTANTINE (E.N.S),16.07,value,,none_assigned,,not_applicable,166
H06PSL01,LANGUE ANGLAISE (P.E.S) -- pour bacheliers BATNA,E22,ECOLE NORMALE SUPERIEURE DE CONSTANTINE (E.N.S),16.33,value,17.1,value,,not_applicable,166
H06PSL01,LANGUE ANGLAISE (P.E.S) -- pour bacheliers TEBESSA,E22,ECOLE NORMALE SUPERIEURE DE CONSTANTINE (E.N.S),15.35,value,15.88,value,,not_applicable,166
H06PSL01,LANGUE ANGLAISE (P.E.S) -- pour bacheliers CONSTANTINE,E22,ECOLE NORMALE SUPERIEURE DE CONSTANTINE (E.N.S),16.0,value,17.85,value,,not_applicable,166
H06PSL01,LANGUE ANGLAISE (P.E.S) -- pour bacheliers KHENCHLA,E22,ECOLE NORMALE SUPERIEURE DE CONSTANTINE (E.N.S),16.55,value,16.28,value,,not_applicable,166
H06PSL01,LANGUE ANGLAISE (P.E.S) -- pour bacheliers MILA,E22,ECOLE NORMALE SUPERIEURE DE CONSTANTINE (E.N.S),16.79,value,,none_assigned,,not_applicable,166
I00PML01,HISTOIRE GEOGRAPHIE (P.E.M) -- pour bacheliers JIJEL,E22,ECOLE NORMALE SUPERIEURE DE CONSTANTINE (E.N.S),14.52,value,15.07,value,,not_applicable,166
I00PML01,HISTOIRE GEOGRAPHIE (P.E.M) -- pour bacheliers CONSTANTINE,E22,ECOLE NORMALE SUPERIEURE DE CONSTANTINE (E.N.S),14.34,value,15.08,value,,not_applicable,167
I00PML01,HISTOIRE GEOGRAPHIE (P.E.M) -- pour bacheliers MILA,E22,ECOLE NORMALE SUPERIEURE DE CONSTANTINE (E.N.S),14.47,value,15.09,value,,not_applicable,167
I00PSL01,HISTOIRE GEOGRAPHIE (P.E.S) -- pour bacheliers OUM-EL- BOUAGHI,E22,ECOLE NORMALE SUPERIEURE DE CONSTANTINE (E.N.S),15.4,value,15.68,value,,not_applicable,167
I00PSL01,HISTOIRE GEOGRAPHIE (P.E.S) -- pour bacheliers TEBESSA,E22,ECOLE NORMALE SUPERIEURE DE CONSTANTINE (E.N.S),14.04,value,14.77,value,,not_applicable,167
I00PSL01,HISTOIRE GEOGRAPHIE (P.E.S) -- pour bacheliers JIJEL,E22,ECOLE NORMALE SUPERIEURE DE CONSTANTINE (E.N.S),14.92,value,15.59,value,,not_applicable,167
I00PSL01,HISTOIRE GEOGRAPHIE (P.E.S) -- pour bacheliers CONSTANTINE,E22,ECOLE NORMALE SUPERIEURE DE CONSTANTINE (E.N.S),14.84,value,15.29,value,,not_applicable,167
I00PSL01,HISTOIRE GEOGRAPHIE (P.E.S) -- pour bacheliers MILA,E22,ECOLE NORMALE SUPERIEURE DE CONSTANTINE (E.N.S),15.07,value,15.73,value,,not_applicable,167
I13PSL01,PHILOSOPHIE (P.E.S) -- pour bacheliers OUM-EL-BOUAGHI,E22,ECOLE NORMALE SUPERIEURE DE CONSTANTINE (E.N.S),13.94,value,,not_applicable,,not_applicable,167
I13PSL01,PHILOSOPHIE (P.E.S) -- pour bacheliers JIJEL,E22,ECOLE NORMALE SUPERIEURE DE CONSTANTINE (E.N.S),14.4,value,,not_applicable,,not_applicable,167
I13PSL01,PHILOSOPHIE (P.E.S) -- pour bacheliers CONSTANTINE,E22,ECOLE NORMALE SUPERIEURE DE CONSTANTINE (E.N.S),14.35,value,,not_applicable,,not_applicable,167
I13PSL01,PHILOSOPHIE (P.E.S) -- pour bacheliers OUARGLA,E22,ECOLE NORMALE SUPERIEURE DE CONSTANTINE (E.N.S),12.75,value,,not_applicable,,not_applicable,167
I13PSL01,PHILOSOPHIE (P.E.S) -- pour bacheliers EL OUED,E22,ECOLE NORMALE SUPERIEURE DE CONSTANTINE (E.N.S),13.02,value,,not_applicable,,not_applicable,167
I13PSL01,PHILOSOPHIE (P.E.S) -- pour bacheliers KHENCHLA,E22,ECOLE NORMALE SUPERIEURE DE CONSTANTINE (E.N.S),13.94,value,,not_applicable,,not_applicable,167
I13PSL01,PHILOSOPHIE (P.E.S) -- pour bacheliers MILA,E22,ECOLE NORMALE SUPERIEURE DE CONSTANTINE (E.N.S),14.31,value,,not_applicable,,not_applicable,167
I13PSL01,PHILOSOPHIE (P.E.S) -- pour bacheliers TOUGGOURT,E22,ECOLE NORMALE SUPERIEURE DE CONSTANTINE (E.N.S),13.39,value,,not_applicable,,not_applicable,168
I13PSL01,PHILOSOPHIE (P.E.S) -- pour bacheliers EL MGHAIER,E22,ECOLE NORMALE SUPERIEURE DE CONSTANTINE (E.N.S),13.42,value,,not_applicable,,not_applicable,168
L00PML01,LANGUE ET LITTERATURE ARABES (P.E.M) -- pour bacheliers SKIKDA,E22,ECOLE NORMALE SUPERIEURE DE CONSTANTINE (E.N.S),14.37,value,15.1,value,,not_applicable,168
L00PML01,LANGUE ET LITTERATURE ARABES (P.E.M) -- pour bacheliers CONSTANTINE,E22,ECOLE NORMALE SUPERIEURE DE CONSTANTINE (E.N.S),14.36,value,15.03,value,,not_applicable,168
L00PPL01,ARABE (P.E.P) -- pour bacheliers CONSTANTINE,E22,ECOLE NORMALE SUPERIEURE DE CONSTANTINE (E.N.S),14.14,value,15.66,value,,not_applicable,168
L00PSL01,LANGUE ET LITTERATURE ARABES (P.E.S) -- pour bacheliers ANNABA,E22,ECOLE NORMALE SUPERIEURE DE CONSTANTINE (E.N.S),,NC,,NC,,not_applicable,168
L00PSL01,LANGUE ET LITTERATURE ARABES (P.E.S) -- pour bacheliers GUELMA,E22,ECOLE NORMALE SUPERIEURE DE CONSTANTINE (E.N.S),15.64,value,16.62,value,,not_applicable,168
L00PSL01,LANGUE ET LITTERATURE ARABES (P.E.S) -- pour bacheliers CONSTANTINE,E22,ECOLE NORMALE SUPERIEURE DE CONSTANTINE (E.N.S),15.28,value,15.98,value,,not_applicable,168
L00PSL01,LANGUE ET LITTERATURE ARABES (P.E.S) -- pour bacheliers ELTARF,E22,ECOLE NORMALE SUPERIEURE DE CONSTANTINE (E.N.S),14.74,value,15.39,value,,not_applicable,168
B00PML01,SCIENCES PHYSIQUE ET TECHNOLOGIE (P.E.M) -- pour bacheliers MEDEA,B12,ANNEXE MEDEA (ECOLE NORMALE SUPERIEURE DE KOUBA),15.4,value,16.19,value,,not_applicable,168
B00PSL01,SCIENCES PHYSIQUES (P.E.S.) -- pour bacheliers MEDEA,B12,ANNEXE MEDEA (ECOLE NORMALE SUPERIEURE DE KOUBA),16.73,value,17.53,value,,not_applicable,168
B00PSL01,SCIENCES PHYSIQUES (P.E.S.) -- pour bacheliers TIPAZA,B12,ANNEXE MEDEA (ECOLE NORMALE SUPERIEURE DE KOUBA),15.46,value,16.21,value,,not_applicable,168
B00PSL01,SCIENCES PHYSIQUES (P.E.S.) -- pour bacheliers AIN-DEFLA,B12,ANNEXE MEDEA (ECOLE NORMALE SUPERIEURE DE KOUBA),15.84,value,16.83,value,,not_applicable,168
C02PML01,MATHEMATIQUES (P.E.M) -- pour bacheliers MEDEA,B12,ANNEXE MEDEA (ECOLE NORMALE SUPERIEURE DE KOUBA),14.94,value,15.69,value,,not_applicable,168
D00PML01,SCIENCES NATURELLES (P.E.M) -- pour bacheliers MEDEA,B12,ANNEXE MEDEA (ECOLE NORMALE SUPERIEURE DE KOUBA),15.48,value,,not_applicable,,not_applicable,169
F00PSL01,SCIENCES ECONOMIQUES (P.E.S) -- pour bacheliers LAGHOUAT,B12,ANNEXE MEDEA (ECOLE NORMALE SUPERIEURE DE KOUBA),14.01,value,,none_assigned,,none_assigned,169
F00PSL01,SCIENCES ECONOMIQUES (P.E.S) -- pour bacheliers BLIDA,B12,ANNEXE MEDEA (ECOLE NORMALE SUPERIEURE DE KOUBA),15.32,value,,none_assigned,,none_assigned,169
F00PSL01,SCIENCES ECONOMIQUES (P.E.S) -- pour bacheliers BOUIRA,B12,ANNEXE MEDEA (ECOLE NORMALE SUPERIEURE DE KOUBA),15.31,value,,none_assigned,,none_assigned,169
F00PSL01,SCIENCES ECONOMIQUES (P.E.S) -- pour bacheliers TAMANRASSET,B12,ANNEXE MEDEA (ECOLE NORMALE SUPERIEURE DE KOUBA),15.53,value,,none_assigned,,none_assigned,169
F00PSL01,SCIENCES ECONOMIQUES (P.E.S) -- pour bacheliers TIZI- OUZOU,B12,ANNEXE MEDEA (ECOLE NORMALE SUPERIEURE DE KOUBA),14.66,value,,none_assigned,,none_assigned,169
F00PSL01,SCIENCES ECONOMIQUES (P.E.S) -- pour bacheliers ALGER,B12,ANNEXE MEDEA (ECOLE NORMALE SUPERIEURE DE KOUBA),14.45,value,,none_assigned,,none_assigned,169
F00PSL01,SCIENCES ECONOMIQUES (P.E.S) -- pour bacheliers DJELFA,B12,ANNEXE MEDEA (ECOLE NORMALE SUPERIEURE DE KOUBA),15.28,value,,none_assigned,,none_assigned,169
F00PSL01,SCIENCES ECONOMIQUES (P.E.S) -- pour bacheliers MEDEA,B12,ANNEXE MEDEA (ECOLE NORMALE SUPERIEURE DE KOUBA),15.86,value,,none_assigned,,none_assigned,169
F00PSL01,SCIENCES ECONOMIQUES (P.E.S) -- pour bacheliers ILLIZI,B12,ANNEXE MEDEA (ECOLE NORMALE SUPERIEURE DE KOUBA),13.17,value,,none_assigned,,none_assigned,169
F00PSL01,SCIENCES ECONOMIQUES (P.E.S) -- pour bacheliers BOUMERDES,B12,ANNEXE MEDEA (ECOLE NORMALE SUPERIEURE DE KOUBA),14.95,value,,none_assigned,,none_assigned,169
F00PSL01,SCIENCES ECONOMIQUES (P.E.S) -- pour bacheliers TIPAZA,B12,ANNEXE MEDEA (ECOLE NORMALE SUPERIEURE DE KOUBA),15.4,value,,none_assigned,,none_assigned,169
F00PSL01,SCIENCES ECONOMIQUES (P.E.S) -- pour bacheliers AIN- DEFLA,B12,ANNEXE MEDEA (ECOLE NORMALE SUPERIEURE DE KOUBA),15.74,value,,none_assigned,,none_assigned,169
F00PSL01,SCIENCES ECONOMIQUES (P.E.S) -- pour bacheliers GHARDAIA,B12,ANNEXE MEDEA (ECOLE NORMALE SUPERIEURE DE KOUBA),14.67,value,,none_assigned,,none_assigned,169
F00PSL01,SCIENCES ECONOMIQUES (P.E.S) -- pour bacheliers TIMIMOUN,B12,ANNEXE MEDEA (ECOLE NORMALE SUPERIEURE DE KOUBA),14.18,value,,none_assigned,,none_assigned,170
F00PSL01,SCIENCES ECONOMIQUES (P.E.S) -- pour bacheliers BORDJ BADJI MOKHTAR,B12,ANNEXE MEDEA (ECOLE NORMALE SUPERIEURE DE KOUBA),,NC,,NC,,NC,170
F00PSL01,SCIENCES ECONOMIQUES (P.E.S) -- pour bacheliers IN SALAH,B12,ANNEXE MEDEA (ECOLE NORMALE SUPERIEURE DE KOUBA),,none_assigned,13.17,value,,none_assigned,170
F00PSL01,SCIENCES ECONOMIQUES (P.E.S) -- pour bacheliers IN GUEZZAM,B12,ANNEXE MEDEA (ECOLE NORMALE SUPERIEURE DE KOUBA),,none_assigned,,none_assigned,,none_assigned,170
F00PSL01,SCIENCES ECONOMIQUES (P.E.S) -- pour bacheliers DJANET,B12,ANNEXE MEDEA (ECOLE NORMALE SUPERIEURE DE KOUBA),,none_assigned,,none_assigned,,none_assigned,170
H01PML01,LANGUE FRANCAISE (P.E.M) -- pour bacheliers MEDEA,B12,ANNEXE MEDEA (ECOLE NORMALE SUPERIEURE DE KOUBA),14.06,value,14.16,value,,not_applicable,170
H01PML01,LANGUE FRANCAISE (P.E.M) -- pour bacheliers TIPAZA,B12,ANNEXE MEDEA (ECOLE NORMALE SUPERIEURE DE KOUBA),,NC,,NC,,not_applicable,170
H01PPL01,FRANCAIS (P.E.P) -- pour bacheliers MEDEA,B12,ANNEXE MEDEA (ECOLE NORMALE SUPERIEURE DE KOUBA),13.34,value,14.05,value,,not_applicable,170
H06PML01,LANGUE ANGLAISE (P.E.M) -- pour bacheliers MEDEA,B12,ANNEXE MEDEA (ECOLE NORMALE SUPERIEURE DE KOUBA),14.72,value,15.48,value,,not_applicable,170
H06PML01,LANGUE ANGLAISE (P.E.M) -- pour bacheliers TIPAZA,B12,ANNEXE MEDEA (ECOLE NORMALE SUPERIEURE DE KOUBA),,NC,,NC,,not_applicable,170
L00PML01,LANGUE ET LITTERATURE ARABES (P.E.M) -- pour bacheliers MEDEA,B12,ANNEXE MEDEA (ECOLE NORMALE SUPERIEURE DE KOUBA),14.16,value,14.86,value,,not_applicable,170
L00PML01,LANGUE ET LITTERATURE ARABES (P.E.M) -- pour bacheliers TIPAZA,B12,ANNEXE MEDEA (ECOLE NORMALE SUPERIEURE DE KOUBA),,NC,,NC,,not_applicable,170
L00PPL01,ARABE (P.E.P) -- pour bacheliers MEDEA,B12,ANNEXE MEDEA (ECOLE NORMALE SUPERIEURE DE KOUBA),13.2,value,13.86,value,,not_applicable,170
L00PSL01,LANGUE ET LITTERATURE ARABES (P.E.S) -- pour bacheliers MEDEA,B12,ANNEXE MEDEA (ECOLE NORMALE SUPERIEURE DE KOUBA),15.04,value,15.76,value,,not_applicable,170
L00PSL01,LANGUE ET LITTERATURE ARABES (P.E.S) -- pour bacheliers TIPAZA,B12,ANNEXE MEDEA (ECOLE NORMALE SUPERIEURE DE KOUBA),14.27,value,14.4,value,,not_applicable,171
C01PSL01,INFORMATIQUE (P.E.S) -- pour bacheliers BLIDA,B49,ANNEXE DE MEDEA (ECOLE NORMALE SUPERIEURE DE BOU SAADA),14.24,value,14.72,value,,not_applicable,171
C01PSL01,INFORMATIQUE (P.E.S) -- pour bacheliers BOUIRA,B49,ANNEXE DE MEDEA (ECOLE NORMALE SUPERIEURE DE BOU SAADA),15.34,value,,none_assigned,,not_applicable,171
C01PSL01,INFORMATIQUE (P.E.S) -- pour bacheliers MEDEA,B49,ANNEXE DE MEDEA (ECOLE NORMALE SUPERIEURE DE BOU SAADA),15.88,value,,none_assigned,,not_applicable,171
C01PSL01,INFORMATIQUE (P.E.S) -- pour bacheliers TIPAZA,B49,ANNEXE DE MEDEA (ECOLE NORMALE SUPERIEURE DE BOU SAADA),14.29,value,15.14,value,,not_applicable,171
C01PSL01,INFORMATIQUE (P.E.S) -- pour bacheliers AIN-DEFLA,B49,ANNEXE DE MEDEA (ECOLE NORMALE SUPERIEURE DE BOU SAADA),14.88,value,15.79,value,,not_applicable,171
H01PPL01,FRANCAIS (P.E.P) -- pour bacheliers MOSTAGANEM,B29,UNIVERSITE DE MOSTAGANEM (ECOLE NORMALE SUPERIEURE DE MOSTAGANEM),13.24,value,13.88,value,,not_applicable,171
H06PPL01,LANGUE ANGLAISE (P.E.P) -- pour bacheliers CHLEF,B29,UNIVERSITE DE MOSTAGANEM (ECOLE NORMALE SUPERIEURE DE MOSTAGANEM),14.79,value,15.58,value,,not_applicable,171
H06PPL01,LANGUE ANGLAISE (P.E.P) -- pour bacheliers MOSTAGANEM,B29,UNIVERSITE DE MOSTAGANEM (ECOLE NORMALE SUPERIEURE DE MOSTAGANEM),14.35,value,15.09,value,,not_applicable,171
J00PPL01,EDUCATION PHYSIQUE ET SPORTIVE (P.E.P) -- pour bacheliers ADRAR,B29,UNIVERSITE DE MOSTAGANEM (ECOLE NORMALE SUPERIEURE DE MOSTAGANEM),13.46,value,,not_applicable,,not_applicable,171
J00PPL01,EDUCATION PHYSIQUE ET SPORTIVE (P.E.P) -- pour bacheliers BECHAR,B29,UNIVERSITE DE MOSTAGANEM (ECOLE NORMALE SUPERIEURE DE MOSTAGANEM),13.12,value,,not_applicable,,not_applicable,171
J00PPL01,EDUCATION PHYSIQUE ET SPORTIVE (P.E.P) -- pour bacheliers TLEMCEN,B29,UNIVERSITE DE MOSTAGANEM (ECOLE NORMALE SUPERIEURE DE MOSTAGANEM),14.23,value,,not_applicable,,not_applicable,171
J00PPL01,EDUCATION PHYSIQUE ET SPORTIVE (P.E.P) -- pour bacheliers SAIDA,B29,UNIVERSITE DE MOSTAGANEM (ECOLE NORMALE SUPERIEURE DE MOSTAGANEM),14.42,value,,not_applicable,,not_applicable,171
J00PPL01,EDUCATION PHYSIQUE ET SPORTIVE (P.E.P) -- pour bacheliers SIDIBEL-ABBES,B29,UNIVERSITE DE MOSTAGANEM (ECOLE NORMALE SUPERIEURE DE MOSTAGANEM),14.62,value,,not_applicable,,not_applicable,171
J00PPL01,EDUCATION PHYSIQUE ET SPORTIVE (P.E.P) -- pour bacheliers MOSTAGANEM,B29,UNIVERSITE DE MOSTAGANEM (ECOLE NORMALE SUPERIEURE DE MOSTAGANEM),14.58,value,,not_applicable,,not_applicable,172
J00PPL01,EDUCATION PHYSIQUE ET SPORTIVE (P.E.P) -- pour bacheliers MASCARA,B29,UNIVERSITE DE MOSTAGANEM (ECOLE NORMALE SUPERIEURE DE MOSTAGANEM),14.91,value,,not_applicable,,not_applicable,172
J00PPL01,EDUCATION PHYSIQUE ET SPORTIVE (P.E.P) -- pour bacheliers ORAN,B29,UNIVERSITE DE MOSTAGANEM (ECOLE NORMALE SUPERIEURE DE MOSTAGANEM),13.56,value,,not_applicable,,not_applicable,172
J00PPL01,EDUCATION PHYSIQUE ET SPORTIVE (P.E.P) -- pour bacheliers EL BAYADH,B29,UNIVERSITE DE MOSTAGANEM (ECOLE NORMALE SUPERIEURE DE MOSTAGANEM),14.74,value,,not_applicable,,not_applicable,172
J00PPL01,EDUCATION PHYSIQUE ET SPORTIVE (P.E.P) -- pour bacheliers TINDOUF,B29,UNIVERSITE DE MOSTAGANEM (ECOLE NORMALE SUPERIEURE DE MOSTAGANEM),12.48,value,,not_applicable,,not_applicable,172
J00PPL01,EDUCATION PHYSIQUE ET SPORTIVE (P.E.P) -- pour bacheliers NAAMA,B29,UNIVERSITE DE MOSTAGANEM (ECOLE NORMALE SUPERIEURE DE MOSTAGANEM),14.83,value,,not_applicable,,not_applicable,172
J00PPL01,EDUCATION PHYSIQUE ET SPORTIVE (P.E.P) -- pour bacheliers TIMIMOUN,B29,UNIVERSITE DE MOSTAGANEM (ECOLE NORMALE SUPERIEURE DE MOSTAGANEM),13.66,value,,not_applicable,,not_applicable,172
J00PPL01,EDUCATION PHYSIQUE ET SPORTIVE (P.E.P) -- pour bacheliers BORDJ BADJI MOKHTAR,B29,UNIVERSITE DE MOSTAGANEM (ECOLE NORMALE SUPERIEURE DE MOSTAGANEM),,NC,,not_applicable,,not_applicable,172
J00PPL01,EDUCATION PHYSIQUE ET SPORTIVE (P.E.P) -- pour bacheliers BENI ABBES,B29,UNIVERSITE DE MOSTAGANEM (ECOLE NORMALE SUPERIEURE DE MOSTAGANEM),,none_assigned,,not_applicable,,not_applicable,172
L00PPL01,ARABE (P.E.P) -- pour bacheliers MOSTAGANEM,B29,UNIVERSITE DE MOSTAGANEM (ECOLE NORMALE SUPERIEURE DE MOSTAGANEM),,NC,,NC,,not_applicable,172
B00PSL01,SCIENCES PHYSIQUES (P.E.S.) -- pour bacheliers MOSTAGANEM,U28,ECOLE NORMALE SUPERIEURE DE MOSTAGANEM,15.86,value,16.82,value,,not_applicable,172
B00PSL01,SCIENCES PHYSIQUES (P.E.S.) -- pour bacheliers ORAN,U28,ECOLE NORMALE SUPERIEURE DE MOSTAGANEM,,NC,,NC,,not_applicable,172
C02PSL01,MATHEMATIQUES (P.E.S.) -- pour bacheliers MOSTAGANEM,U28,ECOLE NORMALE SUPERIEURE DE MOSTAGANEM,15.82,value,17.18,value,,not_applicable,172
C02PSL01,MATHEMATIQUES (P.E.S.) -- pour bacheliers MASCARA,U28,ECOLE NORMALE SUPERIEURE DE MOSTAGANEM,16.39,value,,none_assigned,,not_applicable,172
C02PSL01,MATHEMATIQUES (P.E.S.) -- pour bacheliers ORAN,U28,ECOLE NORMALE SUPERIEURE DE MOSTAGANEM,14.3,value,14.36,value,,not_applicable,173
C02PSL01,MATHEMATIQUES (P.E.S.) -- pour bacheliers TISSEMSILT,U28,ECOLE NORMALE SUPERIEURE DE MOSTAGANEM,15.8,value,16.53,value,,not_applicable,173
H01PML01,LANGUE FRANCAISE (P.E.M) -- pour bacheliers MOSTAGANEM,U28,ECOLE NORMALE SUPERIEURE DE MOSTAGANEM,,NC,,NC,,not_applicable,173
H01PML01,LANGUE FRANCAISE (P.E.M) -- pour bacheliers MASCARA,U28,ECOLE NORMALE SUPERIEURE DE MOSTAGANEM,14.59,value,14.43,value,,not_applicable,173
H01PML01,LANGUE FRANCAISE (P.E.M) -- pour bacheliers ORAN,U28,ECOLE NORMALE SUPERIEURE DE MOSTAGANEM,,NC,,NC,,not_applicable,173
H01PSL01,LANGUE FRANCAISE (P.E.S) -- pour bacheliers CHLEF,U28,ECOLE NORMALE SUPERIEURE DE MOSTAGANEM,14.52,value,15.24,value,,not_applicable,173
H01PSL01,LANGUE FRANCAISE (P.E.S) -- pour bacheliers MOSTAGANEM,U28,ECOLE NORMALE SUPERIEURE DE MOSTAGANEM,14.3,value,15.04,value,,not_applicable,173
H01PSL01,LANGUE FRANCAISE (P.E.S) -- pour bacheliers MASCARA,U28,ECOLE NORMALE SUPERIEURE DE MOSTAGANEM,15.32,value,15.65,value,,not_applicable,173
H01PSL01,LANGUE FRANCAISE (P.E.S) -- pour bacheliers TISSEMSILT,U28,ECOLE NORMALE SUPERIEURE DE MOSTAGANEM,15.17,value,16.1,value,,not_applicable,173
H01PSL01,LANGUE FRANCAISE (P.E.S) -- pour bacheliers RELIZANE,U28,ECOLE NORMALE SUPERIEURE DE MOSTAGANEM,15.07,value,15.78,value,,not_applicable,173
L00PML01,LANGUE ET LITTERATURE ARABES (P.E.M) -- pour bacheliers MOSTAGANEM,U28,ECOLE NORMALE SUPERIEURE DE MOSTAGANEM,14.0,value,14.48,value,,not_applicable,173
L00PSL01,LANGUE ET LITTERATURE ARABES (P.E.S) -- pour bacheliers MOSTAGANEM,U28,ECOLE NORMALE SUPERIEURE DE MOSTAGANEM,14.96,value,15.53,value,,not_applicable,173
L00PSL01,LANGUE ET LITTERATURE ARABES (P.E.S) -- pour bacheliers TISSEMSILT,U28,ECOLE NORMALE SUPERIEURE DE MOSTAGANEM,15.33,value,16.0,value,,not_applicable,173
L00PSL01,LANGUE ET LITTERATURE ARABES (P.E.S) -- pour bacheliers RELIZANE,U28,ECOLE NORMALE SUPERIEURE DE MOSTAGANEM,15.37,value,16.17,value,,not_applicable,173
H01PML01,LANGUE FRANCAISE (P.E.M) -- pour bacheliers MSILA,B30,UNIVERSITE DE M SILA (ECOLE NORMALE SUPERIEURE DE BOU SAADA),,NC,,NC,,not_applicable,174
H01PPL01,FRANCAIS (P.E.P) -- pour bacheliers MSILA,B30,UNIVERSITE DE M SILA (ECOLE NORMALE SUPERIEURE DE BOU SAADA),13.02,value,13.65,value,,not_applicable,174
H06PML01,LANGUE ANGLAISE (P.E.M) -- pour bacheliers MSILA,B30,UNIVERSITE DE M SILA (ECOLE NORMALE SUPERIEURE DE BOU SAADA),14.6,value,15.31,value,,not_applicable,174
H06PPL01,LANGUE ANGLAISE (P.E.P) -- pour bacheliers BISKRA,B30,UNIVERSITE DE M SILA (ECOLE NORMALE SUPERIEURE DE BOU SAADA),13.73,value,14.43,value,,not_applicable,174
H06PPL01,LANGUE ANGLAISE (P.E.P) -- pour bacheliers MSILA,B30,UNIVERSITE DE M SILA (ECOLE NORMALE SUPERIEURE DE BOU SAADA),14.96,value,15.82,value,,not_applicable,174
H06PPL01,LANGUE ANGLAISE (P.E.P) -- pour bacheliers B.B.ARRERIDJ,B30,UNIVERSITE DE M SILA (ECOLE NORMALE SUPERIEURE DE BOU SAADA),14.57,value,15.2,value,,not_applicable,174
H06PPL01,LANGUE ANGLAISE (P.E.P) -- pour bacheliers OULED DJELLAL,B30,UNIVERSITE DE M SILA (ECOLE NORMALE SUPERIEURE DE BOU SAADA),13.21,value,13.49,value,,not_applicable,174
J00PML01,EDUCATION PHYSIQUE ET SPORTIVE (P.E.M) -- pour bacheliers BISKRA,B30,UNIVERSITE DE M SILA (ECOLE NORMALE SUPERIEURE DE BOU SAADA),14.27,value,,not_applicable,,not_applicable,174
J00PML01,EDUCATION PHYSIQUE ET SPORTIVE (P.E.M) -- pour bacheliers MSILA,B30,UNIVERSITE DE M SILA (ECOLE NORMALE SUPERIEURE DE BOU SAADA),14.92,value,,not_applicable,,not_applicable,174
J00PML01,EDUCATION PHYSIQUE ET SPORTIVE (P.E.M) -- pour bacheliers B.B.ARRERIDJ,B30,UNIVERSITE DE M SILA (ECOLE NORMALE SUPERIEURE DE BOU SAADA),13.76,value,,not_applicable,,not_applicable,174
J00PML01,EDUCATION PHYSIQUE ET SPORTIVE (P.E.M) -- pour bacheliers EL OUED,B30,UNIVERSITE DE M SILA (ECOLE NORMALE SUPERIEURE DE BOU SAADA),14.05,value,,not_applicable,,not_applicable,174
J00PML01,EDUCATION PHYSIQUE ET SPORTIVE (P.E.M) -- pour bacheliers EL MGHAIER,B30,UNIVERSITE DE M SILA (ECOLE NORMALE SUPERIEURE DE BOU SAADA),13.28,value,,not_applicable,,not_applicable,174
J00PPL01,EDUCATION PHYSIQUE ET SPORTIVE (P.E.P) -- pour bacheliers BISKRA,B30,UNIVERSITE DE M SILA (ECOLE NORMALE SUPERIEURE DE BOU SAADA),13.76,value,,not_applicable,,not_applicable,174
J00PPL01,EDUCATION PHYSIQUE ET SPORTIVE (P.E.P) -- pour bacheliers MSILA,B30,UNIVERSITE DE M SILA (ECOLE NORMALE SUPERIEURE DE BOU SAADA),14.71,value,,not_applicable,,not_applicable,174
J00PPL01,EDUCATION PHYSIQUE ET SPORTIVE (P.E.P) -- pour bacheliers B.B.ARRERIDJ,B30,UNIVERSITE DE M SILA (ECOLE NORMALE SUPERIEURE DE BOU SAADA),14.24,value,,not_applicable,,not_applicable,175
J00PPL01,EDUCATION PHYSIQUE ET SPORTIVE (P.E.P) -- pour bacheliers OULED DJELLAL,B30,UNIVERSITE DE M SILA (ECOLE NORMALE SUPERIEURE DE BOU SAADA),14.18,value,,not_applicable,,not_applicable,175
J00PSL01,EDUCATION PHYSIQUE ET SPORTIVE (P.E.S) -- pour bacheliers BISKRA,B30,UNIVERSITE DE M SILA (ECOLE NORMALE SUPERIEURE DE BOU SAADA),14.37,value,,not_applicable,,not_applicable,175
J00PSL01,EDUCATION PHYSIQUE ET SPORTIVE (P.E.S) -- pour bacheliers MSILA,B30,UNIVERSITE DE M SILA (ECOLE NORMALE SUPERIEURE DE BOU SAADA),15.77,value,,not_applicable,,not_applicable,175
J00PSL01,EDUCATION PHYSIQUE ET SPORTIVE (P.E.S) -- pour bacheliers B.B.ARRERIDJ,B30,UNIVERSITE DE M SILA (ECOLE NORMALE SUPERIEURE DE BOU SAADA),15.08,value,,not_applicable,,not_applicable,175
J00PSL01,EDUCATION PHYSIQUE ET SPORTIVE (P.E.S) -- pour bacheliers EL OUED,B30,UNIVERSITE DE M SILA (ECOLE NORMALE SUPERIEURE DE BOU SAADA),15.09,value,,not_applicable,,not_applicable,175
J00PSL01,EDUCATION PHYSIQUE ET SPORTIVE (P.E.S) -- pour bacheliers EL MGHAIER,B30,UNIVERSITE DE M SILA (ECOLE NORMALE SUPERIEURE DE BOU SAADA),14.03,value,,not_applicable,,not_applicable,175
L00PML01,LANGUE ET LITTERATURE ARABES (P.E.M) -- pour bacheliers MSILA,B30,UNIVERSITE DE M SILA (ECOLE NORMALE SUPERIEURE DE BOU SAADA),14.03,value,14.42,value,,not_applicable,175
L00PPL01,ARABE (P.E.P) -- pour bacheliers MSILA,B30,UNIVERSITE DE M SILA (ECOLE NORMALE SUPERIEURE DE BOU SAADA),13.41,value,14.07,value,,not_applicable,175
B00PML01,SCIENCES PHYSIQUE ET TECHNOLOGIE (P.E.M) -- pour bacheliers BISKRA,E48,ECOLE NORMALE SUPERIEURE DE BOU SAADA,14.55,value,14.96,value,,not_applicable,175
B00PML01,SCIENCES PHYSIQUE ET TECHNOLOGIE (P.E.M) -- pour bacheliers MSILA,E48,ECOLE NORMALE SUPERIEURE DE BOU SAADA,15.25,value,16.09,value,,not_applicable,175
B00PML01,SCIENCES PHYSIQUE ET TECHNOLOGIE (P.E.M) -- pour bacheliers OULED DJELLAL,E48,ECOLE NORMALE SUPERIEURE DE BOU SAADA,15.0,value,,none_assigned,,not_applicable,175
B00PSL01,SCIENCES PHYSIQUES (P.E.S.) -- pour bacheliers MSILA,E48,ECOLE NORMALE SUPERIEURE DE BOU SAADA,15.91,value,16.77,value,,not_applicable,175
C02PML01,MATHEMATIQUES (P.E.M) -- pour bacheliers MSILA,E48,ECOLE NORMALE SUPERIEURE DE BOU SAADA,15.1,value,15.83,value,,not_applicable,175
C02PML01,MATHEMATIQUES (P.E.M) -- pour bacheliers OULED DJELLAL,E48,ECOLE NORMALE SUPERIEURE DE BOU SAADA,14.06,value,14.27,value,,not_applicable,175
C02PSL01,MATHEMATIQUES (P.E.S.) -- pour bacheliers MSILA,E48,ECOLE NORMALE SUPERIEURE DE BOU SAADA,15.9,value,16.7,value,,not_applicable,176
C02PSL01,MATHEMATIQUES (P.E.S.) -- pour bacheliers OULED DJELLAL,E48,ECOLE NORMALE SUPERIEURE DE BOU SAADA,15.71,value,16.43,value,,not_applicable,176
H01PSL01,LANGUE FRANCAISE (P.E.S) -- pour bacheliers MSILA,E48,ECOLE NORMALE SUPERIEURE DE BOU SAADA,14.09,value,14.33,value,,not_applicable,176
H01PSL01,LANGUE FRANCAISE (P.E.S) -- pour bacheliers OULED DJELLAL,E48,ECOLE NORMALE SUPERIEURE DE BOU SAADA,,NC,,NC,,not_applicable,176
L00PSL01,LANGUE ET LITTERATURE ARABES (P.E.S) -- pour bacheliers MSILA,E48,ECOLE NORMALE SUPERIEURE DE BOU SAADA,15.38,value,16.06,value,,not_applicable,176
A05PSL01,TECHNIQUE (P.E.S) OPTION : GENIE CIVIL -- pour bacheliers ADRAR,B11,ANNEXE MASCARA (ECOLE NORMALE SUPERIEURE DE SAIDA),16.65,value,,none_assigned,,not_applicable,176
A05PSL01,TECHNIQUE (P.E.S) OPTION : GENIE CIVIL -- pour bacheliers CHLEF,B11,ANNEXE MASCARA (ECOLE NORMALE SUPERIEURE DE SAIDA),14.49,value,,none_assigned,,not_applicable,176
A05PSL01,TECHNIQUE (P.E.S) OPTION : GENIE CIVIL -- pour bacheliers BECHAR,B11,ANNEXE MASCARA (ECOLE NORMALE SUPERIEURE DE SAIDA),,NC,,NC,,not_applicable,176
A05PSL01,TECHNIQUE (P.E.S) OPTION : GENIE CIVIL -- pour bacheliers TLEMCEN,B11,ANNEXE MASCARA (ECOLE NORMALE SUPERIEURE DE SAIDA),15.11,value,,none_assigned,,not_applicable,176
A05PSL01,TECHNIQUE (P.E.S) OPTION : GENIE CIVIL -- pour bacheliers TIARET,B11,ANNEXE MASCARA (ECOLE NORMALE SUPERIEURE DE SAIDA),15.87,value,,none_assigned,,not_applicable,176
A05PSL01,TECHNIQUE (P.E.S) OPTION : GENIE CIVIL -- pour bacheliers DJELFA,B11,ANNEXE MASCARA (ECOLE NORMALE SUPERIEURE DE SAIDA),14.49,value,,none_assigned,,not_applicable,176
A05PSL01,TECHNIQUE (P.E.S) OPTION : GENIE CIVIL -- pour bacheliers SAIDA,B11,ANNEXE MASCARA (ECOLE NORMALE SUPERIEURE DE SAIDA),15.62,value,,none_assigned,,not_applicable,176
A05PSL01,TECHNIQUE (P.E.S) OPTION : GENIE CIVIL -- pour bacheliers SIDIBEL-ABBES,B11,ANNEXE MASCARA (ECOLE NORMALE SUPERIEURE DE SAIDA),16.18,value,,none_assigned,,not_applicable,176
A05PSL01,TECHNIQUE (P.E.S) OPTION : GENIE CIVIL -- pour bacheliers MEDEA,B11,ANNEXE MASCARA (ECOLE NORMALE SUPERIEURE DE SAIDA),15.07,value,,none_assigned,,not_applicable,176
A05PSL01,TECHNIQUE (P.E.S) OPTION : GENIE CIVIL -- pour bacheliers MOSTAGANEM,B11,ANNEXE MASCARA (ECOLE NORMALE SUPERIEURE DE SAIDA),15.93,value,,none_assigned,,not_applicable,176
A05PSL01,TECHNIQUE (P.E.S) OPTION : GENIE CIVIL -- pour bacheliers MASCARA,B11,ANNEXE MASCARA (ECOLE NORMALE SUPERIEURE DE SAIDA),16.32,value,,none_assigned,,not_applicable,177
A05PSL01,TECHNIQUE (P.E.S) OPTION : GENIE CIVIL -- pour bacheliers ORAN,B11,ANNEXE MASCARA (ECOLE NORMALE SUPERIEURE DE SAIDA),14.66,value,,none_assigned,,not_applicable,177
A05PSL01,TECHNIQUE (P.E.S) OPTION : GENIE CIVIL -- pour bacheliers EL BAYADH,B11,ANNEXE MASCARA (ECOLE NORMALE SUPERIEURE DE SAIDA),15.23,value,,none_assigned,,not_applicable,177
A05PSL01,TECHNIQUE (P.E.S) OPTION : GENIE CIVIL -- pour bacheliers TINDOUF,B11,ANNEXE MASCARA (ECOLE NORMALE SUPERIEURE DE SAIDA),,none_assigned,14.13,value,,not_applicable,177
A05PSL01,TECHNIQUE (P.E.S) OPTION : GENIE CIVIL -- pour bacheliers TISSEMSILT,B11,ANNEXE MASCARA (ECOLE NORMALE SUPERIEURE DE SAIDA),17.7,value,,none_assigned,,not_applicable,177
A05PSL01,TECHNIQUE (P.E.S) OPTION : GENIE CIVIL -- pour bacheliers AIN-DEFLA,B11,ANNEXE MASCARA (ECOLE NORMALE SUPERIEURE DE SAIDA),16.3,value,,none_assigned,,not_applicable,177
A05PSL01,TECHNIQUE (P.E.S) OPTION : GENIE CIVIL -- pour bacheliers NAAMA,B11,ANNEXE MASCARA (ECOLE NORMALE SUPERIEURE DE SAIDA),15.74,value,,none_assigned,,not_applicable,177
A05PSL01,TECHNIQUE (P.E.S) OPTION : GENIE CIVIL -- pour bacheliers AIN-TEMOUCHENT,B11,ANNEXE MASCARA (ECOLE NORMALE SUPERIEURE DE SAIDA),15.66,value,,none_assigned,,not_applicable,177
A05PSL01,TECHNIQUE (P.E.S) OPTION : GENIE CIVIL -- pour bacheliers RELIZANE,B11,ANNEXE MASCARA (ECOLE NORMALE SUPERIEURE DE SAIDA),17.06,value,,none_assigned,,not_applicable,177
A05PSL01,TECHNIQUE (P.E.S) OPTION : GENIE CIVIL -- pour bacheliers BENI ABBES,B11,ANNEXE MASCARA (ECOLE NORMALE SUPERIEURE DE SAIDA),,none_assigned,14.17,value,,not_applicable,177
A05PSL01,TECHNIQUE (P.E.S) OPTION : GENIE CIVIL -- pour bacheliers IN SALAH,B11,ANNEXE MASCARA (ECOLE NORMALE SUPERIEURE DE SAIDA),,NC,,NC,,not_applicable,177
A08PSL01,TECHNIQUE (P.E.S) OPTION : GENIE DES PROCEDES -- pour bacheliers ADRAR,B11,ANNEXE MASCARA (ECOLE NORMALE SUPERIEURE DE SAIDA),14.08,value,,none_assigned,,not_applicable,177
A08PSL01,TECHNIQUE (P.E.S) OPTION : GENIE DES PROCEDES -- pour bacheliers CHLEF,B11,ANNEXE MASCARA (ECOLE NORMALE SUPERIEURE DE SAIDA),,none_assigned,,none_assigned,,not_applicable,177
A08PSL01,TECHNIQUE (P.E.S) OPTION : GENIE DES PROCEDES -- pour bacheliers BECHAR,B11,ANNEXE MASCARA (ECOLE NORMALE SUPERIEURE DE SAIDA),,NC,,NC,,not_applicable,177
A08PSL01,TECHNIQUE (P.E.S) OPTION : GENIE DES PROCEDES -- pour bacheliers TLEMCEN,B11,ANNEXE MASCARA (ECOLE NORMALE SUPERIEURE DE SAIDA),14.73,value,,none_assigned,,not_applicable,178
A08PSL01,TECHNIQUE (P.E.S) OPTION : GENIE DES PROCEDES -- pour bacheliers TIARET,B11,ANNEXE MASCARA (ECOLE NORMALE SUPERIEURE DE SAIDA),15.12,value,,none_assigned,,not_applicable,178
A08PSL01,TECHNIQUE (P.E.S) OPTION : GENIE DES PROCEDES -- pour bacheliers DJELFA,B11,ANNEXE MASCARA (ECOLE NORMALE SUPERIEURE DE SAIDA),16.3,value,,none_assigned,,not_applicable,178
A08PSL01,TECHNIQUE (P.E.S) OPTION : GENIE DES PROCEDES -- pour bacheliers SAIDA,B11,ANNEXE MASCARA (ECOLE NORMALE SUPERIEURE DE SAIDA),16.05,value,,none_assigned,,not_applicable,178
A08PSL01,TECHNIQUE (P.E.S) OPTION : GENIE DES PROCEDES -- pour bacheliers SIDIBEL-ABBES,B11,ANNEXE MASCARA (ECOLE NORMALE SUPERIEURE DE SAIDA),,none_assigned,,none_assigned,,not_applicable,178
A08PSL01,TECHNIQUE (P.E.S) OPTION : GENIE DES PROCEDES -- pour bacheliers MEDEA,B11,ANNEXE MASCARA (ECOLE NORMALE SUPERIEURE DE SAIDA),16.42,value,,none_assigned,,not_applicable,178
A08PSL01,TECHNIQUE (P.E.S) OPTION : GENIE DES PROCEDES -- pour bacheliers MOSTAGANEM,B11,ANNEXE MASCARA (ECOLE NORMALE SUPERIEURE DE SAIDA),16.52,value,,none_assigned,,not_applicable,178
A08PSL01,TECHNIQUE (P.E.S) OPTION : GENIE DES PROCEDES -- pour bacheliers MASCARA,B11,ANNEXE MASCARA (ECOLE NORMALE SUPERIEURE DE SAIDA),16.29,value,,none_assigned,,not_applicable,178
A08PSL01,TECHNIQUE (P.E.S) OPTION : GENIE DES PROCEDES -- pour bacheliers ORAN,B11,ANNEXE MASCARA (ECOLE NORMALE SUPERIEURE DE SAIDA),,NC,,NC,,not_applicable,178
A08PSL01,TECHNIQUE (P.E.S) OPTION : GENIE DES PROCEDES -- pour bacheliers EL BAYADH,B11,ANNEXE MASCARA (ECOLE NORMALE SUPERIEURE DE SAIDA),,none_assigned,15.46,value,,not_applicable,178
A08PSL01,TECHNIQUE (P.E.S) OPTION : GENIE DES PROCEDES -- pour bacheliers TINDOUF,B11,ANNEXE MASCARA (ECOLE NORMALE SUPERIEURE DE SAIDA),,none_assigned,14.36,value,,not_applicable,178
A08PSL01,TECHNIQUE (P.E.S) OPTION : GENIE DES PROCEDES -- pour bacheliers TISSEMSILT,B11,ANNEXE MASCARA (ECOLE NORMALE SUPERIEURE DE SAIDA),15.7,value,,none_assigned,,not_applicable,178
A08PSL01,TECHNIQUE (P.E.S) OPTION : GENIE DES PROCEDES -- pour bacheliers AIN-DEFLA,B11,ANNEXE MASCARA (ECOLE NORMALE SUPERIEURE DE SAIDA),15.67,value,,none_assigned,,not_applicable,178
A08PSL01,TECHNIQUE (P.E.S) OPTION : GENIE DES PROCEDES -- pour bacheliers NAAMA,B11,ANNEXE MASCARA (ECOLE NORMALE SUPERIEURE DE SAIDA),15.23,value,,none_assigned,,not_applicable,178
A08PSL01,TECHNIQUE (P.E.S) OPTION : GENIE DES PROCEDES -- pour bacheliers AIN-TEMOUCHENT,B11,ANNEXE MASCARA (ECOLE NORMALE SUPERIEURE DE SAIDA),14.94,value,15.53,value,,not_applicable,179
A08PSL01,TECHNIQUE (P.E.S) OPTION : GENIE DES PROCEDES -- pour bacheliers RELIZANE,B11,ANNEXE MASCARA (ECOLE NORMALE SUPERIEURE DE SAIDA),16.3,value,17.59,value,,not_applicable,179
A08PSL01,TECHNIQUE (P.E.S) OPTION : GENIE DES PROCEDES -- pour bacheliers BENI ABBES,B11,ANNEXE MASCARA (ECOLE NORMALE SUPERIEURE DE SAIDA),,none_assigned,,none_assigned,,not_applicable,179
A08PSL01,TECHNIQUE (P.E.S) OPTION : GENIE DES PROCEDES -- pour bacheliers IN SALAH,B11,ANNEXE MASCARA (ECOLE NORMALE SUPERIEURE DE SAIDA),,NC,,NC,,not_applicable,179
A16PSL01,TECHNIQUE (P.E.S) OPTION : GENIE ELECTRIQUE -- pour bacheliers ADRAR,B11,ANNEXE MASCARA (ECOLE NORMALE SUPERIEURE DE SAIDA),15.98,value,,none_assigned,,not_applicable,179
A16PSL01,TECHNIQUE (P.E.S) OPTION : GENIE ELECTRIQUE -- pour bacheliers CHLEF,B11,ANNEXE MASCARA (ECOLE NORMALE SUPERIEURE DE SAIDA),15.69,value,,none_assigned,,not_applicable,179
A16PSL01,TECHNIQUE (P.E.S) OPTION : GENIE ELECTRIQUE -- pour bacheliers BECHAR,B11,ANNEXE MASCARA (ECOLE NORMALE SUPERIEURE DE SAIDA),,none_assigned,14.66,value,,not_applicable,179
A16PSL01,TECHNIQUE (P.E.S) OPTION : GENIE ELECTRIQUE -- pour bacheliers TLEMCEN,B11,ANNEXE MASCARA (ECOLE NORMALE SUPERIEURE DE SAIDA),14.94,value,,none_assigned,,not_applicable,179
A16PSL01,TECHNIQUE (P.E.S) OPTION : GENIE ELECTRIQUE -- pour bacheliers TIARET,B11,ANNEXE MASCARA (ECOLE NORMALE SUPERIEURE DE SAIDA),15.75,value,,none_assigned,,not_applicable,179
A16PSL01,TECHNIQUE (P.E.S) OPTION : GENIE ELECTRIQUE -- pour bacheliers DJELFA,B11,ANNEXE MASCARA (ECOLE NORMALE SUPERIEURE DE SAIDA),15.23,value,,none_assigned,,not_applicable,179
A16PSL01,TECHNIQUE (P.E.S) OPTION : GENIE ELECTRIQUE -- pour bacheliers SAIDA,B11,ANNEXE MASCARA (ECOLE NORMALE SUPERIEURE DE SAIDA),14.82,value,,none_assigned,,not_applicable,179
A16PSL01,TECHNIQUE (P.E.S) OPTION : GENIE ELECTRIQUE -- pour bacheliers SIDIBEL-ABBES,B11,ANNEXE MASCARA (ECOLE NORMALE SUPERIEURE DE SAIDA),14.25,value,14.36,value,,not_applicable,179
A16PSL01,TECHNIQUE (P.E.S) OPTION : GENIE ELECTRIQUE -- pour bacheliers MEDEA,B11,ANNEXE MASCARA (ECOLE NORMALE SUPERIEURE DE SAIDA),17.29,value,,none_assigned,,not_applicable,179
A16PSL01,TECHNIQUE (P.E.S) OPTION : GENIE ELECTRIQUE -- pour bacheliers MOSTAGANEM,B11,ANNEXE MASCARA (ECOLE NORMALE SUPERIEURE DE SAIDA),15.52,value,,none_assigned,,not_applicable,179
A16PSL01,TECHNIQUE (P.E.S) OPTION : GENIE ELECTRIQUE -- pour bacheliers MASCARA,B11,ANNEXE MASCARA (ECOLE NORMALE SUPERIEURE DE SAIDA),16.05,value,,none_assigned,,not_applicable,180
A16PSL01,TECHNIQUE (P.E.S) OPTION : GENIE ELECTRIQUE -- pour bacheliers ORAN,B11,ANNEXE MASCARA (ECOLE NORMALE SUPERIEURE DE SAIDA),15.23,value,,none_assigned,,not_applicable,180
A16PSL01,TECHNIQUE (P.E.S) OPTION : GENIE ELECTRIQUE -- pour bacheliers EL BAYADH,B11,ANNEXE MASCARA (ECOLE NORMALE SUPERIEURE DE SAIDA),14.21,value,,none_assigned,,not_applicable,180
A16PSL01,TECHNIQUE (P.E.S) OPTION : GENIE ELECTRIQUE -- pour bacheliers TINDOUF,B11,ANNEXE MASCARA (ECOLE NORMALE SUPERIEURE DE SAIDA),,NC,,NC,,not_applicable,180
A16PSL01,TECHNIQUE (P.E.S) OPTION : GENIE ELECTRIQUE -- pour bacheliers TISSEMSILT,B11,ANNEXE MASCARA (ECOLE NORMALE SUPERIEURE DE SAIDA),,none_assigned,,none_assigned,,not_applicable,180
A16PSL01,TECHNIQUE (P.E.S) OPTION : GENIE ELECTRIQUE -- pour bacheliers AIN-DEFLA,B11,ANNEXE MASCARA (ECOLE NORMALE SUPERIEURE DE SAIDA),15.41,value,,none_assigned,,not_applicable,180
A16PSL01,TECHNIQUE (P.E.S) OPTION : GENIE ELECTRIQUE -- pour bacheliers NAAMA,B11,ANNEXE MASCARA (ECOLE NORMALE SUPERIEURE DE SAIDA),14.45,value,,none_assigned,,not_applicable,180
A16PSL01,TECHNIQUE (P.E.S) OPTION : GENIE ELECTRIQUE -- pour bacheliers AIN-TEMOUCHENT,B11,ANNEXE MASCARA (ECOLE NORMALE SUPERIEURE DE SAIDA),15.11,value,,none_assigned,,not_applicable,180
A16PSL01,TECHNIQUE (P.E.S) OPTION : GENIE ELECTRIQUE -- pour bacheliers RELIZANE,B11,ANNEXE MASCARA (ECOLE NORMALE SUPERIEURE DE SAIDA),16.1,value,,none_assigned,,not_applicable,180
A16PSL01,TECHNIQUE (P.E.S) OPTION : GENIE ELECTRIQUE -- pour bacheliers BENI ABBES,B11,ANNEXE MASCARA (ECOLE NORMALE SUPERIEURE DE SAIDA),,NC,,NC,,not_applicable,180
A16PSL01,TECHNIQUE (P.E.S) OPTION : GENIE ELECTRIQUE -- pour bacheliers IN SALAH,B11,ANNEXE MASCARA (ECOLE NORMALE SUPERIEURE DE SAIDA),,none_assigned,,none_assigned,,not_applicable,180
A19PSL01,TECHNIQUE (P.E.S) OPTION : GENIE MECANIQUE -- pour bacheliers ADRAR,B11,ANNEXE MASCARA (ECOLE NORMALE SUPERIEURE DE SAIDA),,none_assigned,,none_assigned,,not_applicable,180
A19PSL01,TECHNIQUE (P.E.S) OPTION : GENIE MECANIQUE -- pour bacheliers CHLEF,B11,ANNEXE MASCARA (ECOLE NORMALE SUPERIEURE DE SAIDA),,none_assigned,,none_assigned,,not_applicable,180
A19PSL01,TECHNIQUE (P.E.S) OPTION : GENIE MECANIQUE -- pour bacheliers BECHAR,B11,ANNEXE MASCARA (ECOLE NORMALE SUPERIEURE DE SAIDA),,NC,,NC,,not_applicable,180
A19PSL01,TECHNIQUE (P.E.S) OPTION : GENIE MECANIQUE -- pour bacheliers TLEMCEN,B11,ANNEXE MASCARA (ECOLE NORMALE SUPERIEURE DE SAIDA),15.5,value,,none_assigned,,not_applicable,181
A19PSL01,TECHNIQUE (P.E.S) OPTION : GENIE MECANIQUE -- pour bacheliers TIARET,B11,ANNEXE MASCARA (ECOLE NORMALE SUPERIEURE DE SAIDA),15.3,value,,none_assigned,,not_applicable,181
A19PSL01,TECHNIQUE (P.E.S) OPTION : GENIE MECANIQUE -- pour bacheliers DJELFA,B11,ANNEXE MASCARA (ECOLE NORMALE SUPERIEURE DE SAIDA),,none_assigned,,none_assigned,,not_applicable,181
A19PSL01,TECHNIQUE (P.E.S) OPTION : GENIE MECANIQUE -- pour bacheliers SAIDA,B11,ANNEXE MASCARA (ECOLE NORMALE SUPERIEURE DE SAIDA),14.02,value,14.4,value,,not_applicable,181
A19PSL01,TECHNIQUE (P.E.S) OPTION : GENIE MECANIQUE -- pour bacheliers SIDIBEL-ABBES,B11,ANNEXE MASCARA (ECOLE NORMALE SUPERIEURE DE SAIDA),14.81,value,,none_assigned,,not_applicable,181
A19PSL01,TECHNIQUE (P.E.S) OPTION : GENIE MECANIQUE -- pour bacheliers MEDEA,B11,ANNEXE MASCARA (ECOLE NORMALE SUPERIEURE DE SAIDA),15.17,value,,none_assigned,,not_applicable,181
A19PSL01,TECHNIQUE (P.E.S) OPTION : GENIE MECANIQUE -- pour bacheliers MOSTAGANEM,B11,ANNEXE MASCARA (ECOLE NORMALE SUPERIEURE DE SAIDA),16.73,value,,none_assigned,,not_applicable,181
A19PSL01,TECHNIQUE (P.E.S) OPTION : GENIE MECANIQUE -- pour bacheliers MASCARA,B11,ANNEXE MASCARA (ECOLE NORMALE SUPERIEURE DE SAIDA),15.94,value,,none_assigned,,not_applicable,181
A19PSL01,TECHNIQUE (P.E.S) OPTION : GENIE MECANIQUE -- pour bacheliers ORAN,B11,ANNEXE MASCARA (ECOLE NORMALE SUPERIEURE DE SAIDA),14.27,value,14.05,value,,not_applicable,181
A19PSL01,TECHNIQUE (P.E.S) OPTION : GENIE MECANIQUE -- pour bacheliers EL BAYADH,B11,ANNEXE MASCARA (ECOLE NORMALE SUPERIEURE DE SAIDA),14.23,value,14.61,value,,not_applicable,181
A19PSL01,TECHNIQUE (P.E.S) OPTION : GENIE MECANIQUE -- pour bacheliers TINDOUF,B11,ANNEXE MASCARA (ECOLE NORMALE SUPERIEURE DE SAIDA),,none_assigned,,none_assigned,,not_applicable,181
A19PSL01,TECHNIQUE (P.E.S) OPTION : GENIE MECANIQUE -- pour bacheliers TISSEMSILT,B11,ANNEXE MASCARA (ECOLE NORMALE SUPERIEURE DE SAIDA),16.58,value,,none_assigned,,not_applicable,181
A19PSL01,TECHNIQUE (P.E.S) OPTION : GENIE MECANIQUE -- pour bacheliers AIN-DEFLA,B11,ANNEXE MASCARA (ECOLE NORMALE SUPERIEURE DE SAIDA),14.3,value,,none_assigned,,not_applicable,181
A19PSL01,TECHNIQUE (P.E.S) OPTION : GENIE MECANIQUE -- pour bacheliers NAAMA,B11,ANNEXE MASCARA (ECOLE NORMALE SUPERIEURE DE SAIDA),,none_assigned,14.55,value,,not_applicable,181
A19PSL01,TECHNIQUE (P.E.S) OPTION : GENIE MECANIQUE -- pour bacheliers AIN-TEMOUCHENT,B11,ANNEXE MASCARA (ECOLE NORMALE SUPERIEURE DE SAIDA),15.66,value,,none_assigned,,not_applicable,182
A19PSL01,TECHNIQUE (P.E.S) OPTION : GENIE MECANIQUE -- pour bacheliers RELIZANE,B11,ANNEXE MASCARA (ECOLE NORMALE SUPERIEURE DE SAIDA),15.73,value,,none_assigned,,not_applicable,182
A19PSL01,TECHNIQUE (P.E.S) OPTION : GENIE MECANIQUE -- pour bacheliers BENI ABBES,B11,ANNEXE MASCARA (ECOLE NORMALE SUPERIEURE DE SAIDA),,none_assigned,,none_assigned,,not_applicable,182
A19PSL01,TECHNIQUE (P.E.S) OPTION : GENIE MECANIQUE -- pour bacheliers IN SALAH,B11,ANNEXE MASCARA (ECOLE NORMALE SUPERIEURE DE SAIDA),,none_assigned,,none_assigned,,not_applicable,182
C01PML01,INFORMATIQUE (P.E.M) -- pour bacheliers SAIDA,B11,ANNEXE MASCARA (ECOLE NORMALE SUPERIEURE DE SAIDA),,NC,,NC,,not_applicable,182
C01PML01,INFORMATIQUE (P.E.M) -- pour bacheliers SIDIBEL-ABBES,B11,ANNEXE MASCARA (ECOLE NORMALE SUPERIEURE DE SAIDA),,NC,,NC,,not_applicable,182
C01PML01,INFORMATIQUE (P.E.M) -- pour bacheliers MOSTAGANEM,B11,ANNEXE MASCARA (ECOLE NORMALE SUPERIEURE DE SAIDA),,NC,,NC,,not_applicable,182
C01PML01,INFORMATIQUE (P.E.M) -- pour bacheliers MASCARA,B11,ANNEXE MASCARA (ECOLE NORMALE SUPERIEURE DE SAIDA),15.87,value,,none_assigned,,not_applicable,182
C01PML01,INFORMATIQUE (P.E.M) -- pour bacheliers RELIZANE,B11,ANNEXE MASCARA (ECOLE NORMALE SUPERIEURE DE SAIDA),15.03,value,15.85,value,,not_applicable,182
H06PPL01,LANGUE ANGLAISE (P.E.P) -- pour bacheliers MASCARA,B11,ANNEXE MASCARA (ECOLE NORMALE SUPERIEURE DE SAIDA),14.7,value,15.44,value,,not_applicable,182
H06PPL01,LANGUE ANGLAISE (P.E.P) -- pour bacheliers TISSEMSILT,B11,ANNEXE MASCARA (ECOLE NORMALE SUPERIEURE DE SAIDA),14.34,value,15.06,value,,not_applicable,182
H06PPL01,LANGUE ANGLAISE (P.E.P) -- pour bacheliers AIN- TEMOUCHENT,B11,ANNEXE MASCARA (ECOLE NORMALE SUPERIEURE DE SAIDA),13.72,value,14.42,value,,not_applicable,182
H06PPL01,LANGUE ANGLAISE (P.E.P) -- pour bacheliers RELIZANE,B11,ANNEXE MASCARA (ECOLE NORMALE SUPERIEURE DE SAIDA),14.39,value,15.1,value,,not_applicable,182
I00PML01,HISTOIRE GEOGRAPHIE (P.E.M) -- pour bacheliers SAIDA,B11,ANNEXE MASCARA (ECOLE NORMALE SUPERIEURE DE SAIDA),,NC,,NC,,not_applicable,182
I00PML01,HISTOIRE GEOGRAPHIE (P.E.M) -- pour bacheliers MOSTAGANEM,B11,ANNEXE MASCARA (ECOLE NORMALE SUPERIEURE DE SAIDA),,NC,,NC,,not_applicable,183
I00PML01,HISTOIRE GEOGRAPHIE (P.E.M) -- pour bacheliers MASCARA,B11,ANNEXE MASCARA (ECOLE NORMALE SUPERIEURE DE SAIDA),14.63,value,15.37,value,,not_applicable,183
I13PSL01,PHILOSOPHIE (P.E.S) -- pour bacheliers CHLEF,B11,ANNEXE MASCARA (ECOLE NORMALE SUPERIEURE DE SAIDA),13.42,value,,not_applicable,,not_applicable,183
I13PSL01,PHILOSOPHIE (P.E.S) -- pour bacheliers TIARET,B11,ANNEXE MASCARA (ECOLE NORMALE SUPERIEURE DE SAIDA),13.97,value,,not_applicable,,not_applicable,183
I13PSL01,PHILOSOPHIE (P.E.S) -- pour bacheliers SAIDA,B11,ANNEXE MASCARA (ECOLE NORMALE SUPERIEURE DE SAIDA),13.31,value,,not_applicable,,not_applicable,183
I13PSL01,PHILOSOPHIE (P.E.S) -- pour bacheliers SIDIBEL-ABBES,B11,ANNEXE MASCARA (ECOLE NORMALE SUPERIEURE DE SAIDA),13.46,value,,not_applicable,,not_applicable,183
I13PSL01,PHILOSOPHIE (P.E.S) -- pour bacheliers MOSTAGANEM,B11,ANNEXE MASCARA (ECOLE NORMALE SUPERIEURE DE SAIDA),13.43,value,,not_applicable,,not_applicable,183
I13PSL01,PHILOSOPHIE (P.E.S) -- pour bacheliers MASCARA,B11,ANNEXE MASCARA (ECOLE NORMALE SUPERIEURE DE SAIDA),14.87,value,,not_applicable,,not_applicable,183
I13PSL01,PHILOSOPHIE (P.E.S) -- pour bacheliers EL BAYADH,B11,ANNEXE MASCARA (ECOLE NORMALE SUPERIEURE DE SAIDA),13.05,value,,not_applicable,,not_applicable,183
I13PSL01,PHILOSOPHIE (P.E.S) -- pour bacheliers TISSEMSILT,B11,ANNEXE MASCARA (ECOLE NORMALE SUPERIEURE DE SAIDA),14.46,value,,not_applicable,,not_applicable,183
I13PSL01,PHILOSOPHIE (P.E.S) -- pour bacheliers RELIZANE,B11,ANNEXE MASCARA (ECOLE NORMALE SUPERIEURE DE SAIDA),14.79,value,,not_applicable,,not_applicable,183
L00PML01,LANGUE ET LITTERATURE ARABES (P.E.M) -- pour bacheliers MASCARA,B11,ANNEXE MASCARA (ECOLE NORMALE SUPERIEURE DE SAIDA),14.54,value,15.23,value,,not_applicable,183
L00PPL01,ARABE (P.E.P) -- pour bacheliers MASCARA,B11,ANNEXE MASCARA (ECOLE NORMALE SUPERIEURE DE SAIDA),13.08,value,13.8,value,,not_applicable,183
L00PPL01,ARABE (P.E.P) -- pour bacheliers OUARGLA,B32,UNIVERSITE DE OUARGLA (ECOLE NORMALE SUPERIEURE DE OUARGLA),,NC,,NC,,not_applicable,183
L00PPL01,ARABE (P.E.P) -- pour bacheliers TOUGGOURT,B32,UNIVERSITE DE OUARGLA (ECOLE NORMALE SUPERIEURE DE OUARGLA),,NC,,NC,,not_applicable,184
L00PPL01,ARABE (P.E.P) -- pour bacheliers EL MENIAA,B32,UNIVERSITE DE OUARGLA (ECOLE NORMALE SUPERIEURE DE OUARGLA),,NC,,NC,,not_applicable,184
B00PML01,SCIENCES PHYSIQUE ET TECHNOLOGIE (P.E.M) -- pour bacheliers OUARGLA,E41,ECOLE NORMALE SUPERIEURE DE OUARGLA,14.3,value,14.59,value,,not_applicable,184
B00PSL01,SCIENCES PHYSIQUES (P.E.S.) -- pour bacheliers OUARGLA,E41,ECOLE NORMALE SUPERIEURE DE OUARGLA,16.24,value,,none_assigned,,not_applicable,184
B00PSL01,SCIENCES PHYSIQUES (P.E.S.) -- pour bacheliers GHARDAIA,E41,ECOLE NORMALE SUPERIEURE DE OUARGLA,15.27,value,17.09,value,,not_applicable,184
B00PSL01,SCIENCES PHYSIQUES (P.E.S.) -- pour bacheliers TOUGGOURT,E41,ECOLE NORMALE SUPERIEURE DE OUARGLA,,NC,,NC,,not_applicable,184
B00PSL01,SCIENCES PHYSIQUES (P.E.S.) -- pour bacheliers EL MENIAA,E41,ECOLE NORMALE SUPERIEURE DE OUARGLA,,NC,,NC,,not_applicable,184
C02PML01,MATHEMATIQUES (P.E.M) -- pour bacheliers OUARGLA,E41,ECOLE NORMALE SUPERIEURE DE OUARGLA,14.52,value,15.25,value,,not_applicable,184
C02PML01,MATHEMATIQUES (P.E.M) -- pour bacheliers TOUGGOURT,E41,ECOLE NORMALE SUPERIEURE DE OUARGLA,,NC,,NC,,not_applicable,184
C02PSL01,MATHEMATIQUES (P.E.S.) -- pour bacheliers OUARGLA,E41,ECOLE NORMALE SUPERIEURE DE OUARGLA,15.37,value,16.17,value,,not_applicable,184
C02PSL01,MATHEMATIQUES (P.E.S.) -- pour bacheliers TOUGGOURT,E41,ECOLE NORMALE SUPERIEURE DE OUARGLA,16.0,value,15.96,value,,not_applicable,184
D00PML01,SCIENCES NATURELLES (P.E.M) -- pour bacheliers OUARGLA,E41,ECOLE NORMALE SUPERIEURE DE OUARGLA,14.88,value,,not_applicable,,not_applicable,184
D00PML01,SCIENCES NATURELLES (P.E.M) -- pour bacheliers TOUGGOURT,E41,ECOLE NORMALE SUPERIEURE DE OUARGLA,14.4,value,,not_applicable,,not_applicable,184
D00PSL01,SCIENCES NATURELLES (P.E.S) -- pour bacheliers OUARGLA,E41,ECOLE NORMALE SUPERIEURE DE OUARGLA,15.81,value,,not_applicable,,not_applicable,184
D00PSL01,SCIENCES NATURELLES (P.E.S) -- pour bacheliers OULED DJELLAL,E41,ECOLE NORMALE SUPERIEURE DE OUARGLA,16.12,value,,not_applicable,,not_applicable,184
D00PSL01,SCIENCES NATURELLES (P.E.S) -- pour bacheliers TOUGGOURT,E41,ECOLE NORMALE SUPERIEURE DE OUARGLA,16.0,value,,not_applicable,,not_applicable,184
H01PML01,LANGUE FRANCAISE (P.E.M) -- pour bacheliers OUARGLA,E41,ECOLE NORMALE SUPERIEURE DE OUARGLA,,NC,,NC,,not_applicable,184
H01PML01,LANGUE FRANCAISE (P.E.M) -- pour bacheliers TOUGGOURT,E41,ECOLE NORMALE SUPERIEURE DE OUARGLA,,NC,,NC,,not_applicable,184
H01PPL01,FRANCAIS (P.E.P) -- pour bacheliers OUARGLA,E41,ECOLE NORMALE SUPERIEURE DE OUARGLA,,NC,,NC,,not_applicable,184
H01PPL01,FRANCAIS (P.E.P) -- pour bacheliers TOUGGOURT,E41,ECOLE NORMALE SUPERIEURE DE OUARGLA,,NC,,NC,,not_applicable,184
H01PSL01,LANGUE FRANCAISE (P.E.S) -- pour bacheliers OUARGLA,E41,ECOLE NORMALE SUPERIEURE DE OUARGLA,14.11,value,15.35,value,,not_applicable,185
H01PSL01,LANGUE FRANCAISE (P.E.S) -- pour bacheliers GHARDAIA,E41,ECOLE NORMALE SUPERIEURE DE OUARGLA,14.67,value,14.83,value,,not_applicable,185
H01PSL01,LANGUE FRANCAISE (P.E.S) -- pour bacheliers TOUGGOURT,E41,ECOLE NORMALE SUPERIEURE DE OUARGLA,,NC,,NC,,not_applicable,185
H01PSL01,LANGUE FRANCAISE (P.E.S) -- pour bacheliers EL MENIAA,E41,ECOLE NORMALE SUPERIEURE DE OUARGLA,,NC,,NC,,not_applicable,185
H06PML01,LANGUE ANGLAISE (P.E.M) -- pour bacheliers OUARGLA,E41,ECOLE NORMALE SUPERIEURE DE OUARGLA,15.1,value,,none_assigned,,not_applicable,185
H06PML01,LANGUE ANGLAISE (P.E.M) -- pour bacheliers EL OUED,E41,ECOLE NORMALE SUPERIEURE DE OUARGLA,14.01,value,14.25,value,,not_applicable,185
H06PML01,LANGUE ANGLAISE (P.E.M) -- pour bacheliers TOUGGOURT,E41,ECOLE NORMALE SUPERIEURE DE OUARGLA,,NC,,NC,,not_applicable,185
H06PPL01,LANGUE ANGLAISE (P.E.P) -- pour bacheliers OUARGLA,E41,ECOLE NORMALE SUPERIEURE DE OUARGLA,13.45,value,14.59,value,,not_applicable,185
H06PPL01,LANGUE ANGLAISE (P.E.P) -- pour bacheliers EL OUED,E41,ECOLE NORMALE SUPERIEURE DE OUARGLA,13.81,value,14.57,value,,not_applicable,185
H06PPL01,LANGUE ANGLAISE (P.E.P) -- pour bacheliers TOUGGOURT,E41,ECOLE NORMALE SUPERIEURE DE OUARGLA,13.52,value,14.22,value,,not_applicable,185
H06PSL01,LANGUE ANGLAISE (P.E.S) -- pour bacheliers BISKRA,E41,ECOLE NORMALE SUPERIEURE DE OUARGLA,14.17,value,14.48,value,,not_applicable,185
H06PSL01,LANGUE ANGLAISE (P.E.S) -- pour bacheliers OUARGLA,E41,ECOLE NORMALE SUPERIEURE DE OUARGLA,16.49,value,,none_assigned,,not_applicable,185
H06PSL01,LANGUE ANGLAISE (P.E.S) -- pour bacheliers EL OUED,E41,ECOLE NORMALE SUPERIEURE DE OUARGLA,15.23,value,15.88,value,,not_applicable,185
I00PML01,HISTOIRE GEOGRAPHIE (P.E.M) -- pour bacheliers OUARGLA,E41,ECOLE NORMALE SUPERIEURE DE OUARGLA,14.16,value,14.0,value,,not_applicable,185
I00PML01,HISTOIRE GEOGRAPHIE (P.E.M) -- pour bacheliers ILLIZI,E41,ECOLE NORMALE SUPERIEURE DE OUARGLA,,NC,,NC,,not_applicable,185
I00PML01,HISTOIRE GEOGRAPHIE (P.E.M) -- pour bacheliers TOUGGOURT,E41,ECOLE NORMALE SUPERIEURE DE OUARGLA,,NC,,NC,,not_applicable,185
I00PML01,HISTOIRE GEOGRAPHIE (P.E.M) -- pour bacheliers DJANET,E41,ECOLE NORMALE SUPERIEURE DE OUARGLA,,NC,,NC,,not_applicable,185
I00PSL01,HISTOIRE GEOGRAPHIE (P.E.S) -- pour bacheliers BISKRA,E41,ECOLE NORMALE SUPERIEURE DE OUARGLA,,NC,,NC,,not_applicable,185
I00PSL01,HISTOIRE GEOGRAPHIE (P.E.S) -- pour bacheliers OUARGLA,E41,ECOLE NORMALE SUPERIEURE DE OUARGLA,14.96,value,15.27,value,,not_applicable,185
I00PSL01,HISTOIRE GEOGRAPHIE (P.E.S) -- pour bacheliers ILLIZI,E41,ECOLE NORMALE SUPERIEURE DE OUARGLA,,NC,,NC,,not_applicable,185
J00PPL01,EDUCATION PHYSIQUE ET SPORTIVE (P.E.P) -- pour bacheliers OUARGLA,E41,ECOLE NORMALE SUPERIEURE DE OUARGLA,13.37,value,,not_applicable,,not_applicable,185
J00PPL01,EDUCATION PHYSIQUE ET SPORTIVE (P.E.P) -- pour bacheliers ILLIZI,E41,ECOLE NORMALE SUPERIEURE DE OUARGLA,12.69,value,,not_applicable,,not_applicable,185
J00PPL01,EDUCATION PHYSIQUE ET SPORTIVE (P.E.P) -- pour bacheliers EL OUED,E41,ECOLE NORMALE SUPERIEURE DE OUARGLA,13.98,value,,not_applicable,,not_applicable,186
J00PPL01,EDUCATION PHYSIQUE ET SPORTIVE (P.E.P) -- pour bacheliers TOUGGOURT,E41,ECOLE NORMALE SUPERIEURE DE OUARGLA,13.49,value,,not_applicable,,not_applicable,186
J00PPL01,EDUCATION PHYSIQUE ET SPORTIVE (P.E.P) -- pour bacheliers DJANET,E41,ECOLE NORMALE SUPERIEURE DE OUARGLA,10.23,value,,not_applicable,,not_applicable,186
J00PPL01,EDUCATION PHYSIQUE ET SPORTIVE (P.E.P) -- pour bacheliers EL MGHAIER,E41,ECOLE NORMALE SUPERIEURE DE OUARGLA,13.11,value,,not_applicable,,not_applicable,186
L00PML01,LANGUE ET LITTERATURE ARABES (P.E.M) -- pour bacheliers OUARGLA,E41,ECOLE NORMALE SUPERIEURE DE OUARGLA,,NC,,NC,,not_applicable,186
L00PSL01,LANGUE ET LITTERATURE ARABES (P.E.S) -- pour bacheliers BISKRA,E41,ECOLE NORMALE SUPERIEURE DE OUARGLA,14.46,value,14.23,value,,not_applicable,186
L00PSL01,LANGUE ET LITTERATURE ARABES (P.E.S) -- pour bacheliers OUARGLA,E41,ECOLE NORMALE SUPERIEURE DE OUARGLA,14.98,value,,none_assigned,,not_applicable,186
I02PSL01,SCIENCES ISLAMIQUES (PROFESSEUR DE L ENSEIGNEMENT SECONDAIRE) -- pour bacheliers ADRAR,B31,UNIVERSITE D ORAN 1 (ECOLE NORMALE SUPERIEURE D ORAN),15.01,value,,not_applicable,,not_applicable,186
I02PSL01,SCIENCES ISLAMIQUES (PROFESSEUR DE L ENSEIGNEMENT SECONDAIRE) -- pour bacheliers CHLEF,B31,UNIVERSITE D ORAN 1 (ECOLE NORMALE SUPERIEURE D ORAN),15.85,value,,not_applicable,,not_applicable,186
I02PSL01,SCIENCES ISLAMIQUES (PROFESSEUR DE L ENSEIGNEMENT SECONDAIRE) -- pour bacheliers BECHAR,B31,UNIVERSITE D ORAN 1 (ECOLE NORMALE SUPERIEURE D ORAN),14.55,value,,not_applicable,,not_applicable,186
I02PSL01,SCIENCES ISLAMIQUES (PROFESSEUR DE L ENSEIGNEMENT SECONDAIRE) -- pour bacheliers TLEMCEN,B31,UNIVERSITE D ORAN 1 (ECOLE NORMALE SUPERIEURE D ORAN),15.41,value,,not_applicable,,not_applicable,186
I02PSL01,SCIENCES ISLAMIQUES (PROFESSEUR DE L ENSEIGNEMENT SECONDAIRE) -- pour bacheliers TIARET,B31,UNIVERSITE D ORAN 1 (ECOLE NORMALE SUPERIEURE D ORAN),16.12,value,,not_applicable,,not_applicable,186
I02PSL01,SCIENCES ISLAMIQUES (PROFESSEUR DE L ENSEIGNEMENT SECONDAIRE) -- pour bacheliers SAIDA,B31,UNIVERSITE D ORAN 1 (ECOLE NORMALE SUPERIEURE D ORAN),15.12,value,,not_applicable,,not_applicable,186
I02PSL01,SCIENCES ISLAMIQUES (PROFESSEUR DE L ENSEIGNEMENT SECONDAIRE) -- pour bacheliers SIDIBEL- ABBES,B31,UNIVERSITE D ORAN 1 (ECOLE NORMALE SUPERIEURE D ORAN),15.73,value,,not_applicable,,not_applicable,186
I02PSL01,SCIENCES ISLAMIQUES (PROFESSEUR DE L ENSEIGNEMENT SECONDAIRE) -- pour bacheliers MOSTAGANEM,B31,UNIVERSITE D ORAN 1 (ECOLE NORMALE SUPERIEURE D ORAN),16.03,value,,not_applicable,,not_applicable,187
I02PSL01,SCIENCES ISLAMIQUES (PROFESSEUR DE L ENSEIGNEMENT SECONDAIRE) -- pour bacheliers MASCARA,B31,UNIVERSITE D ORAN 1 (ECOLE NORMALE SUPERIEURE D ORAN),16.29,value,,not_applicable,,not_applicable,187
I02PSL01,SCIENCES ISLAMIQUES (PROFESSEUR DE L ENSEIGNEMENT SECONDAIRE) -- pour bacheliers ORAN,B31,UNIVERSITE D ORAN 1 (ECOLE NORMALE SUPERIEURE D ORAN),14.93,value,,not_applicable,,not_applicable,187
I02PSL01,SCIENCES ISLAMIQUES (PROFESSEUR DE L ENSEIGNEMENT SECONDAIRE) -- pour bacheliers EL BAYADH,B31,UNIVERSITE D ORAN 1 (ECOLE NORMALE SUPERIEURE D ORAN),15.71,value,,not_applicable,,not_applicable,187
I02PSL01,SCIENCES ISLAMIQUES (PROFESSEUR DE L ENSEIGNEMENT SECONDAIRE) -- pour bacheliers NAAMA,B31,UNIVERSITE D ORAN 1 (ECOLE NORMALE SUPERIEURE D ORAN),14.6,value,,not_applicable,,not_applicable,187
I02PSL01,SCIENCES ISLAMIQUES (PROFESSEUR DE L ENSEIGNEMENT SECONDAIRE) -- pour bacheliers AIN- TEMOUCHENT,B31,UNIVERSITE D ORAN 1 (ECOLE NORMALE SUPERIEURE D ORAN),15.26,value,,not_applicable,,not_applicable,187
I02PSL01,SCIENCES ISLAMIQUES (PROFESSEUR DE L ENSEIGNEMENT SECONDAIRE) -- pour bacheliers RELIZANE,B31,UNIVERSITE D ORAN 1 (ECOLE NORMALE SUPERIEURE D ORAN),16.3,value,,not_applicable,,not_applicable,187
I02PSL01,SCIENCES ISLAMIQUES (PROFESSEUR DE L ENSEIGNEMENT SECONDAIRE) -- pour bacheliers BENI ABBES,B31,UNIVERSITE D ORAN 1 (ECOLE NORMALE SUPERIEURE D ORAN),,NC,,not_applicable,,not_applicable,187
L00PPL01,ARABE (P.E.P) -- pour bacheliers ORAN,B31,UNIVERSITE D ORAN 1 (ECOLE NORMALE SUPERIEURE D ORAN),,NC,,NC,,not_applicable,187
H01PPL01,FRANCAIS (P.E.P) -- pour bacheliers MASCARA,B44,UNIVERSITE D ORAN 2 (ECOLE NORMALE SUPERIEURE D ORAN),13.09,value,13.87,value,,not_applicable,187
H01PPL01,FRANCAIS (P.E.P) -- pour bacheliers ORAN,B44,UNIVERSITE D ORAN 2 (ECOLE NORMALE SUPERIEURE D ORAN),13.35,value,13.92,value,,not_applicable,187
H02PSN01,LANGUE ESPAGNOLE (PROFESSEUR DE L ENSEIGNEMENT SECONDAIRE) -- pour bacheliers ADRAR,B44,UNIVERSITE D ORAN 2 (ECOLE NORMALE SUPERIEURE D ORAN),14.07,value,,none_assigned,,not_applicable,187
H02PSN01,LANGUE ESPAGNOLE (PROFESSEUR DE L ENSEIGNEMENT SECONDAIRE) -- pour bacheliers CHLEF,B44,UNIVERSITE D ORAN 2 (ECOLE NORMALE SUPERIEURE D ORAN),15.18,value,,none_assigned,,not_applicable,188
H02PSN01,LANGUE ESPAGNOLE (PROFESSEUR DE L ENSEIGNEMENT SECONDAIRE) -- pour bacheliers LAGHOUAT,B44,UNIVERSITE D ORAN 2 (ECOLE NORMALE SUPERIEURE D ORAN),,NC,,NC,,not_applicable,188
H02PSN01,LANGUE ESPAGNOLE (PROFESSEUR DE L ENSEIGNEMENT SECONDAIRE) -- pour bacheliers OUM-EL-BOUAGHI,B44,UNIVERSITE D ORAN 2 (ECOLE NORMALE SUPERIEURE D ORAN),,none_assigned,,none_assigned,,not_applicable,188
H02PSN01,LANGUE ESPAGNOLE (PROFESSEUR DE L ENSEIGNEMENT SECONDAIRE) -- pour bacheliers BATNA,B44,UNIVERSITE D ORAN 2 (ECOLE NORMALE SUPERIEURE D ORAN),16.21,value,,none_assigned,,not_applicable,188
H02PSN01,LANGUE ESPAGNOLE (PROFESSEUR DE L ENSEIGNEMENT SECONDAIRE) -- pour bacheliers BEJAIA,B44,UNIVERSITE D ORAN 2 (ECOLE NORMALE SUPERIEURE D ORAN),14.28,value,,none_assigned,,not_applicable,188
H02PSN01,LANGUE ESPAGNOLE (PROFESSEUR DE L ENSEIGNEMENT SECONDAIRE) -- pour bacheliers BISKRA,B44,UNIVERSITE D ORAN 2 (ECOLE NORMALE SUPERIEURE D ORAN),14.91,value,,none_assigned,,not_applicable,188
H02PSN01,LANGUE ESPAGNOLE (PROFESSEUR DE L ENSEIGNEMENT SECONDAIRE) -- pour bacheliers BECHAR,B44,UNIVERSITE D ORAN 2 (ECOLE NORMALE SUPERIEURE D ORAN),,NC,,NC,,not_applicable,188
H02PSN01,LANGUE ESPAGNOLE (PROFESSEUR DE L ENSEIGNEMENT SECONDAIRE) -- pour bacheliers BLIDA,B44,UNIVERSITE D ORAN 2 (ECOLE NORMALE SUPERIEURE D ORAN),14.46,value,14.03,value,,not_applicable,188
H02PSN01,LANGUE ESPAGNOLE (PROFESSEUR DE L ENSEIGNEMENT SECONDAIRE) -- pour bacheliers BOUIRA,B44,UNIVERSITE D ORAN 2 (ECOLE NORMALE SUPERIEURE D ORAN),14.07,value,,none_assigned,,not_applicable,188
H02PSN01,LANGUE ESPAGNOLE (PROFESSEUR DE L ENSEIGNEMENT SECONDAIRE) -- pour bacheliers TAMANRASSET,B44,UNIVERSITE D ORAN 2 (ECOLE NORMALE SUPERIEURE D ORAN),,NC,,NC,,not_applicable,188
H02PSN01,LANGUE ESPAGNOLE (PROFESSEUR DE L ENSEIGNEMENT SECONDAIRE) -- pour bacheliers TEBESSA,B44,UNIVERSITE D ORAN 2 (ECOLE NORMALE SUPERIEURE D ORAN),,none_assigned,15.17,value,,not_applicable,188
H02PSN01,LANGUE ESPAGNOLE (PROFESSEUR DE L ENSEIGNEMENT SECONDAIRE) -- pour bacheliers TLEMCEN,B44,UNIVERSITE D ORAN 2 (ECOLE NORMALE SUPERIEURE D ORAN),14.66,value,,none_assigned,,not_applicable,188
H02PSN01,LANGUE ESPAGNOLE (PROFESSEUR DE L ENSEIGNEMENT SECONDAIRE) -- pour bacheliers TIARET,B44,UNIVERSITE D ORAN 2 (ECOLE NORMALE SUPERIEURE D ORAN),,none_assigned,,none_assigned,,not_applicable,188
H02PSN01,LANGUE ESPAGNOLE (PROFESSEUR DE L ENSEIGNEMENT SECONDAIRE) -- pour bacheliers TIZI-OUZOU,B44,UNIVERSITE D ORAN 2 (ECOLE NORMALE SUPERIEURE D ORAN),,none_assigned,,none_assigned,,not_applicable,188
H02PSN01,LANGUE ESPAGNOLE (PROFESSEUR DE L ENSEIGNEMENT SECONDAIRE) -- pour bacheliers ALGER,B44,UNIVERSITE D ORAN 2 (ECOLE NORMALE SUPERIEURE D ORAN),,NC,,NC,,not_applicable,189
H02PSN01,LANGUE ESPAGNOLE (PROFESSEUR DE L ENSEIGNEMENT SECONDAIRE) -- pour bacheliers DJELFA,B44,UNIVERSITE D ORAN 2 (ECOLE NORMALE SUPERIEURE D ORAN),14.92,value,,none_assigned,,not_applicable,189
H02PSN01,LANGUE ESPAGNOLE (PROFESSEUR DE L ENSEIGNEMENT SECONDAIRE) -- pour bacheliers JIJEL,B44,UNIVERSITE D ORAN 2 (ECOLE NORMALE SUPERIEURE D ORAN),,none_assigned,15.36,value,,not_applicable,189
H02PSN01,LANGUE ESPAGNOLE (PROFESSEUR DE L ENSEIGNEMENT SECONDAIRE) -- pour bacheliers SETIF,B44,UNIVERSITE D ORAN 2 (ECOLE NORMALE SUPERIEURE D ORAN),,NC,,NC,,not_applicable,189
H02PSN01,LANGUE ESPAGNOLE (PROFESSEUR DE L ENSEIGNEMENT SECONDAIRE) -- pour bacheliers SAIDA,B44,UNIVERSITE D ORAN 2 (ECOLE NORMALE SUPERIEURE D ORAN),14.76,value,14.62,value,,not_applicable,189
H02PSN01,LANGUE ESPAGNOLE (PROFESSEUR DE L ENSEIGNEMENT SECONDAIRE) -- pour bacheliers SKIKDA,B44,UNIVERSITE D ORAN 2 (ECOLE NORMALE SUPERIEURE D ORAN),,none_assigned,,none_assigned,,not_applicable,189
H02PSN01,LANGUE ESPAGNOLE (PROFESSEUR DE L ENSEIGNEMENT SECONDAIRE) -- pour bacheliers SIDIBEL-ABBES,B44,UNIVERSITE D ORAN 2 (ECOLE NORMALE SUPERIEURE D ORAN),,NC,,NC,,not_applicable,189
H02PSN01,LANGUE ESPAGNOLE (PROFESSEUR DE L ENSEIGNEMENT SECONDAIRE) -- pour bacheliers ANNABA,B44,UNIVERSITE D ORAN 2 (ECOLE NORMALE SUPERIEURE D ORAN),,none_assigned,,none_assigned,,not_applicable,189
H02PSN01,LANGUE ESPAGNOLE (PROFESSEUR DE L ENSEIGNEMENT SECONDAIRE) -- pour bacheliers GUELMA,B44,UNIVERSITE D ORAN 2 (ECOLE NORMALE SUPERIEURE D ORAN),,none_assigned,,none_assigned,,not_applicable,189
H02PSN01,LANGUE ESPAGNOLE (PROFESSEUR DE L ENSEIGNEMENT SECONDAIRE) -- pour bacheliers CONSTANTINE,B44,UNIVERSITE D ORAN 2 (ECOLE NORMALE SUPERIEURE D ORAN),14.02,value,14.15,value,,not_applicable,189
H02PSN01,LANGUE ESPAGNOLE (PROFESSEUR DE L ENSEIGNEMENT SECONDAIRE) -- pour bacheliers MEDEA,B44,UNIVERSITE D ORAN 2 (ECOLE NORMALE SUPERIEURE D ORAN),14.46,value,,none_assigned,,not_applicable,189
H02PSN01,LANGUE ESPAGNOLE (PROFESSEUR DE L ENSEIGNEMENT SECONDAIRE) -- pour bacheliers MOSTAGANEM,B44,UNIVERSITE D ORAN 2 (ECOLE NORMALE SUPERIEURE D ORAN),15.19,value,,none_assigned,,not_applicable,189
H02PSN01,LANGUE ESPAGNOLE (PROFESSEUR DE L ENSEIGNEMENT SECONDAIRE) -- pour bacheliers MSILA,B44,UNIVERSITE D ORAN 2 (ECOLE NORMALE SUPERIEURE D ORAN),14.54,value,,none_assigned,,not_applicable,189
H02PSN01,LANGUE ESPAGNOLE (PROFESSEUR DE L ENSEIGNEMENT SECONDAIRE) -- pour bacheliers MASCARA,B44,UNIVERSITE D ORAN 2 (ECOLE NORMALE SUPERIEURE D ORAN),14.82,value,,none_assigned,,not_applicable,189
H02PSN01,LANGUE ESPAGNOLE (PROFESSEUR DE L ENSEIGNEMENT SECONDAIRE) -- pour bacheliers OUARGLA,B44,UNIVERSITE D ORAN 2 (ECOLE NORMALE SUPERIEURE D ORAN),,none_assigned,,none_assigned,,not_applicable,190
H02PSN01,LANGUE ESPAGNOLE (PROFESSEUR DE L ENSEIGNEMENT SECONDAIRE) -- pour bacheliers ORAN,B44,UNIVERSITE D ORAN 2 (ECOLE NORMALE SUPERIEURE D ORAN),15.36,value,,none_assigned,,not_applicable,190
H02PSN01,LANGUE ESPAGNOLE (PROFESSEUR DE L ENSEIGNEMENT SECONDAIRE) -- pour bacheliers EL BAYADH,B44,UNIVERSITE D ORAN 2 (ECOLE NORMALE SUPERIEURE D ORAN),14.94,value,,none_assigned,,not_applicable,190
H02PSN01,LANGUE ESPAGNOLE (PROFESSEUR DE L ENSEIGNEMENT SECONDAIRE) -- pour bacheliers ILLIZI,B44,UNIVERSITE D ORAN 2 (ECOLE NORMALE SUPERIEURE D ORAN),,none_assigned,,none_assigned,,not_applicable,190
H02PSN01,LANGUE ESPAGNOLE (PROFESSEUR DE L ENSEIGNEMENT SECONDAIRE) -- pour bacheliers B.B.ARRERIDJ,B44,UNIVERSITE D ORAN 2 (ECOLE NORMALE SUPERIEURE D ORAN),,NC,,NC,,not_applicable,190
H02PSN01,LANGUE ESPAGNOLE (PROFESSEUR DE L ENSEIGNEMENT SECONDAIRE) -- pour bacheliers BOUMERDES,B44,UNIVERSITE D ORAN 2 (ECOLE NORMALE SUPERIEURE D ORAN),15.39,value,,none_assigned,,not_applicable,190
H02PSN01,LANGUE ESPAGNOLE (PROFESSEUR DE L ENSEIGNEMENT SECONDAIRE) -- pour bacheliers ELTARF,B44,UNIVERSITE D ORAN 2 (ECOLE NORMALE SUPERIEURE D ORAN),,none_assigned,,none_assigned,,not_applicable,190
H02PSN01,LANGUE ESPAGNOLE (PROFESSEUR DE L ENSEIGNEMENT SECONDAIRE) -- pour bacheliers TINDOUF,B44,UNIVERSITE D ORAN 2 (ECOLE NORMALE SUPERIEURE D ORAN),14.27,value,,none_assigned,,not_applicable,190
H02PSN01,LANGUE ESPAGNOLE (PROFESSEUR DE L ENSEIGNEMENT SECONDAIRE) -- pour bacheliers TISSEMSILT,B44,UNIVERSITE D ORAN 2 (ECOLE NORMALE SUPERIEURE D ORAN),15.79,value,,none_assigned,,not_applicable,190
H02PSN01,LANGUE ESPAGNOLE (PROFESSEUR DE L ENSEIGNEMENT SECONDAIRE) -- pour bacheliers EL OUED,B44,UNIVERSITE D ORAN 2 (ECOLE NORMALE SUPERIEURE D ORAN),15.89,value,,none_assigned,,not_applicable,190
H02PSN01,LANGUE ESPAGNOLE (PROFESSEUR DE L ENSEIGNEMENT SECONDAIRE) -- pour bacheliers KHENCHLA,B44,UNIVERSITE D ORAN 2 (ECOLE NORMALE SUPERIEURE D ORAN),14.52,value,15.15,value,,not_applicable,190
H02PSN01,LANGUE ESPAGNOLE (PROFESSEUR DE L ENSEIGNEMENT SECONDAIRE) -- pour bacheliers SOUK-AHRAS,B44,UNIVERSITE D ORAN 2 (ECOLE NORMALE SUPERIEURE D ORAN),,none_assigned,,none_assigned,,not_applicable,190
H02PSN01,LANGUE ESPAGNOLE (PROFESSEUR DE L ENSEIGNEMENT SECONDAIRE) -- pour bacheliers TIPAZA,B44,UNIVERSITE D ORAN 2 (ECOLE NORMALE SUPERIEURE D ORAN),16.27,value,,none_assigned,,not_applicable,190
H02PSN01,LANGUE ESPAGNOLE (PROFESSEUR DE L ENSEIGNEMENT SECONDAIRE) -- pour bacheliers MILA,B44,UNIVERSITE D ORAN 2 (ECOLE NORMALE SUPERIEURE D ORAN),15.96,value,15.0,value,,not_applicable,190
H02PSN01,LANGUE ESPAGNOLE (PROFESSEUR DE L ENSEIGNEMENT SECONDAIRE) -- pour bacheliers AIN-DEFLA,B44,UNIVERSITE D ORAN 2 (ECOLE NORMALE SUPERIEURE D ORAN),15.03,value,,none_assigned,,not_applicable,191
H02PSN01,LANGUE ESPAGNOLE (PROFESSEUR DE L ENSEIGNEMENT SECONDAIRE) -- pour bacheliers NAAMA,B44,UNIVERSITE D ORAN 2 (ECOLE NORMALE SUPERIEURE D ORAN),14.6,value,,none_assigned,,not_applicable,191
H02PSN01,LANGUE ESPAGNOLE (PROFESSEUR DE L ENSEIGNEMENT SECONDAIRE) -- pour bacheliers AIN-TEMOUCHENT,B44,UNIVERSITE D ORAN 2 (ECOLE NORMALE SUPERIEURE D ORAN),15.71,value,16.05,value,,not_applicable,191
H02PSN01,LANGUE ESPAGNOLE (PROFESSEUR DE L ENSEIGNEMENT SECONDAIRE) -- pour bacheliers GHARDAIA,B44,UNIVERSITE D ORAN 2 (ECOLE NORMALE SUPERIEURE D ORAN),,none_assigned,,none_assigned,,not_applicable,191
H02PSN01,LANGUE ESPAGNOLE (PROFESSEUR DE L ENSEIGNEMENT SECONDAIRE) -- pour bacheliers RELIZANE,B44,UNIVERSITE D ORAN 2 (ECOLE NORMALE SUPERIEURE D ORAN),15.9,value,,none_assigned,,not_applicable,191
H02PSN01,LANGUE ESPAGNOLE (PROFESSEUR DE L ENSEIGNEMENT SECONDAIRE) -- pour bacheliers TIMIMOUN,B44,UNIVERSITE D ORAN 2 (ECOLE NORMALE SUPERIEURE D ORAN),,NC,,NC,,not_applicable,191
H02PSN01,LANGUE ESPAGNOLE (PROFESSEUR DE L ENSEIGNEMENT SECONDAIRE) -- pour bacheliers BORDJ BADJI MOKHTAR,B44,UNIVERSITE D ORAN 2 (ECOLE NORMALE SUPERIEURE D ORAN),,none_assigned,,none_assigned,,not_applicable,191
H02PSN01,LANGUE ESPAGNOLE (PROFESSEUR DE L ENSEIGNEMENT SECONDAIRE) -- pour bacheliers OULED DJELLAL,B44,UNIVERSITE D ORAN 2 (ECOLE NORMALE SUPERIEURE D ORAN),16.54,value,,none_assigned,,not_applicable,191
H02PSN01,LANGUE ESPAGNOLE (PROFESSEUR DE L ENSEIGNEMENT SECONDAIRE) -- pour bacheliers BENI ABBES,B44,UNIVERSITE D ORAN 2 (ECOLE NORMALE SUPERIEURE D ORAN),,none_assigned,,none_assigned,,not_applicable,191
H02PSN01,LANGUE ESPAGNOLE (PROFESSEUR DE L ENSEIGNEMENT SECONDAIRE) -- pour bacheliers IN SALAH,B44,UNIVERSITE D ORAN 2 (ECOLE NORMALE SUPERIEURE D ORAN),,none_assigned,,none_assigned,,not_applicable,191
H02PSN01,LANGUE ESPAGNOLE (PROFESSEUR DE L ENSEIGNEMENT SECONDAIRE) -- pour bacheliers IN GUEZZAM,B44,UNIVERSITE D ORAN 2 (ECOLE NORMALE SUPERIEURE D ORAN),,none_assigned,,none_assigned,,not_applicable,191
H02PSN01,LANGUE ESPAGNOLE (PROFESSEUR DE L ENSEIGNEMENT SECONDAIRE) -- pour bacheliers TOUGGOURT,B44,UNIVERSITE D ORAN 2 (ECOLE NORMALE SUPERIEURE D ORAN),,NC,,NC,,not_applicable,191
H02PSN01,LANGUE ESPAGNOLE (PROFESSEUR DE L ENSEIGNEMENT SECONDAIRE) -- pour bacheliers DJANET,B44,UNIVERSITE D ORAN 2 (ECOLE NORMALE SUPERIEURE D ORAN),,none_assigned,,none_assigned,,not_applicable,191
H02PSN01,LANGUE ESPAGNOLE (PROFESSEUR DE L ENSEIGNEMENT SECONDAIRE) -- pour bacheliers EL MGHAIER,B44,UNIVERSITE D ORAN 2 (ECOLE NORMALE SUPERIEURE D ORAN),,NC,,NC,,not_applicable,191
H02PSN01,LANGUE ESPAGNOLE (PROFESSEUR DE L ENSEIGNEMENT SECONDAIRE) -- pour bacheliers EL MENIAA,B44,UNIVERSITE D ORAN 2 (ECOLE NORMALE SUPERIEURE D ORAN),,none_assigned,,none_assigned,,not_applicable,192
H04PSN01,LANGUE ALLEMANDE (PROFESSEUR DE L ENSEIGNEMENT SECONDAIRE) -- pour bacheliers ADRAR,B44,UNIVERSITE D ORAN 2 (ECOLE NORMALE SUPERIEURE D ORAN),,none_assigned,,none_assigned,,not_applicable,192
H04PSN01,LANGUE ALLEMANDE (PROFESSEUR DE L ENSEIGNEMENT SECONDAIRE) -- pour bacheliers CHLEF,B44,UNIVERSITE D ORAN 2 (ECOLE NORMALE SUPERIEURE D ORAN),14.9,value,,none_assigned,,not_applicable,192
H04PSN01,LANGUE ALLEMANDE (PROFESSEUR DE L ENSEIGNEMENT SECONDAIRE) -- pour bacheliers LAGHOUAT,B44,UNIVERSITE D ORAN 2 (ECOLE NORMALE SUPERIEURE D ORAN),,none_assigned,,none_assigned,,not_applicable,192
H04PSN01,LANGUE ALLEMANDE (PROFESSEUR DE L ENSEIGNEMENT SECONDAIRE) -- pour bacheliers OUM-EL- BOUAGHI,B44,UNIVERSITE D ORAN 2 (ECOLE NORMALE SUPERIEURE D ORAN),,none_assigned,,none_assigned,,not_applicable,192
H04PSN01,LANGUE ALLEMANDE (PROFESSEUR DE L ENSEIGNEMENT SECONDAIRE) -- pour bacheliers BATNA,B44,UNIVERSITE D ORAN 2 (ECOLE NORMALE SUPERIEURE D ORAN),,none_assigned,,none_assigned,,not_applicable,192
H04PSN01,LANGUE ALLEMANDE (PROFESSEUR DE L ENSEIGNEMENT SECONDAIRE) -- pour bacheliers BEJAIA,B44,UNIVERSITE D ORAN 2 (ECOLE NORMALE SUPERIEURE D ORAN),15.61,value,,none_assigned,,not_applicable,192
H04PSN01,LANGUE ALLEMANDE (PROFESSEUR DE L ENSEIGNEMENT SECONDAIRE) -- pour bacheliers BISKRA,B44,UNIVERSITE D ORAN 2 (ECOLE NORMALE SUPERIEURE D ORAN),,none_assigned,,none_assigned,,not_applicable,192
H04PSN01,LANGUE ALLEMANDE (PROFESSEUR DE L ENSEIGNEMENT SECONDAIRE) -- pour bacheliers BECHAR,B44,UNIVERSITE D ORAN 2 (ECOLE NORMALE SUPERIEURE D ORAN),,none_assigned,,none_assigned,,not_applicable,192
H04PSN01,LANGUE ALLEMANDE (PROFESSEUR DE L ENSEIGNEMENT SECONDAIRE) -- pour bacheliers BLIDA,B44,UNIVERSITE D ORAN 2 (ECOLE NORMALE SUPERIEURE D ORAN),,NC,,NC,,not_applicable,192
H04PSN01,LANGUE ALLEMANDE (PROFESSEUR DE L ENSEIGNEMENT SECONDAIRE) -- pour bacheliers BOUIRA,B44,UNIVERSITE D ORAN 2 (ECOLE NORMALE SUPERIEURE D ORAN),,none_assigned,,none_assigned,,not_applicable,192
H04PSN01,LANGUE ALLEMANDE (PROFESSEUR DE L ENSEIGNEMENT SECONDAIRE) -- pour bacheliers TAMANRASSET,B44,UNIVERSITE D ORAN 2 (ECOLE NORMALE SUPERIEURE D ORAN),,none_assigned,,none_assigned,,not_applicable,192
H04PSN01,LANGUE ALLEMANDE (PROFESSEUR DE L ENSEIGNEMENT SECONDAIRE) -- pour bacheliers TEBESSA,B44,UNIVERSITE D ORAN 2 (ECOLE NORMALE SUPERIEURE D ORAN),14.04,value,,none_assigned,,not_applicable,192
H04PSN01,LANGUE ALLEMANDE (PROFESSEUR DE L ENSEIGNEMENT SECONDAIRE) -- pour bacheliers TLEMCEN,B44,UNIVERSITE D ORAN 2 (ECOLE NORMALE SUPERIEURE D ORAN),,none_assigned,,none_assigned,,not_applicable,193
H04PSN01,LANGUE ALLEMANDE (PROFESSEUR DE L ENSEIGNEMENT SECONDAIRE) -- pour bacheliers TIARET,B44,UNIVERSITE D ORAN 2 (ECOLE NORMALE SUPERIEURE D ORAN),16.9,value,,none_assigned,,not_applicable,193
H04PSN01,LANGUE ALLEMANDE (PROFESSEUR DE L ENSEIGNEMENT SECONDAIRE) -- pour bacheliers TIZI- OUZOU,B44,UNIVERSITE D ORAN 2 (ECOLE NORMALE SUPERIEURE D ORAN),14.63,value,,none_assigned,,not_applicable,193
H04PSN01,LANGUE ALLEMANDE (PROFESSEUR DE L ENSEIGNEMENT SECONDAIRE) -- pour bacheliers ALGER,B44,UNIVERSITE D ORAN 2 (ECOLE NORMALE SUPERIEURE D ORAN),,NC,,NC,,not_applicable,193
H04PSN01,LANGUE ALLEMANDE (PROFESSEUR DE L ENSEIGNEMENT SECONDAIRE) -- pour bacheliers DJELFA,B44,UNIVERSITE D ORAN 2 (ECOLE NORMALE SUPERIEURE D ORAN),,none_assigned,,none_assigned,,not_applicable,193
H04PSN01,LANGUE ALLEMANDE (PROFESSEUR DE L ENSEIGNEMENT SECONDAIRE) -- pour bacheliers JIJEL,B44,UNIVERSITE D ORAN 2 (ECOLE NORMALE SUPERIEURE D ORAN),,none_assigned,,none_assigned,,not_applicable,193
H04PSN01,LANGUE ALLEMANDE (PROFESSEUR DE L ENSEIGNEMENT SECONDAIRE) -- pour bacheliers SETIF,B44,UNIVERSITE D ORAN 2 (ECOLE NORMALE SUPERIEURE D ORAN),14.42,value,,none_assigned,,not_applicable,193
H04PSN01,LANGUE ALLEMANDE (PROFESSEUR DE L ENSEIGNEMENT SECONDAIRE) -- pour bacheliers SAIDA,B44,UNIVERSITE D ORAN 2 (ECOLE NORMALE SUPERIEURE D ORAN),14.95,value,,none_assigned,,not_applicable,193
H04PSN01,LANGUE ALLEMANDE (PROFESSEUR DE L ENSEIGNEMENT SECONDAIRE) -- pour bacheliers SKIKDA,B44,UNIVERSITE D ORAN 2 (ECOLE NORMALE SUPERIEURE D ORAN),15.63,value,,none_assigned,,not_applicable,193
H04PSN01,LANGUE ALLEMANDE (PROFESSEUR DE L ENSEIGNEMENT SECONDAIRE) -- pour bacheliers SIDIBEL- ABBES,B44,UNIVERSITE D ORAN 2 (ECOLE NORMALE SUPERIEURE D ORAN),16.8,value,,none_assigned,,not_applicable,193
H04PSN01,LANGUE ALLEMANDE (PROFESSEUR DE L ENSEIGNEMENT SECONDAIRE) -- pour bacheliers ANNABA,B44,UNIVERSITE D ORAN 2 (ECOLE NORMALE SUPERIEURE D ORAN),,NC,,NC,,not_applicable,193
H04PSN01,LANGUE ALLEMANDE (PROFESSEUR DE L ENSEIGNEMENT SECONDAIRE) -- pour bacheliers GUELMA,B44,UNIVERSITE D ORAN 2 (ECOLE NORMALE SUPERIEURE D ORAN),,none_assigned,,none_assigned,,not_applicable,193
H04PSN01,LANGUE ALLEMANDE (PROFESSEUR DE L ENSEIGNEMENT SECONDAIRE) -- pour bacheliers CONSTANTINE,B44,UNIVERSITE D ORAN 2 (ECOLE NORMALE SUPERIEURE D ORAN),15.13,value,,none_assigned,,not_applicable,193
H04PSN01,LANGUE ALLEMANDE (PROFESSEUR DE L ENSEIGNEMENT SECONDAIRE) -- pour bacheliers MEDEA,B44,UNIVERSITE D ORAN 2 (ECOLE NORMALE SUPERIEURE D ORAN),,none_assigned,,none_assigned,,not_applicable,194
H04PSN01,LANGUE ALLEMANDE (PROFESSEUR DE L ENSEIGNEMENT SECONDAIRE) -- pour bacheliers MOSTAGANEM,B44,UNIVERSITE D ORAN 2 (ECOLE NORMALE SUPERIEURE D ORAN),14.41,value,,none_assigned,,not_applicable,194
H04PSN01,LANGUE ALLEMANDE (PROFESSEUR DE L ENSEIGNEMENT SECONDAIRE) -- pour bacheliers MSILA,B44,UNIVERSITE D ORAN 2 (ECOLE NORMALE SUPERIEURE D ORAN),14.41,value,,none_assigned,,not_applicable,194
H04PSN01,LANGUE ALLEMANDE (PROFESSEUR DE L ENSEIGNEMENT SECONDAIRE) -- pour bacheliers MASCARA,B44,UNIVERSITE D ORAN 2 (ECOLE NORMALE SUPERIEURE D ORAN),14.79,value,,none_assigned,,not_applicable,194
H04PSN01,LANGUE ALLEMANDE (PROFESSEUR DE L ENSEIGNEMENT SECONDAIRE) -- pour bacheliers OUARGLA,B44,UNIVERSITE D ORAN 2 (ECOLE NORMALE SUPERIEURE D ORAN),,NC,,NC,,not_applicable,194
H04PSN01,LANGUE ALLEMANDE (PROFESSEUR DE L ENSEIGNEMENT SECONDAIRE) -- pour bacheliers ORAN,B44,UNIVERSITE D ORAN 2 (ECOLE NORMALE SUPERIEURE D ORAN),14.17,value,14.91,value,,not_applicable,194
H04PSN01,LANGUE ALLEMANDE (PROFESSEUR DE L ENSEIGNEMENT SECONDAIRE) -- pour bacheliers EL BAYADH,B44,UNIVERSITE D ORAN 2 (ECOLE NORMALE SUPERIEURE D ORAN),,NC,,NC,,not_applicable,194
H04PSN01,LANGUE ALLEMANDE (PROFESSEUR DE L ENSEIGNEMENT SECONDAIRE) -- pour bacheliers ILLIZI,B44,UNIVERSITE D ORAN 2 (ECOLE NORMALE SUPERIEURE D ORAN),,NC,,NC,,not_applicable,194
H04PSN01,LANGUE ALLEMANDE (PROFESSEUR DE L ENSEIGNEMENT SECONDAIRE) -- pour bacheliers B.B.ARRERIDJ,B44,UNIVERSITE D ORAN 2 (ECOLE NORMALE SUPERIEURE D ORAN),14.96,value,,none_assigned,,not_applicable,194
H04PSN01,LANGUE ALLEMANDE (PROFESSEUR DE L ENSEIGNEMENT SECONDAIRE) -- pour bacheliers BOUMERDES,B44,UNIVERSITE D ORAN 2 (ECOLE NORMALE SUPERIEURE D ORAN),14.07,value,,none_assigned,,not_applicable,194
H04PSN01,LANGUE ALLEMANDE (PROFESSEUR DE L ENSEIGNEMENT SECONDAIRE) -- pour bacheliers ELTARF,B44,UNIVERSITE D ORAN 2 (ECOLE NORMALE SUPERIEURE D ORAN),,none_assigned,,none_assigned,,not_applicable,194
H04PSN01,LANGUE ALLEMANDE (PROFESSEUR DE L ENSEIGNEMENT SECONDAIRE) -- pour bacheliers TINDOUF,B44,UNIVERSITE D ORAN 2 (ECOLE NORMALE SUPERIEURE D ORAN),,none_assigned,,none_assigned,,not_applicable,194
H04PSN01,LANGUE ALLEMANDE (PROFESSEUR DE L ENSEIGNEMENT SECONDAIRE) -- pour bacheliers TISSEMSILT,B44,UNIVERSITE D ORAN 2 (ECOLE NORMALE SUPERIEURE D ORAN),,none_assigned,,none_assigned,,not_applicable,195
H04PSN01,LANGUE ALLEMANDE (PROFESSEUR DE L ENSEIGNEMENT SECONDAIRE) -- pour bacheliers EL OUED,B44,UNIVERSITE D ORAN 2 (ECOLE NORMALE SUPERIEURE D ORAN),,none_assigned,,none_assigned,,not_applicable,195
H04PSN01,LANGUE ALLEMANDE (PROFESSEUR DE L ENSEIGNEMENT SECONDAIRE) -- pour bacheliers KHENCHLA,B44,UNIVERSITE D ORAN 2 (ECOLE NORMALE SUPERIEURE D ORAN),14.27,value,,none_assigned,,not_applicable,195
H04PSN01,LANGUE ALLEMANDE (PROFESSEUR DE L ENSEIGNEMENT SECONDAIRE) -- pour bacheliers SOUK- AHRAS,B44,UNIVERSITE D ORAN 2 (ECOLE NORMALE SUPERIEURE D ORAN),,none_assigned,,none_assigned,,not_applicable,195
H04PSN01,LANGUE ALLEMANDE (PROFESSEUR DE L ENSEIGNEMENT SECONDAIRE) -- pour bacheliers TIPAZA,B44,UNIVERSITE D ORAN 2 (ECOLE NORMALE SUPERIEURE D ORAN),,NC,,NC,,not_applicable,195
H04PSN01,LANGUE ALLEMANDE (PROFESSEUR DE L ENSEIGNEMENT SECONDAIRE) -- pour bacheliers MILA,B44,UNIVERSITE D ORAN 2 (ECOLE NORMALE SUPERIEURE D ORAN),14.86,value,,none_assigned,,not_applicable,195
H04PSN01,LANGUE ALLEMANDE (PROFESSEUR DE L ENSEIGNEMENT SECONDAIRE) -- pour bacheliers AIN-DEFLA,B44,UNIVERSITE D ORAN 2 (ECOLE NORMALE SUPERIEURE D ORAN),,none_assigned,,none_assigned,,not_applicable,195
H04PSN01,LANGUE ALLEMANDE (PROFESSEUR DE L ENSEIGNEMENT SECONDAIRE) -- pour bacheliers NAAMA,B44,UNIVERSITE D ORAN 2 (ECOLE NORMALE SUPERIEURE D ORAN),14.73,value,,none_assigned,,not_applicable,195
H04PSN01,LANGUE ALLEMANDE (PROFESSEUR DE L ENSEIGNEMENT SECONDAIRE) -- pour bacheliers AIN- TEMOUCHENT,B44,UNIVERSITE D ORAN 2 (ECOLE NORMALE SUPERIEURE D ORAN),,none_assigned,,none_assigned,,not_applicable,195
H04PSN01,LANGUE ALLEMANDE (PROFESSEUR DE L ENSEIGNEMENT SECONDAIRE) -- pour bacheliers GHARDAIA,B44,UNIVERSITE D ORAN 2 (ECOLE NORMALE SUPERIEURE D ORAN),,NC,,NC,,not_applicable,195
H04PSN01,LANGUE ALLEMANDE (PROFESSEUR DE L ENSEIGNEMENT SECONDAIRE) -- pour bacheliers RELIZANE,B44,UNIVERSITE D ORAN 2 (ECOLE NORMALE SUPERIEURE D ORAN),,none_assigned,15.53,value,,not_applicable,195
H04PSN01,LANGUE ALLEMANDE (PROFESSEUR DE L ENSEIGNEMENT SECONDAIRE) -- pour bacheliers TIMIMOUN,B44,UNIVERSITE D ORAN 2 (ECOLE NORMALE SUPERIEURE D ORAN),,NC,,NC,,not_applicable,195
H04PSN01,LANGUE ALLEMANDE (PROFESSEUR DE L ENSEIGNEMENT SECONDAIRE) -- pour bacheliers BORDJ BADJI MOKHTAR,B44,UNIVERSITE D ORAN 2 (ECOLE NORMALE SUPERIEURE D ORAN),,none_assigned,,none_assigned,,not_applicable,196
H04PSN01,LANGUE ALLEMANDE (PROFESSEUR DE L ENSEIGNEMENT SECONDAIRE) -- pour bacheliers OULED DJELLAL,B44,UNIVERSITE D ORAN 2 (ECOLE NORMALE SUPERIEURE D ORAN),,none_assigned,,none_assigned,,not_applicable,196
H04PSN01,LANGUE ALLEMANDE (PROFESSEUR DE L ENSEIGNEMENT SECONDAIRE) -- pour bacheliers BENI ABBES,B44,UNIVERSITE D ORAN 2 (ECOLE NORMALE SUPERIEURE D ORAN),,none_assigned,,none_assigned,,not_applicable,196
H04PSN01,LANGUE ALLEMANDE (PROFESSEUR DE L ENSEIGNEMENT SECONDAIRE) -- pour bacheliers IN SALAH,B44,UNIVERSITE D ORAN 2 (ECOLE NORMALE SUPERIEURE D ORAN),,none_assigned,,none_assigned,,not_applicable,196
H04PSN01,LANGUE ALLEMANDE (PROFESSEUR DE L ENSEIGNEMENT SECONDAIRE) -- pour bacheliers IN GUEZZAM,B44,UNIVERSITE D ORAN 2 (ECOLE NORMALE SUPERIEURE D ORAN),,none_assigned,,none_assigned,,not_applicable,196
H04PSN01,LANGUE ALLEMANDE (PROFESSEUR DE L ENSEIGNEMENT SECONDAIRE) -- pour bacheliers TOUGGOURT,B44,UNIVERSITE D ORAN 2 (ECOLE NORMALE SUPERIEURE D ORAN),,NC,,NC,,not_applicable,196
H04PSN01,LANGUE ALLEMANDE (PROFESSEUR DE L ENSEIGNEMENT SECONDAIRE) -- pour bacheliers DJANET,B44,UNIVERSITE D ORAN 2 (ECOLE NORMALE SUPERIEURE D ORAN),,NC,,NC,,not_applicable,196
H04PSN01,LANGUE ALLEMANDE (PROFESSEUR DE L ENSEIGNEMENT SECONDAIRE) -- pour bacheliers EL MGHAIER,B44,UNIVERSITE D ORAN 2 (ECOLE NORMALE SUPERIEURE D ORAN),,NC,,NC,,not_applicable,196
H04PSN01,LANGUE ALLEMANDE (PROFESSEUR DE L ENSEIGNEMENT SECONDAIRE) -- pour bacheliers EL MENIAA,B44,UNIVERSITE D ORAN 2 (ECOLE NORMALE SUPERIEURE D ORAN),,NC,,NC,,not_applicable,196
H06PML01,LANGUE ANGLAISE (P.E.M) -- pour bacheliers SAIDA,B44,UNIVERSITE D ORAN 2 (ECOLE NORMALE SUPERIEURE D ORAN),,NC,,NC,,not_applicable,196
H06PML01,LANGUE ANGLAISE (P.E.M) -- pour bacheliers MASCARA,B44,UNIVERSITE D ORAN 2 (ECOLE NORMALE SUPERIEURE D ORAN),14.88,value,15.62,value,,not_applicable,196
H06PML01,LANGUE ANGLAISE (P.E.M) -- pour bacheliers ORAN,B44,UNIVERSITE D ORAN 2 (ECOLE NORMALE SUPERIEURE D ORAN),14.02,value,14.1,value,,not_applicable,197
H06PPL01,LANGUE ANGLAISE (P.E.P) -- pour bacheliers ORAN,B44,UNIVERSITE D ORAN 2 (ECOLE NORMALE SUPERIEURE D ORAN),13.89,value,14.62,value,,not_applicable,197
B00PML01,SCIENCES PHYSIQUE ET TECHNOLOGIE (P.E.M) -- pour bacheliers ORAN,U04,ECOLE NORMALE SUPERIEURE D ORAN,14.88,value,15.59,value,,not_applicable,197
B00PML01,SCIENCES PHYSIQUE ET TECHNOLOGIE (P.E.M) -- pour bacheliers AIN-TEMOUCHENT,U04,ECOLE NORMALE SUPERIEURE D ORAN,14.34,value,15.1,value,,not_applicable,197
C02PML01,MATHEMATIQUES (P.E.M) -- pour bacheliers MOSTAGANEM,U04,ECOLE NORMALE SUPERIEURE D ORAN,14.6,value,15.8,value,,not_applicable,197
C02PML01,MATHEMATIQUES (P.E.M) -- pour bacheliers ORAN,U04,ECOLE NORMALE SUPERIEURE D ORAN,14.99,value,16.42,value,,not_applicable,197
C02PML01,MATHEMATIQUES (P.E.M) -- pour bacheliers AIN- TEMOUCHENT,U04,ECOLE NORMALE SUPERIEURE D ORAN,14.01,value,14.23,value,,not_applicable,197
D00PML01,SCIENCES NATURELLES (P.E.M) -- pour bacheliers MOSTAGANEM,U04,ECOLE NORMALE SUPERIEURE D ORAN,14.57,value,,not_applicable,,not_applicable,197
D00PML01,SCIENCES NATURELLES (P.E.M) -- pour bacheliers ORAN,U04,ECOLE NORMALE SUPERIEURE D ORAN,14.93,value,,not_applicable,,not_applicable,197
D00PML01,SCIENCES NATURELLES (P.E.M) -- pour bacheliers AIN- TEMOUCHENT,U04,ECOLE NORMALE SUPERIEURE D ORAN,14.5,value,,not_applicable,,not_applicable,197
D00PSL01,SCIENCES NATURELLES (P.E.S) -- pour bacheliers ORAN,U04,ECOLE NORMALE SUPERIEURE D ORAN,15.54,value,,not_applicable,,not_applicable,197
H01PSL01,LANGUE FRANCAISE (P.E.S) -- pour bacheliers ORAN,U04,ECOLE NORMALE SUPERIEURE D ORAN,14.07,value,14.47,value,,not_applicable,197
H01PSL01,LANGUE FRANCAISE (P.E.S) -- pour bacheliers AIN- TEMOUCHENT,U04,ECOLE NORMALE SUPERIEURE D ORAN,,NC,,NC,,not_applicable,197
H06PSL01,LANGUE ANGLAISE (P.E.S) -- pour bacheliers MOSTAGANEM,U04,ECOLE NORMALE SUPERIEURE D ORAN,15.31,value,16.03,value,,not_applicable,197
H06PSL01,LANGUE ANGLAISE (P.E.S) -- pour bacheliers ORAN,U04,ECOLE NORMALE SUPERIEURE D ORAN,14.85,value,15.41,value,,not_applicable,197
L00PML01,LANGUE ET LITTERATURE ARABES (P.E.M) -- pour bacheliers ORAN,U04,ECOLE NORMALE SUPERIEURE D ORAN,,NC,,NC,,not_applicable,197
L00PSL01,LANGUE ET LITTERATURE ARABES (P.E.S) -- pour bacheliers ORAN,U04,ECOLE NORMALE SUPERIEURE D ORAN,14.11,value,14.18,value,,not_applicable,197
B00PML01,SCIENCES PHYSIQUE ET TECHNOLOGIE (P.E.M) -- pour bacheliers B.B.ARRERIDJ,B02,ANNEXE BORDJ BOU ARRERIDJ (ECOLE NORMALE SUPERIEURE DE BOU SAADA),14.93,value,15.63,value,,not_applicable,198
B00PSL01,SCIENCES PHYSIQUES (P.E.S.) -- pour bacheliers BISKRA,B02,ANNEXE BORDJ BOU ARRERIDJ (ECOLE NORMALE SUPERIEURE DE BOU SAADA),14.68,value,15.47,value,,not_applicable,198
B00PSL01,SCIENCES PHYSIQUES (P.E.S.) -- pour bacheliers B.B.ARRERIDJ,B02,ANNEXE BORDJ BOU ARRERIDJ (ECOLE NORMALE SUPERIEURE DE BOU SAADA),15.61,value,16.37,value,,not_applicable,198
B00PSL01,SCIENCES PHYSIQUES (P.E.S.) -- pour bacheliers OULED DJELLAL,B02,ANNEXE BORDJ BOU ARRERIDJ (ECOLE NORMALE SUPERIEURE DE BOU SAADA),15.72,value,,none_assigned,,not_applicable,198
C02PML01,MATHEMATIQUES (P.E.M) -- pour bacheliers B.B.ARRERIDJ,B02,ANNEXE BORDJ BOU ARRERIDJ (ECOLE NORMALE SUPERIEURE DE BOU SAADA),14.83,value,15.55,value,,not_applicable,198
C02PSL01,MATHEMATIQUES (P.E.S.) -- pour bacheliers BISKRA,B02,ANNEXE BORDJ BOU ARRERIDJ (ECOLE NORMALE SUPERIEURE DE BOU SAADA),14.88,value,15.37,value,,not_applicable,198
C02PSL01,MATHEMATIQUES (P.E.S.) -- pour bacheliers B.B.ARRERIDJ,B02,ANNEXE BORDJ BOU ARRERIDJ (ECOLE NORMALE SUPERIEURE DE BOU SAADA),15.77,value,16.64,value,,not_applicable,198
D00PML01,SCIENCES NATURELLES (P.E.M) -- pour bacheliers MSILA,B02,ANNEXE BORDJ BOU ARRERIDJ (ECOLE NORMALE SUPERIEURE DE BOU SAADA),15.28,value,,not_applicable,,not_applicable,198
D00PML01,SCIENCES NATURELLES (P.E.M) -- pour bacheliers B.B.ARRERIDJ,B02,ANNEXE BORDJ BOU ARRERIDJ (ECOLE NORMALE SUPERIEURE DE BOU SAADA),15.6,value,,not_applicable,,not_applicable,198
D00PSL01,SCIENCES NATURELLES (P.E.S) -- pour bacheliers BISKRA,B02,ANNEXE BORDJ BOU ARRERIDJ (ECOLE NORMALE SUPERIEURE DE BOU SAADA),15.27,value,,not_applicable,,not_applicable,198
D00PSL01,SCIENCES NATURELLES (P.E.S) -- pour bacheliers MSILA,B02,ANNEXE BORDJ BOU ARRERIDJ (ECOLE NORMALE SUPERIEURE DE BOU SAADA),16.37,value,,not_applicable,,not_applicable,198
D00PSL01,SCIENCES NATURELLES (P.E.S) -- pour bacheliers B.B.ARRERIDJ,B02,ANNEXE BORDJ BOU ARRERIDJ (ECOLE NORMALE SUPERIEURE DE BOU SAADA),16.49,value,,not_applicable,,not_applicable,198
D00PSL01,SCIENCES NATURELLES (P.E.S) -- pour bacheliers MILA,B02,ANNEXE BORDJ BOU ARRERIDJ (ECOLE NORMALE SUPERIEURE DE BOU SAADA),16.62,value,,not_applicable,,not_applicable,198
H01PML01,LANGUE FRANCAISE (P.E.M) -- pour bacheliers BISKRA,B02,ANNEXE BORDJ BOU ARRERIDJ (ECOLE NORMALE SUPERIEURE DE BOU SAADA),,NC,,NC,,not_applicable,198
H01PML01,LANGUE FRANCAISE (P.E.M) -- pour bacheliers B.B.ARRERIDJ,B02,ANNEXE BORDJ BOU ARRERIDJ (ECOLE NORMALE SUPERIEURE DE BOU SAADA),,NC,,NC,,not_applicable,199
H01PML01,LANGUE FRANCAISE (P.E.M) -- pour bacheliers OULED DJELLAL,B02,ANNEXE BORDJ BOU ARRERIDJ (ECOLE NORMALE SUPERIEURE DE BOU SAADA),,NC,,NC,,not_applicable,199
H01PPL01,FRANCAIS (P.E.P) -- pour bacheliers B.B.ARRERIDJ,B02,ANNEXE BORDJ BOU ARRERIDJ (ECOLE NORMALE SUPERIEURE DE BOU SAADA),13.39,value,14.06,value,,not_applicable,199
H01PSL01,LANGUE FRANCAISE (P.E.S) -- pour bacheliers BEJAIA,B02,ANNEXE BORDJ BOU ARRERIDJ (ECOLE NORMALE SUPERIEURE DE BOU SAADA),,NC,,NC,,not_applicable,199
H01PSL01,LANGUE FRANCAISE (P.E.S) -- pour bacheliers BISKRA,B02,ANNEXE BORDJ BOU ARRERIDJ (ECOLE NORMALE SUPERIEURE DE BOU SAADA),,NC,,NC,,not_applicable,199
H01PSL01,LANGUE FRANCAISE (P.E.S) -- pour bacheliers B.B.ARRERIDJ,B02,ANNEXE BORDJ BOU ARRERIDJ (ECOLE NORMALE SUPERIEURE DE BOU SAADA),14.86,value,15.49,value,,not_applicable,199
H06PML01,LANGUE ANGLAISE (P.E.M) -- pour bacheliers B.B.ARRERIDJ,B02,ANNEXE BORDJ BOU ARRERIDJ (ECOLE NORMALE SUPERIEURE DE BOU SAADA),14.83,value,15.6,value,,not_applicable,199
H06PSL01,LANGUE ANGLAISE (P.E.S) -- pour bacheliers BEJAIA,B02,ANNEXE BORDJ BOU ARRERIDJ (ECOLE NORMALE SUPERIEURE DE BOU SAADA),15.27,value,16.16,value,,not_applicable,199
H06PSL01,LANGUE ANGLAISE (P.E.S) -- pour bacheliers B.B.ARRERIDJ,B02,ANNEXE BORDJ BOU ARRERIDJ (ECOLE NORMALE SUPERIEURE DE BOU SAADA),15.63,value,16.4,value,,not_applicable,199
I00PML01,HISTOIRE GEOGRAPHIE (P.E.M) -- pour bacheliers BEJAIA,B02,ANNEXE BORDJ BOU ARRERIDJ (ECOLE NORMALE SUPERIEURE DE BOU SAADA),,NC,,NC,,not_applicable,199
I00PML01,HISTOIRE GEOGRAPHIE (P.E.M) -- pour bacheliers B.B.ARRERIDJ,B02,ANNEXE BORDJ BOU ARRERIDJ (ECOLE NORMALE SUPERIEURE DE BOU SAADA),14.05,value,14.62,value,,not_applicable,199
I00PML01,HISTOIRE GEOGRAPHIE (P.E.M) -- pour bacheliers BENI ABBES,B02,ANNEXE BORDJ BOU ARRERIDJ (ECOLE NORMALE SUPERIEURE DE BOU SAADA),,NC,,NC,,not_applicable,199
I00PSL01,HISTOIRE GEOGRAPHIE (P.E.S) -- pour bacheliers BEJAIA,B02,ANNEXE BORDJ BOU ARRERIDJ (ECOLE NORMALE SUPERIEURE DE BOU SAADA),,NC,,NC,,not_applicable,199
I00PSL01,HISTOIRE GEOGRAPHIE (P.E.S) -- pour bacheliers BECHAR,B02,ANNEXE BORDJ BOU ARRERIDJ (ECOLE NORMALE SUPERIEURE DE BOU SAADA),15.11,value,,none_assigned,,not_applicable,199
I00PSL01,HISTOIRE GEOGRAPHIE (P.E.S) -- pour bacheliers B.B.ARRERIDJ,B02,ANNEXE BORDJ BOU ARRERIDJ (ECOLE NORMALE SUPERIEURE DE BOU SAADA),14.82,value,15.56,value,,not_applicable,200
I00PSL01,HISTOIRE GEOGRAPHIE (P.E.S) -- pour bacheliers BENI ABBES,B02,ANNEXE BORDJ BOU ARRERIDJ (ECOLE NORMALE SUPERIEURE DE BOU SAADA),,NC,,NC,,not_applicable,200
I13PSL01,PHILOSOPHIE (P.E.S) -- pour bacheliers BATNA,B02,ANNEXE BORDJ BOU ARRERIDJ (ECOLE NORMALE SUPERIEURE DE BOU SAADA),14.5,value,,not_applicable,,not_applicable,200
I13PSL01,PHILOSOPHIE (P.E.S) -- pour bacheliers BISKRA,B02,ANNEXE BORDJ BOU ARRERIDJ (ECOLE NORMALE SUPERIEURE DE BOU SAADA),14.3,value,,not_applicable,,not_applicable,200
I13PSL01,PHILOSOPHIE (P.E.S) -- pour bacheliers BECHAR,B02,ANNEXE BORDJ BOU ARRERIDJ (ECOLE NORMALE SUPERIEURE DE BOU SAADA),12.94,value,,not_applicable,,not_applicable,200
I13PSL01,PHILOSOPHIE (P.E.S) -- pour bacheliers TEBESSA,B02,ANNEXE BORDJ BOU ARRERIDJ (ECOLE NORMALE SUPERIEURE DE BOU SAADA),13.52,value,,not_applicable,,not_applicable,200
I13PSL01,PHILOSOPHIE (P.E.S) -- pour bacheliers SETIF,B02,ANNEXE BORDJ BOU ARRERIDJ (ECOLE NORMALE SUPERIEURE DE BOU SAADA),13.54,value,,not_applicable,,not_applicable,200
I13PSL01,PHILOSOPHIE (P.E.S) -- pour bacheliers B.B.ARRERIDJ,B02,ANNEXE BORDJ BOU ARRERIDJ (ECOLE NORMALE SUPERIEURE DE BOU SAADA),14.65,value,,not_applicable,,not_applicable,200
I13PSL01,PHILOSOPHIE (P.E.S) -- pour bacheliers OULED DJELLAL,B02,ANNEXE BORDJ BOU ARRERIDJ (ECOLE NORMALE SUPERIEURE DE BOU SAADA),15.05,value,,not_applicable,,not_applicable,200
I13PSL01,PHILOSOPHIE (P.E.S) -- pour bacheliers BENI ABBES,B02,ANNEXE BORDJ BOU ARRERIDJ (ECOLE NORMALE SUPERIEURE DE BOU SAADA),,NC,,not_applicable,,not_applicable,200
L00PML01,LANGUE ET LITTERATURE ARABES (P.E.M) -- pour bacheliers B.B.ARRERIDJ,B02,ANNEXE BORDJ BOU ARRERIDJ (ECOLE NORMALE SUPERIEURE DE BOU SAADA),14.15,value,14.82,value,,not_applicable,200
L00PPL01,ARABE (P.E.P) -- pour bacheliers B.B.ARRERIDJ,B02,ANNEXE BORDJ BOU ARRERIDJ (ECOLE NORMALE SUPERIEURE DE BOU SAADA),13.41,value,14.08,value,,not_applicable,200
L00PSL01,LANGUE ET LITTERATURE ARABES (P.E.S) -- pour bacheliers BATNA,B02,ANNEXE BORDJ BOU ARRERIDJ (ECOLE NORMALE SUPERIEURE DE BOU SAADA),15.08,value,15.92,value,,not_applicable,200
L00PSL01,LANGUE ET LITTERATURE ARABES (P.E.S) -- pour bacheliers BEJAIA,B02,ANNEXE BORDJ BOU ARRERIDJ (ECOLE NORMALE SUPERIEURE DE BOU SAADA),,NC,,NC,,not_applicable,200
L00PSL01,LANGUE ET LITTERATURE ARABES (P.E.S) -- pour bacheliers B.B.ARRERIDJ,B02,ANNEXE BORDJ BOU ARRERIDJ (ECOLE NORMALE SUPERIEURE DE BOU SAADA),15.13,value,15.72,value,,not_applicable,201
L00PPL01,ARABE (P.E.P) -- pour bacheliers BOUMERDES,B38,UNIVERSITE DE BOUMERDES (ECOLE NORMALE SUPERIEURE DE BOUZAREAH),,NC,,NC,,not_applicable,201
C01PSL01,INFORMATIQUE (P.E.S) -- pour bacheliers SKIKDA,B23,ANNEXE EL TARF (ECOLE NORMALE SUPERIEURE DE CONSTANTINE),15.7,value,16.54,value,,not_applicable,201
C01PSL01,INFORMATIQUE (P.E.S) -- pour bacheliers ANNABA,B23,ANNEXE EL TARF (ECOLE NORMALE SUPERIEURE DE CONSTANTINE),14.0,value,14.9,value,,not_applicable,201
C01PSL01,INFORMATIQUE (P.E.S) -- pour bacheliers GUELMA,B23,ANNEXE EL TARF (ECOLE NORMALE SUPERIEURE DE CONSTANTINE),15.88,value,16.93,value,,not_applicable,201
C01PSL01,INFORMATIQUE (P.E.S) -- pour bacheliers ELTARF,B23,ANNEXE EL TARF (ECOLE NORMALE SUPERIEURE DE CONSTANTINE),15.84,value,,none_assigned,,not_applicable,201
C01PSL01,INFORMATIQUE (P.E.S) -- pour bacheliers SOUK-AHRAS,B23,ANNEXE EL TARF (ECOLE NORMALE SUPERIEURE DE CONSTANTINE),15.83,value,16.54,value,,not_applicable,201
D00PSL01,SCIENCES NATURELLES (P.E.S) -- pour bacheliers ANNABA,B23,ANNEXE EL TARF (ECOLE NORMALE SUPERIEURE DE CONSTANTINE),15.8,value,,not_applicable,,not_applicable,201
D00PSL01,SCIENCES NATURELLES (P.E.S) -- pour bacheliers ELTARF,B23,ANNEXE EL TARF (ECOLE NORMALE SUPERIEURE DE CONSTANTINE),16.32,value,,not_applicable,,not_applicable,201
H01PML01,LANGUE FRANCAISE (P.E.M) -- pour bacheliers ELTARF,B23,ANNEXE EL TARF (ECOLE NORMALE SUPERIEURE DE CONSTANTINE),,NC,,NC,,not_applicable,201
H01PPL01,FRANCAIS (P.E.P) -- pour bacheliers ELTARF,B23,ANNEXE EL TARF (ECOLE NORMALE SUPERIEURE DE CONSTANTINE),13.45,value,14.09,value,,not_applicable,201
H06PML01,LANGUE ANGLAISE (P.E.M) -- pour bacheliers ELTARF,B23,ANNEXE EL TARF (ECOLE NORMALE SUPERIEURE DE CONSTANTINE),14.0,value,14.74,value,,not_applicable,201
H06PPL01,LANGUE ANGLAISE (P.E.P) -- pour bacheliers ELTARF,B23,ANNEXE EL TARF (ECOLE NORMALE SUPERIEURE DE CONSTANTINE),13.96,value,14.6,value,,not_applicable,201
L00PML01,LANGUE ET LITTERATURE ARABES (P.E.M) -- pour bacheliers ELTARF,B23,ANNEXE EL TARF (ECOLE NORMALE SUPERIEURE DE CONSTANTINE),14.0,value,14.37,value,,not_applicable,201
L00PPL01,ARABE (P.E.P) -- pour bacheliers ELTARF,B23,ANNEXE EL TARF (ECOLE NORMALE SUPERIEURE DE CONSTANTINE),13.01,value,13.39,value,,not_applicable,202
L00PML01,LANGUE ET LITTERATURE ARABES (P.E.M) -- pour bacheliers TISSEMSILT,B18,ANNEXE TISSEMSILT (ECOLE NORMALE SUPERIEURE DE MOSTAGANEM),14.77,value,15.43,value,,not_applicable,202
L00PPL01,ARABE (P.E.P) -- pour bacheliers TISSEMSILT,B18,ANNEXE TISSEMSILT (ECOLE NORMALE SUPERIEURE DE MOSTAGANEM),13.37,value,14.06,value,,not_applicable,202
B00PML01,SCIENCES PHYSIQUE ET TECHNOLOGIE (P.E.M) -- pour bacheliers EL OUED,B22,ANNEXE EL OUED (ECOLE NORMALE SUPERIEURE DE OUARGLA),14.83,value,15.59,value,,not_applicable,202
B00PML01,SCIENCES PHYSIQUE ET TECHNOLOGIE (P.E.M) -- pour bacheliers EL MGHAIER,B22,ANNEXE EL OUED (ECOLE NORMALE SUPERIEURE DE OUARGLA),,NC,,NC,,not_applicable,202
B00PSL01,SCIENCES PHYSIQUES (P.E.S.) -- pour bacheliers EL OUED,B22,ANNEXE EL OUED (ECOLE NORMALE SUPERIEURE DE OUARGLA),15.66,value,16.42,value,,not_applicable,202
B00PSL01,SCIENCES PHYSIQUES (P.E.S.) -- pour bacheliers EL MGHAIER,B22,ANNEXE EL OUED (ECOLE NORMALE SUPERIEURE DE OUARGLA),14.83,value,15.43,value,,not_applicable,202
C02PML01,MATHEMATIQUES (P.E.M) -- pour bacheliers EL OUED,B22,ANNEXE EL OUED (ECOLE NORMALE SUPERIEURE DE OUARGLA),14.1,value,14.77,value,,not_applicable,202
C02PML01,MATHEMATIQUES (P.E.M) -- pour bacheliers EL MGHAIER,B22,ANNEXE EL OUED (ECOLE NORMALE SUPERIEURE DE OUARGLA),,NC,,NC,,not_applicable,202
C02PSL01,MATHEMATIQUES (P.E.S.) -- pour bacheliers EL OUED,B22,ANNEXE EL OUED (ECOLE NORMALE SUPERIEURE DE OUARGLA),15.4,value,16.39,value,,not_applicable,202
C02PSL01,MATHEMATIQUES (P.E.S.) -- pour bacheliers EL MGHAIER,B22,ANNEXE EL OUED (ECOLE NORMALE SUPERIEURE DE OUARGLA),16.21,value,15.6,value,,not_applicable,202
D00PML01,SCIENCES NATURELLES (P.E.M) -- pour bacheliers EL OUED,B22,ANNEXE EL OUED (ECOLE NORMALE SUPERIEURE DE OUARGLA),15.18,value,,not_applicable,,not_applicable,202
D00PML01,SCIENCES NATURELLES (P.E.M) -- pour bacheliers EL MGHAIER,B22,ANNEXE EL OUED (ECOLE NORMALE SUPERIEURE DE OUARGLA),,NC,,not_applicable,,not_applicable,202
D00PSL01,SCIENCES NATURELLES (P.E.S) -- pour bacheliers EL OUED,B22,ANNEXE EL OUED (ECOLE NORMALE SUPERIEURE DE OUARGLA),16.02,value,,not_applicable,,not_applicable,202
D00PSL01,SCIENCES NATURELLES (P.E.S) -- pour bacheliers EL MGHAIER,B22,ANNEXE EL OUED (ECOLE NORMALE SUPERIEURE DE OUARGLA),15.92,value,,not_applicable,,not_applicable,203
H01PML01,LANGUE FRANCAISE (P.E.M) -- pour bacheliers EL OUED,B22,ANNEXE EL OUED (ECOLE NORMALE SUPERIEURE DE OUARGLA),,NC,,NC,,not_applicable,203
H01PML01,LANGUE FRANCAISE (P.E.M) -- pour bacheliers EL MGHAIER,B22,ANNEXE EL OUED (ECOLE NORMALE SUPERIEURE DE OUARGLA),,NC,,NC,,not_applicable,203
H01PPL01,FRANCAIS (P.E.P) -- pour bacheliers EL OUED,B22,ANNEXE EL OUED (ECOLE NORMALE SUPERIEURE DE OUARGLA),,NC,,NC,,not_applicable,203
H01PPL01,FRANCAIS (P.E.P) -- pour bacheliers EL MGHAIER,B22,ANNEXE EL OUED (ECOLE NORMALE SUPERIEURE DE OUARGLA),,NC,,NC,,not_applicable,203
H01PSL01,LANGUE FRANCAISE (P.E.S) -- pour bacheliers EL OUED,B22,ANNEXE EL OUED (ECOLE NORMALE SUPERIEURE DE OUARGLA),14.52,value,15.16,value,,not_applicable,203
H01PSL01,LANGUE FRANCAISE (P.E.S) -- pour bacheliers EL MGHAIER,B22,ANNEXE EL OUED (ECOLE NORMALE SUPERIEURE DE OUARGLA),,NC,,NC,,not_applicable,203
I00PML01,HISTOIRE GEOGRAPHIE (P.E.M) -- pour bacheliers EL OUED,B22,ANNEXE EL OUED (ECOLE NORMALE SUPERIEURE DE OUARGLA),14.32,value,14.56,value,,not_applicable,203
I00PML01,HISTOIRE GEOGRAPHIE (P.E.M) -- pour bacheliers EL MGHAIER,B22,ANNEXE EL OUED (ECOLE NORMALE SUPERIEURE DE OUARGLA),,NC,,NC,,not_applicable,203
I00PSL01,HISTOIRE GEOGRAPHIE (P.E.S) -- pour bacheliers EL OUED,B22,ANNEXE EL OUED (ECOLE NORMALE SUPERIEURE DE OUARGLA),15.02,value,15.8,value,,not_applicable,203
I00PSL01,HISTOIRE GEOGRAPHIE (P.E.S) -- pour bacheliers EL MGHAIER,B22,ANNEXE EL OUED (ECOLE NORMALE SUPERIEURE DE OUARGLA),,NC,,NC,,not_applicable,203
L00PML01,LANGUE ET LITTERATURE ARABES (P.E.M) -- pour bacheliers EL OUED,B22,ANNEXE EL OUED (ECOLE NORMALE SUPERIEURE DE OUARGLA),14.11,value,14.4,value,,not_applicable,203
L00PML01,LANGUE ET LITTERATURE ARABES (P.E.M) -- pour bacheliers EL MGHAIER,B22,ANNEXE EL OUED (ECOLE NORMALE SUPERIEURE DE OUARGLA),,NC,,NC,,not_applicable,203
L00PPL01,ARABE (P.E.P) -- pour bacheliers EL OUED,B22,ANNEXE EL OUED (ECOLE NORMALE SUPERIEURE DE OUARGLA),,NC,,NC,,not_applicable,203
L00PPL01,ARABE (P.E.P) -- pour bacheliers EL MGHAIER,B22,ANNEXE EL OUED (ECOLE NORMALE SUPERIEURE DE OUARGLA),,NC,,NC,,not_applicable,204
L00PSL01,LANGUE ET LITTERATURE ARABES (P.E.S) -- pour bacheliers EL OUED,B22,ANNEXE EL OUED (ECOLE NORMALE SUPERIEURE DE OUARGLA),14.99,value,15.74,value,,not_applicable,204
L00PSL01,LANGUE ET LITTERATURE ARABES (P.E.S) -- pour bacheliers EL MGHAIER,B22,ANNEXE EL OUED (ECOLE NORMALE SUPERIEURE DE OUARGLA),14.14,value,15.0,value,,not_applicable,204
H01PPL01,FRANCAIS (P.E.P) -- pour bacheliers KHENCHLA,B28,UNIVERSITE DE KHENCHELA (ECOLE NORMALE SUPERIEURE DE CONSTANTINE),13.3,value,13.78,value,,not_applicable,204
L00PPL01,ARABE (P.E.P) -- pour bacheliers KHENCHLA,B28,UNIVERSITE DE KHENCHELA (ECOLE NORMALE SUPERIEURE DE CONSTANTINE),13.6,value,14.29,value,,not_applicable,204
B00PML01,SCIENCES PHYSIQUE ET TECHNOLOGIE (P.E.M) -- pour bacheliers KHENCHLA,B21,ANNEXE SOUK AHRAS (ECOLE NORMALE SUPERIEURE DE SETIF),14.85,value,15.62,value,,not_applicable,204
B00PML01,SCIENCES PHYSIQUE ET TECHNOLOGIE (P.E.M) -- pour bacheliers SOUK-AHRAS,B21,ANNEXE SOUK AHRAS (ECOLE NORMALE SUPERIEURE DE SETIF),15.12,value,15.7,value,,not_applicable,204
B00PSL01,SCIENCES PHYSIQUES (P.E.S.) -- pour bacheliers KHENCHLA,B21,ANNEXE SOUK AHRAS (ECOLE NORMALE SUPERIEURE DE SETIF),15.4,value,16.22,value,,not_applicable,204
B00PSL01,SCIENCES PHYSIQUES (P.E.S.) -- pour bacheliers SOUK- AHRAS,B21,ANNEXE SOUK AHRAS (ECOLE NORMALE SUPERIEURE DE SETIF),15.81,value,16.77,value,,not_applicable,204
C02PML01,MATHEMATIQUES (P.E.M) -- pour bacheliers KHENCHLA,B21,ANNEXE SOUK AHRAS (ECOLE NORMALE SUPERIEURE DE SETIF),14.34,value,14.97,value,,not_applicable,204
C02PML01,MATHEMATIQUES (P.E.M) -- pour bacheliers SOUK-AHRAS,B21,ANNEXE SOUK AHRAS (ECOLE NORMALE SUPERIEURE DE SETIF),14.97,value,16.01,value,,not_applicable,204
C02PSL01,MATHEMATIQUES (P.E.S.) -- pour bacheliers KHENCHLA,B21,ANNEXE SOUK AHRAS (ECOLE NORMALE SUPERIEURE DE SETIF),15.5,value,16.21,value,,not_applicable,204
C02PSL01,MATHEMATIQUES (P.E.S.) -- pour bacheliers SOUK-AHRAS,B21,ANNEXE SOUK AHRAS (ECOLE NORMALE SUPERIEURE DE SETIF),15.92,value,17.14,value,,not_applicable,204
D00PML01,SCIENCES NATURELLES (P.E.M) -- pour bacheliers KHENCHLA,B21,ANNEXE SOUK AHRAS (ECOLE NORMALE SUPERIEURE DE SETIF),15.19,value,,not_applicable,,not_applicable,204
D00PML01,SCIENCES NATURELLES (P.E.M) -- pour bacheliers SOUK- AHRAS,B21,ANNEXE SOUK AHRAS (ECOLE NORMALE SUPERIEURE DE SETIF),15.68,value,,not_applicable,,not_applicable,205
D00PSL01,SCIENCES NATURELLES (P.E.S) -- pour bacheliers KHENCHLA,B21,ANNEXE SOUK AHRAS (ECOLE NORMALE SUPERIEURE DE SETIF),16.32,value,,not_applicable,,not_applicable,205
D00PSL01,SCIENCES NATURELLES (P.E.S) -- pour bacheliers SOUK- AHRAS,B21,ANNEXE SOUK AHRAS (ECOLE NORMALE SUPERIEURE DE SETIF),16.48,value,,not_applicable,,not_applicable,205
H01PML01,LANGUE FRANCAISE (P.E.M) -- pour bacheliers KHENCHLA,B21,ANNEXE SOUK AHRAS (ECOLE NORMALE SUPERIEURE DE SETIF),,NC,,NC,,not_applicable,205
H01PML01,LANGUE FRANCAISE (P.E.M) -- pour bacheliers SOUK-AHRAS,B21,ANNEXE SOUK AHRAS (ECOLE NORMALE SUPERIEURE DE SETIF),14.33,value,14.92,value,,not_applicable,205
H01PPL01,FRANCAIS (P.E.P) -- pour bacheliers SOUK-AHRAS,B21,ANNEXE SOUK AHRAS (ECOLE NORMALE SUPERIEURE DE SETIF),13.64,value,14.29,value,,not_applicable,205
H01PSL01,LANGUE FRANCAISE (P.E.S) -- pour bacheliers KHENCHLA,B21,ANNEXE SOUK AHRAS (ECOLE NORMALE SUPERIEURE DE SETIF),,NC,,NC,,not_applicable,205
H01PSL01,LANGUE FRANCAISE (P.E.S) -- pour bacheliers SOUK-AHRAS,B21,ANNEXE SOUK AHRAS (ECOLE NORMALE SUPERIEURE DE SETIF),15.45,value,15.83,value,,not_applicable,205
I00PML01,HISTOIRE GEOGRAPHIE (P.E.M) -- pour bacheliers KHENCHLA,B21,ANNEXE SOUK AHRAS (ECOLE NORMALE SUPERIEURE DE SETIF),14.17,value,14.33,value,,not_applicable,205
I00PML01,HISTOIRE GEOGRAPHIE (P.E.M) -- pour bacheliers SOUK- AHRAS,B21,ANNEXE SOUK AHRAS (ECOLE NORMALE SUPERIEURE DE SETIF),14.75,value,15.2,value,,not_applicable,205
I00PSL01,HISTOIRE GEOGRAPHIE (P.E.S) -- pour bacheliers KHENCHLA,B21,ANNEXE SOUK AHRAS (ECOLE NORMALE SUPERIEURE DE SETIF),14.28,value,14.97,value,,not_applicable,205
I00PSL01,HISTOIRE GEOGRAPHIE (P.E.S) -- pour bacheliers SOUK- AHRAS,B21,ANNEXE SOUK AHRAS (ECOLE NORMALE SUPERIEURE DE SETIF),15.15,value,,none_assigned,,not_applicable,205
L00PML01,LANGUE ET LITTERATURE ARABES (P.E.M) -- pour bacheliers KHENCHLA,B21,ANNEXE SOUK AHRAS (ECOLE NORMALE SUPERIEURE DE SETIF),14.13,value,14.66,value,,not_applicable,205
L00PML01,LANGUE ET LITTERATURE ARABES (P.E.M) -- pour bacheliers SOUK-AHRAS,B21,ANNEXE SOUK AHRAS (ECOLE NORMALE SUPERIEURE DE SETIF),14.34,value,15.06,value,,not_applicable,205
L00PPL01,ARABE (P.E.P) -- pour bacheliers SOUK-AHRAS,B21,ANNEXE SOUK AHRAS (ECOLE NORMALE SUPERIEURE DE SETIF),13.4,value,14.05,value,,not_applicable,206
L00PSL01,LANGUE ET LITTERATURE ARABES (P.E.S) -- pour bacheliers KHENCHLA,B21,ANNEXE SOUK AHRAS (ECOLE NORMALE SUPERIEURE DE SETIF),14.75,value,15.67,value,,not_applicable,206
L00PSL01,LANGUE ET LITTERATURE ARABES (P.E.S) -- pour bacheliers SOUK-AHRAS,B21,ANNEXE SOUK AHRAS (ECOLE NORMALE SUPERIEURE DE SETIF),15.1,value,16.09,value,,not_applicable,206
L00PPL01,ARABE (P.E.P) -- pour bacheliers TIPAZA,B41,CENTRE UNIVERSITAIRE DE TIPAZA (ECOLE NORMALE SUPERIEURE DE BOUZAREAH),,NC,,NC,,not_applicable,206
C02PML01,MATHEMATIQUES (P.E.M) -- pour bacheliers OUM-EL- BOUAGHI,B13,ANNEXE MILA (ECOLE NORMALE SUPERIEURE DE CONSTANTINE),15.12,value,15.91,value,,not_applicable,206
C02PML01,MATHEMATIQUES (P.E.M) -- pour bacheliers JIJEL,B13,ANNEXE MILA (ECOLE NORMALE SUPERIEURE DE CONSTANTINE),14.99,value,15.76,value,,not_applicable,206
C02PML01,MATHEMATIQUES (P.E.M) -- pour bacheliers MILA,B13,ANNEXE MILA (ECOLE NORMALE SUPERIEURE DE CONSTANTINE),15.41,value,16.18,value,,not_applicable,206
L00PML01,LANGUE ET LITTERATURE ARABES (P.E.M) -- pour bacheliers BATNA,B13,ANNEXE MILA (ECOLE NORMALE SUPERIEURE DE CONSTANTINE),14.69,value,15.4,value,,not_applicable,206
L00PML01,LANGUE ET LITTERATURE ARABES (P.E.M) -- pour bacheliers JIJEL,B13,ANNEXE MILA (ECOLE NORMALE SUPERIEURE DE CONSTANTINE),14.19,value,14.92,value,,not_applicable,206
L00PML01,LANGUE ET LITTERATURE ARABES (P.E.M) -- pour bacheliers MILA,B13,ANNEXE MILA (ECOLE NORMALE SUPERIEURE DE CONSTANTINE),14.39,value,15.07,value,,not_applicable,206
L00PPL01,ARABE (P.E.P) -- pour bacheliers MILA,B13,ANNEXE MILA (ECOLE NORMALE SUPERIEURE DE CONSTANTINE),14.19,value,14.9,value,,not_applicable,206
C02PML01,MATHEMATIQUES (P.E.M) -- pour bacheliers AIN-DEFLA,B10,ANNEXE KHEMIS MILIANA (ECOLE NORMALE SUPERIEURE DE BOUZAREAH),14.61,value,15.3,value,,not_applicable,206
C02PSL01,MATHEMATIQUES (P.E.S.) -- pour bacheliers TIPAZA,B10,ANNEXE KHEMIS MILIANA (ECOLE NORMALE SUPERIEURE DE BOUZAREAH),15.02,value,15.85,value,,not_applicable,206
C02PSL01,MATHEMATIQUES (P.E.S.) -- pour bacheliers AIN-DEFLA,B10,ANNEXE KHEMIS MILIANA (ECOLE NORMALE SUPERIEURE DE BOUZAREAH),15.76,value,16.62,value,,not_applicable,206
H01PML01,LANGUE FRANCAISE (P.E.M) -- pour bacheliers BLIDA,B10,ANNEXE KHEMIS MILIANA (ECOLE NORMALE SUPERIEURE DE BOUZAREAH),,NC,,NC,,not_applicable,207
H01PML01,LANGUE FRANCAISE (P.E.M) -- pour bacheliers AIN-DEFLA,B10,ANNEXE KHEMIS MILIANA (ECOLE NORMALE SUPERIEURE DE BOUZAREAH),,NC,,NC,,not_applicable,207
H01PPL01,FRANCAIS (P.E.P) -- pour bacheliers TIPAZA,B10,ANNEXE KHEMIS MILIANA (ECOLE NORMALE SUPERIEURE DE BOUZAREAH),13.04,value,13.43,value,,not_applicable,207
H01PPL01,FRANCAIS (P.E.P) -- pour bacheliers AIN-DEFLA,B10,ANNEXE KHEMIS MILIANA (ECOLE NORMALE SUPERIEURE DE BOUZAREAH),13.54,value,14.24,value,,not_applicable,207
H01PSL01,LANGUE FRANCAISE (P.E.S) -- pour bacheliers TIPAZA,B10,ANNEXE KHEMIS MILIANA (ECOLE NORMALE SUPERIEURE DE BOUZAREAH),,NC,,NC,,not_applicable,207
H01PSL01,LANGUE FRANCAISE (P.E.S) -- pour bacheliers AIN-DEFLA,B10,ANNEXE KHEMIS MILIANA (ECOLE NORMALE SUPERIEURE DE BOUZAREAH),14.5,value,14.91,value,,not_applicable,207
H06PML01,LANGUE ANGLAISE (P.E.M) -- pour bacheliers BLIDA,B10,ANNEXE KHEMIS MILIANA (ECOLE NORMALE SUPERIEURE DE BOUZAREAH),,NC,,NC,,not_applicable,207
H06PML01,LANGUE ANGLAISE (P.E.M) -- pour bacheliers AIN-DEFLA,B10,ANNEXE KHEMIS MILIANA (ECOLE NORMALE SUPERIEURE DE BOUZAREAH),14.63,value,15.33,value,,not_applicable,207
H06PPL01,LANGUE ANGLAISE (P.E.P) -- pour bacheliers BLIDA,B10,ANNEXE KHEMIS MILIANA (ECOLE NORMALE SUPERIEURE DE BOUZAREAH),13.66,value,14.57,value,,not_applicable,207
H06PPL01,LANGUE ANGLAISE (P.E.P) -- pour bacheliers TIPAZA,B10,ANNEXE KHEMIS MILIANA (ECOLE NORMALE SUPERIEURE DE BOUZAREAH),13.9,value,14.81,value,,not_applicable,207
H06PPL01,LANGUE ANGLAISE (P.E.P) -- pour bacheliers AIN-DEFLA,B10,ANNEXE KHEMIS MILIANA (ECOLE NORMALE SUPERIEURE DE BOUZAREAH),14.64,value,15.31,value,,not_applicable,207
H06PSL01,LANGUE ANGLAISE (P.E.S) -- pour bacheliers TIPAZA,B10,ANNEXE KHEMIS MILIANA (ECOLE NORMALE SUPERIEURE DE BOUZAREAH),15.57,value,16.47,value,,not_applicable,207
H06PSL01,LANGUE ANGLAISE (P.E.S) -- pour bacheliers AIN-DEFLA,B10,ANNEXE KHEMIS MILIANA (ECOLE NORMALE SUPERIEURE DE BOUZAREAH),15.75,value,16.83,value,,not_applicable,207
I00PSL01,HISTOIRE GEOGRAPHIE (P.E.S) -- pour bacheliers MEDEA,B10,ANNEXE KHEMIS MILIANA (ECOLE NORMALE SUPERIEURE DE BOUZAREAH),14.52,value,15.25,value,,not_applicable,207
I00PSL01,HISTOIRE GEOGRAPHIE (P.E.S) -- pour bacheliers TIPAZA,B10,ANNEXE KHEMIS MILIANA (ECOLE NORMALE SUPERIEURE DE BOUZAREAH),14.77,value,14.51,value,,not_applicable,208
I00PSL01,HISTOIRE GEOGRAPHIE (P.E.S) -- pour bacheliers AIN-DEFLA,B10,ANNEXE KHEMIS MILIANA (ECOLE NORMALE SUPERIEURE DE BOUZAREAH),15.07,value,15.57,value,,not_applicable,208
L00PML01,LANGUE ET LITTERATURE ARABES (P.E.M) -- pour bacheliers BLIDA,B10,ANNEXE KHEMIS MILIANA (ECOLE NORMALE SUPERIEURE DE BOUZAREAH),,NC,,NC,,not_applicable,208
L00PML01,LANGUE ET LITTERATURE ARABES (P.E.M) -- pour bacheliers AIN-DEFLA,B10,ANNEXE KHEMIS MILIANA (ECOLE NORMALE SUPERIEURE DE BOUZAREAH),14.07,value,14.77,value,,not_applicable,208
L00PPL01,ARABE (P.E.P) -- pour bacheliers AIN-DEFLA,B10,ANNEXE KHEMIS MILIANA (ECOLE NORMALE SUPERIEURE DE BOUZAREAH),13.29,value,13.98,value,,not_applicable,208
L00PSL01,LANGUE ET LITTERATURE ARABES (P.E.S) -- pour bacheliers AIN-DEFLA,B10,ANNEXE KHEMIS MILIANA (ECOLE NORMALE SUPERIEURE DE BOUZAREAH),14.76,value,15.5,value,,not_applicable,208
L00PPL01,ARABE (P.E.P) -- pour bacheliers NAAMA,B42,CENTRE UNIVERSITAIRE DE NAAMA (ECOLE NORMALE SUPERIEURE DE SAIDA),,NC,,NC,,not_applicable,208
L00PPL01,ARABE (P.E.P) -- pour bacheliers AIN-TEMOUCHENT,B36,UNIVERSITE D AIN TEMOUCHENT (ECOLE NORMALE SUPERIEURE D ORAN),,NC,,NC,,not_applicable,208
B00PML01,SCIENCES PHYSIQUE ET TECHNOLOGIE (P.E.M) -- pour bacheliers GHARDAIA,B07,ANNEXE GHARDAIA (ECOLE NORMALE SUPERIEURE DE LAGHOUAT),14.69,value,14.31,value,,not_applicable,208
B00PML01,SCIENCES PHYSIQUE ET TECHNOLOGIE (P.E.M) -- pour bacheliers TOUGGOURT,B07,ANNEXE GHARDAIA (ECOLE NORMALE SUPERIEURE DE LAGHOUAT),,NC,,NC,,not_applicable,208
B00PML01,SCIENCES PHYSIQUE ET TECHNOLOGIE (P.E.M) -- pour bacheliers EL MENIAA,B07,ANNEXE GHARDAIA (ECOLE NORMALE SUPERIEURE DE LAGHOUAT),,NC,,NC,,not_applicable,208
C02PML01,MATHEMATIQUES (P.E.M) -- pour bacheliers GHARDAIA,B07,ANNEXE GHARDAIA (ECOLE NORMALE SUPERIEURE DE LAGHOUAT),,NC,,NC,,not_applicable,208
C02PML01,MATHEMATIQUES (P.E.M) -- pour bacheliers EL MENIAA,B07,ANNEXE GHARDAIA (ECOLE NORMALE SUPERIEURE DE LAGHOUAT),,NC,,NC,,not_applicable,208
D00PML01,SCIENCES NATURELLES (P.E.M) -- pour bacheliers GHARDAIA,B07,ANNEXE GHARDAIA (ECOLE NORMALE SUPERIEURE DE LAGHOUAT),14.25,value,,not_applicable,,not_applicable,208
D00PML01,SCIENCES NATURELLES (P.E.M) -- pour bacheliers EL MENIAA,B07,ANNEXE GHARDAIA (ECOLE NORMALE SUPERIEURE DE LAGHOUAT),,NC,,not_applicable,,not_applicable,209
H01PML01,LANGUE FRANCAISE (P.E.M) -- pour bacheliers GHARDAIA,B07,ANNEXE GHARDAIA (ECOLE NORMALE SUPERIEURE DE LAGHOUAT),,NC,,NC,,not_applicable,209
H01PML01,LANGUE FRANCAISE (P.E.M) -- pour bacheliers EL MENIAA,B07,ANNEXE GHARDAIA (ECOLE NORMALE SUPERIEURE DE LAGHOUAT),,NC,,NC,,not_applicable,209
H06PPL01,LANGUE ANGLAISE (P.E.P) -- pour bacheliers GHARDAIA,B07,ANNEXE GHARDAIA (ECOLE NORMALE SUPERIEURE DE LAGHOUAT),13.77,value,14.74,value,,not_applicable,209
H06PPL01,LANGUE ANGLAISE (P.E.P) -- pour bacheliers EL MGHAIER,B07,ANNEXE GHARDAIA (ECOLE NORMALE SUPERIEURE DE LAGHOUAT),13.06,value,13.51,value,,not_applicable,209
H06PPL01,LANGUE ANGLAISE (P.E.P) -- pour bacheliers EL MENIAA,B07,ANNEXE GHARDAIA (ECOLE NORMALE SUPERIEURE DE LAGHOUAT),,NC,,NC,,not_applicable,209
H06PSL01,LANGUE ANGLAISE (P.E.S) -- pour bacheliers GHARDAIA,B07,ANNEXE GHARDAIA (ECOLE NORMALE SUPERIEURE DE LAGHOUAT),15.41,value,16.2,value,,not_applicable,209
H06PSL01,LANGUE ANGLAISE (P.E.S) -- pour bacheliers OULED DJELLAL,B07,ANNEXE GHARDAIA (ECOLE NORMALE SUPERIEURE DE LAGHOUAT),14.88,value,15.56,value,,not_applicable,209
H06PSL01,LANGUE ANGLAISE (P.E.S) -- pour bacheliers TOUGGOURT,B07,ANNEXE GHARDAIA (ECOLE NORMALE SUPERIEURE DE LAGHOUAT),14.8,value,15.29,value,,not_applicable,209
H06PSL01,LANGUE ANGLAISE (P.E.S) -- pour bacheliers EL MGHAIER,B07,ANNEXE GHARDAIA (ECOLE NORMALE SUPERIEURE DE LAGHOUAT),,NC,,NC,,not_applicable,209
H06PSL01,LANGUE ANGLAISE (P.E.S) -- pour bacheliers EL MENIAA,B07,ANNEXE GHARDAIA (ECOLE NORMALE SUPERIEURE DE LAGHOUAT),18.02,value,,none_assigned,,not_applicable,209
I00PML01,HISTOIRE GEOGRAPHIE (P.E.M) -- pour bacheliers GHARDAIA,B07,ANNEXE GHARDAIA (ECOLE NORMALE SUPERIEURE DE LAGHOUAT),,NC,,NC,,not_applicable,209
I00PML01,HISTOIRE GEOGRAPHIE (P.E.M) -- pour bacheliers EL MENIAA,B07,ANNEXE GHARDAIA (ECOLE NORMALE SUPERIEURE DE LAGHOUAT),,NC,,NC,,not_applicable,209
I00PSL01,HISTOIRE GEOGRAPHIE (P.E.S) -- pour bacheliers GHARDAIA,B07,ANNEXE GHARDAIA (ECOLE NORMALE SUPERIEURE DE LAGHOUAT),,none_assigned,15.18,value,,not_applicable,209
I00PSL01,HISTOIRE GEOGRAPHIE (P.E.S) -- pour bacheliers OULED DJELLAL,B07,ANNEXE GHARDAIA (ECOLE NORMALE SUPERIEURE DE LAGHOUAT),,none_assigned,14.31,value,,not_applicable,210
I00PSL01,HISTOIRE GEOGRAPHIE (P.E.S) -- pour bacheliers TOUGGOURT,B07,ANNEXE GHARDAIA (ECOLE NORMALE SUPERIEURE DE LAGHOUAT),,NC,,NC,,not_applicable,210
I00PSL01,HISTOIRE GEOGRAPHIE (P.E.S) -- pour bacheliers DJANET,B07,ANNEXE GHARDAIA (ECOLE NORMALE SUPERIEURE DE LAGHOUAT),,NC,,NC,,not_applicable,210
I00PSL01,HISTOIRE GEOGRAPHIE (P.E.S) -- pour bacheliers EL MENIAA,B07,ANNEXE GHARDAIA (ECOLE NORMALE SUPERIEURE DE LAGHOUAT),14.0,value,14.18,value,,not_applicable,210
L00PML01,LANGUE ET LITTERATURE ARABES (P.E.M) -- pour bacheliers GHARDAIA,B07,ANNEXE GHARDAIA (ECOLE NORMALE SUPERIEURE DE LAGHOUAT),,NC,,NC,,not_applicable,210
L00PML01,LANGUE ET LITTERATURE ARABES (P.E.M) -- pour bacheliers TOUGGOURT,B07,ANNEXE GHARDAIA (ECOLE NORMALE SUPERIEURE DE LAGHOUAT),,NC,,NC,,not_applicable,210
L00PPL01,ARABE (P.E.P) -- pour bacheliers GHARDAIA,B07,ANNEXE GHARDAIA (ECOLE NORMALE SUPERIEURE DE LAGHOUAT),,NC,,NC,,not_applicable,210
L00PSL01,LANGUE ET LITTERATURE ARABES (P.E.S) -- pour bacheliers GHARDAIA,B07,ANNEXE GHARDAIA (ECOLE NORMALE SUPERIEURE DE LAGHOUAT),,NC,,NC,,not_applicable,210
L00PSL01,LANGUE ET LITTERATURE ARABES (P.E.S) -- pour bacheliers OULED DJELLAL,B07,ANNEXE GHARDAIA (ECOLE NORMALE SUPERIEURE DE LAGHOUAT),14.17,value,14.12,value,,not_applicable,210
L00PSL01,LANGUE ET LITTERATURE ARABES (P.E.S) -- pour bacheliers TOUGGOURT,B07,ANNEXE GHARDAIA (ECOLE NORMALE SUPERIEURE DE LAGHOUAT),,NC,,NC,,not_applicable,210
L00PSL01,LANGUE ET LITTERATURE ARABES (P.E.S) -- pour bacheliers EL MENIAA,B07,ANNEXE GHARDAIA (ECOLE NORMALE SUPERIEURE DE LAGHOUAT),,NC,,NC,,not_applicable,210
B00PML01,SCIENCES PHYSIQUE ET TECHNOLOGIE (P.E.M) -- pour bacheliers MOSTAGANEM,B14,ANNEXE RELIZANE (ECOLE NORMALE SUPERIEURE DE MOSTAGANEM),14.32,value,15.35,value,,not_applicable,210
B00PML01,SCIENCES PHYSIQUE ET TECHNOLOGIE (P.E.M) -- pour bacheliers RELIZANE,B14,ANNEXE RELIZANE (ECOLE NORMALE SUPERIEURE DE MOSTAGANEM),15.41,value,,none_assigned,,not_applicable,210
C02PML01,MATHEMATIQUES (P.E.M) -- pour bacheliers RELIZANE,B14,ANNEXE RELIZANE (ECOLE NORMALE SUPERIEURE DE MOSTAGANEM),15.28,value,16.12,value,,not_applicable,210
D00PSL01,SCIENCES NATURELLES (P.E.S) -- pour bacheliers TISSEMSILT,B14,ANNEXE RELIZANE (ECOLE NORMALE SUPERIEURE DE MOSTAGANEM),16.56,value,,not_applicable,,not_applicable,211
D00PSL01,SCIENCES NATURELLES (P.E.S) -- pour bacheliers NAAMA,B14,ANNEXE RELIZANE (ECOLE NORMALE SUPERIEURE DE MOSTAGANEM),14.22,value,,not_applicable,,not_applicable,211
D00PSL01,SCIENCES NATURELLES (P.E.S) -- pour bacheliers AIN- TEMOUCHENT,B14,ANNEXE RELIZANE (ECOLE NORMALE SUPERIEURE DE MOSTAGANEM),14.88,value,,not_applicable,,not_applicable,211
D00PSL01,SCIENCES NATURELLES (P.E.S) -- pour bacheliers RELIZANE,B14,ANNEXE RELIZANE (ECOLE NORMALE SUPERIEURE DE MOSTAGANEM),16.0,value,,not_applicable,,not_applicable,211
H01PML01,LANGUE FRANCAISE (P.E.M) -- pour bacheliers RELIZANE,B14,ANNEXE RELIZANE (ECOLE NORMALE SUPERIEURE DE MOSTAGANEM),,NC,,NC,,not_applicable,211
H01PPL01,FRANCAIS (P.E.P) -- pour bacheliers RELIZANE,B14,ANNEXE RELIZANE (ECOLE NORMALE SUPERIEURE DE MOSTAGANEM),13.26,value,13.93,value,,not_applicable,211
H06PML01,LANGUE ANGLAISE (P.E.M) -- pour bacheliers RELIZANE,B14,ANNEXE RELIZANE (ECOLE NORMALE SUPERIEURE DE MOSTAGANEM),14.55,value,15.23,value,,not_applicable,211
L00PML01,LANGUE ET LITTERATURE ARABES (P.E.M) -- pour bacheliers RELIZANE,B14,ANNEXE RELIZANE (ECOLE NORMALE SUPERIEURE DE MOSTAGANEM),14.34,value,15.0,value,,not_applicable,211
L00PPL01,ARABE (P.E.P) -- pour bacheliers RELIZANE,B14,ANNEXE RELIZANE (ECOLE NORMALE SUPERIEURE DE MOSTAGANEM),13.02,value,13.02,value,,not_applicable,211
C01PSL01,INFORMATIQUE (P.E.S) -- pour bacheliers CHLEF,B50,ANNEXE RELIZANE (ECOLE NORMALE SUPERIEURE DE LAGHOUAT),17.68,value,,none_assigned,,not_applicable,211
C01PSL01,INFORMATIQUE (P.E.S) -- pour bacheliers TLEMCEN,B50,ANNEXE RELIZANE (ECOLE NORMALE SUPERIEURE DE LAGHOUAT),,none_assigned,,none_assigned,,not_applicable,211
C01PSL01,INFORMATIQUE (P.E.S) -- pour bacheliers SAIDA,B50,ANNEXE RELIZANE (ECOLE NORMALE SUPERIEURE DE LAGHOUAT),14.31,value,14.38,value,,not_applicable,211
C01PSL01,INFORMATIQUE (P.E.S) -- pour bacheliers SIDIBEL-ABBES,B50,ANNEXE RELIZANE (ECOLE NORMALE SUPERIEURE DE LAGHOUAT),,NC,,NC,,not_applicable,211
C01PSL01,INFORMATIQUE (P.E.S) -- pour bacheliers MOSTAGANEM,B50,ANNEXE RELIZANE (ECOLE NORMALE SUPERIEURE DE LAGHOUAT),14.41,value,15.94,value,,not_applicable,211
C01PSL01,INFORMATIQUE (P.E.S) -- pour bacheliers ORAN,B50,ANNEXE RELIZANE (ECOLE NORMALE SUPERIEURE DE LAGHOUAT),,NC,,NC,,not_applicable,212
C01PSL01,INFORMATIQUE (P.E.S) -- pour bacheliers AIN-TEMOUCHENT,B50,ANNEXE RELIZANE (ECOLE NORMALE SUPERIEURE DE LAGHOUAT),,NC,,NC,,not_applicable,212
C01PSL01,INFORMATIQUE (P.E.S) -- pour bacheliers RELIZANE,B50,ANNEXE RELIZANE (ECOLE NORMALE SUPERIEURE DE LAGHOUAT),15.95,value,16.8,value,,not_applicable,212
W01SANTE,SAGE FEMME DE SANTE PUBLIQUE (FORMATION DEDIEE AUX BACHELIERES) -- pour bacheliers ADRAR,R27,INFSSF TLEMCEN,14.57,value,,none_assigned,,not_applicable,212
W01SANTE,SAGE FEMME DE SANTE PUBLIQUE (FORMATION DEDIEE AUX BACHELIERES) -- pour bacheliers CHLEF,R27,INFSSF TLEMCEN,16.1,value,,none_assigned,,not_applicable,212
W01SANTE,SAGE FEMME DE SANTE PUBLIQUE (FORMATION DEDIEE AUX BACHELIERES) -- pour bacheliers BECHAR,R27,INFSSF TLEMCEN,14.25,value,,none_assigned,,not_applicable,212
W01SANTE,SAGE FEMME DE SANTE PUBLIQUE (FORMATION DEDIEE AUX BACHELIERES) -- pour bacheliers TLEMCEN,R27,INFSSF TLEMCEN,16.23,value,17.27,value,,not_applicable,212
W01SANTE,SAGE FEMME DE SANTE PUBLIQUE (FORMATION DEDIEE AUX BACHELIERES) -- pour bacheliers TIARET,R27,INFSSF TLEMCEN,15.82,value,,none_assigned,,not_applicable,212
W01SANTE,SAGE FEMME DE SANTE PUBLIQUE (FORMATION DEDIEE AUX BACHELIERES) -- pour bacheliers SAIDA,R27,INFSSF TLEMCEN,15.17,value,,none_assigned,,not_applicable,212
W01SANTE,SAGE FEMME DE SANTE PUBLIQUE (FORMATION DEDIEE AUX BACHELIERES) -- pour bacheliers SIDIBEL-ABBES,R27,INFSSF TLEMCEN,15.88,value,,none_assigned,,not_applicable,212
W01SANTE,SAGE FEMME DE SANTE PUBLIQUE (FORMATION DEDIEE AUX BACHELIERES) -- pour bacheliers MOSTAGANEM,R27,INFSSF TLEMCEN,15.61,value,,none_assigned,,not_applicable,212
W01SANTE,SAGE FEMME DE SANTE PUBLIQUE (FORMATION DEDIEE AUX BACHELIERES) -- pour bacheliers MASCARA,R27,INFSSF TLEMCEN,16.03,value,,none_assigned,,not_applicable,212
W01SANTE,SAGE FEMME DE SANTE PUBLIQUE (FORMATION DEDIEE AUX BACHELIERES) -- pour bacheliers ORAN,R27,INFSSF TLEMCEN,15.67,value,,none_assigned,,not_applicable,212
W01SANTE,SAGE FEMME DE SANTE PUBLIQUE (FORMATION DEDIEE AUX BACHELIERES) -- pour bacheliers EL BAYADH,R27,INFSSF TLEMCEN,15.26,value,,none_assigned,,not_applicable,212
W01SANTE,SAGE FEMME DE SANTE PUBLIQUE (FORMATION DEDIEE AUX BACHELIERES) -- pour bacheliers TINDOUF,R27,INFSSF TLEMCEN,12.69,value,14.82,value,,not_applicable,213
W01SANTE,SAGE FEMME DE SANTE PUBLIQUE (FORMATION DEDIEE AUX BACHELIERES) -- pour bacheliers TISSEMSILT,R27,INFSSF TLEMCEN,15.28,value,,none_assigned,,not_applicable,213
W01SANTE,SAGE FEMME DE SANTE PUBLIQUE (FORMATION DEDIEE AUX BACHELIERES) -- pour bacheliers NAAMA,R27,INFSSF TLEMCEN,15.19,value,,none_assigned,,not_applicable,213
W01SANTE,SAGE FEMME DE SANTE PUBLIQUE (FORMATION DEDIEE AUX BACHELIERES) -- pour bacheliers AIN-TEMOUCHENT,R27,INFSSF TLEMCEN,15.83,value,16.55,value,,not_applicable,213
W01SANTE,SAGE FEMME DE SANTE PUBLIQUE (FORMATION DEDIEE AUX BACHELIERES) -- pour bacheliers RELIZANE,R27,INFSSF TLEMCEN,15.91,value,,none_assigned,,not_applicable,213
W01SANTE,SAGE FEMME DE SANTE PUBLIQUE (FORMATION DEDIEE AUX BACHELIERES) -- pour bacheliers TIMIMOUN,R27,INFSSF TLEMCEN,13.97,value,,none_assigned,,not_applicable,213
W01SANTE,SAGE FEMME DE SANTE PUBLIQUE (FORMATION DEDIEE AUX BACHELIERES) -- pour bacheliers BORDJ BADJI MOKHTAR,R27,INFSSF TLEMCEN,,NC,,NC,,not_applicable,213
W01SANTE,SAGE FEMME DE SANTE PUBLIQUE (FORMATION DEDIEE AUX BACHELIERES) -- pour bacheliers BENI ABBES,R27,INFSSF TLEMCEN,12.45,value,14.17,value,,not_applicable,213
W01SANTE,SAGE FEMME DE SANTE PUBLIQUE (FORMATION DEDIEE AUX BACHELIERES) -- pour bacheliers LAGHOUAT,R26,INFSSF TIZI OUZOU,14.62,value,,none_assigned,,not_applicable,213
W01SANTE,SAGE FEMME DE SANTE PUBLIQUE (FORMATION DEDIEE AUX BACHELIERES) -- pour bacheliers BEJAIA,R26,INFSSF TIZI OUZOU,14.99,value,,none_assigned,,not_applicable,213
W01SANTE,SAGE FEMME DE SANTE PUBLIQUE (FORMATION DEDIEE AUX BACHELIERES) -- pour bacheliers BLIDA,R26,INFSSF TIZI OUZOU,15.76,value,,none_assigned,,not_applicable,213
W01SANTE,SAGE FEMME DE SANTE PUBLIQUE (FORMATION DEDIEE AUX BACHELIERES) -- pour bacheliers BOUIRA,R26,INFSSF TIZI OUZOU,15.53,value,16.33,value,,not_applicable,213
W01SANTE,SAGE FEMME DE SANTE PUBLIQUE (FORMATION DEDIEE AUX BACHELIERES) -- pour bacheliers TAMANRASSET,R26,INFSSF TIZI OUZOU,11.93,value,,none_assigned,,not_applicable,213
W01SANTE,SAGE FEMME DE SANTE PUBLIQUE (FORMATION DEDIEE AUX BACHELIERES) -- pour bacheliers TIZI-OUZOU,R26,INFSSF TIZI OUZOU,15.41,value,16.37,value,,not_applicable,213
W01SANTE,SAGE FEMME DE SANTE PUBLIQUE (FORMATION DEDIEE AUX BACHELIERES) -- pour bacheliers ALGER,R26,INFSSF TIZI OUZOU,15.74,value,,none_assigned,,not_applicable,214
W01SANTE,SAGE FEMME DE SANTE PUBLIQUE (FORMATION DEDIEE AUX BACHELIERES) -- pour bacheliers DJELFA,R26,INFSSF TIZI OUZOU,15.13,value,,none_assigned,,not_applicable,214
W01SANTE,SAGE FEMME DE SANTE PUBLIQUE (FORMATION DEDIEE AUX BACHELIERES) -- pour bacheliers MEDEA,R26,INFSSF TIZI OUZOU,15.93,value,,none_assigned,,not_applicable,214
W01SANTE,SAGE FEMME DE SANTE PUBLIQUE (FORMATION DEDIEE AUX BACHELIERES) -- pour bacheliers MSILA,R26,INFSSF TIZI OUZOU,15.57,value,16.5,value,,not_applicable,214
W01SANTE,SAGE FEMME DE SANTE PUBLIQUE (FORMATION DEDIEE AUX BACHELIERES) -- pour bacheliers BOUMERDES,R26,INFSSF TIZI OUZOU,15.79,value,,none_assigned,,not_applicable,214
W01SANTE,SAGE FEMME DE SANTE PUBLIQUE (FORMATION DEDIEE AUX BACHELIERES) -- pour bacheliers TIPAZA,R26,INFSSF TIZI OUZOU,15.54,value,,none_assigned,,not_applicable,214
W01SANTE,SAGE FEMME DE SANTE PUBLIQUE (FORMATION DEDIEE AUX BACHELIERES) -- pour bacheliers AIN-DEFLA,R26,INFSSF TIZI OUZOU,15.85,value,,none_assigned,,not_applicable,214
W01SANTE,SAGE FEMME DE SANTE PUBLIQUE (FORMATION DEDIEE AUX BACHELIERES) -- pour bacheliers GHARDAIA,R26,INFSSF TIZI OUZOU,15.49,value,,none_assigned,,not_applicable,214
W01SANTE,SAGE FEMME DE SANTE PUBLIQUE (FORMATION DEDIEE AUX BACHELIERES) -- pour bacheliers IN SALAH,R26,INFSSF TIZI OUZOU,12.42,value,14.31,value,,not_applicable,214
W01SANTE,SAGE FEMME DE SANTE PUBLIQUE (FORMATION DEDIEE AUX BACHELIERES) -- pour bacheliers IN GUEZZAM,R26,INFSSF TIZI OUZOU,,NC,,NC,,not_applicable,214
W01SANTE,SAGE FEMME DE SANTE PUBLIQUE (FORMATION DEDIEE AUX BACHELIERES) -- pour bacheliers EL MGHAIER,R26,INFSSF TIZI OUZOU,14.15,value,14.77,value,,not_applicable,214
W01SANTE,SAGE FEMME DE SANTE PUBLIQUE (FORMATION DEDIEE AUX BACHELIERES) -- pour bacheliers EL MENIAA,R26,INFSSF TIZI OUZOU,12.92,value,,none_assigned,,not_applicable,214
W01SANTE,SAGE FEMME DE SANTE PUBLIQUE (FORMATION DEDIEE AUX BACHELIERES) -- pour bacheliers OUM-EL-BOUAGHI,R25,INFSSF ANNABA,15.76,value,,none_assigned,,not_applicable,214
W01SANTE,SAGE FEMME DE SANTE PUBLIQUE (FORMATION DEDIEE AUX BACHELIERES) -- pour bacheliers BATNA,R25,INFSSF ANNABA,16.2,value,,none_assigned,,not_applicable,214
W01SANTE,SAGE FEMME DE SANTE PUBLIQUE (FORMATION DEDIEE AUX BACHELIERES) -- pour bacheliers BISKRA,R25,INFSSF ANNABA,15.51,value,16.81,value,,not_applicable,215
W01SANTE,SAGE FEMME DE SANTE PUBLIQUE (FORMATION DEDIEE AUX BACHELIERES) -- pour bacheliers TEBESSA,R25,INFSSF ANNABA,15.28,value,,none_assigned,,not_applicable,215
W01SANTE,SAGE FEMME DE SANTE PUBLIQUE (FORMATION DEDIEE AUX BACHELIERES) -- pour bacheliers JIJEL,R25,INFSSF ANNABA,15.66,value,16.79,value,,not_applicable,215
W01SANTE,SAGE FEMME DE SANTE PUBLIQUE (FORMATION DEDIEE AUX BACHELIERES) -- pour bacheliers SETIF,R25,INFSSF ANNABA,15.97,value,,none_assigned,,not_applicable,215
W01SANTE,SAGE FEMME DE SANTE PUBLIQUE (FORMATION DEDIEE AUX BACHELIERES) -- pour bacheliers SKIKDA,R25,INFSSF ANNABA,15.88,value,,none_assigned,,not_applicable,215
W01SANTE,SAGE FEMME DE SANTE PUBLIQUE (FORMATION DEDIEE AUX BACHELIERES) -- pour bacheliers ANNABA,R25,INFSSF ANNABA,15.9,value,,none_assigned,,not_applicable,215
W01SANTE,SAGE FEMME DE SANTE PUBLIQUE (FORMATION DEDIEE AUX BACHELIERES) -- pour bacheliers GUELMA,R25,INFSSF ANNABA,15.88,value,,none_assigned,,not_applicable,215
W01SANTE,SAGE FEMME DE SANTE PUBLIQUE (FORMATION DEDIEE AUX BACHELIERES) -- pour bacheliers CONSTANTINE,R25,INFSSF ANNABA,15.84,value,,none_assigned,,not_applicable,215
W01SANTE,SAGE FEMME DE SANTE PUBLIQUE (FORMATION DEDIEE AUX BACHELIERES) -- pour bacheliers OUARGLA,R25,INFSSF ANNABA,14.26,value,15.81,value,,not_applicable,215
W01SANTE,SAGE FEMME DE SANTE PUBLIQUE (FORMATION DEDIEE AUX BACHELIERES) -- pour bacheliers ILLIZI,R25,INFSSF ANNABA,12.19,value,,none_assigned,,not_applicable,215
W01SANTE,SAGE FEMME DE SANTE PUBLIQUE (FORMATION DEDIEE AUX BACHELIERES) -- pour bacheliers B.B.ARRERIDJ,R25,INFSSF ANNABA,15.66,value,,none_assigned,,not_applicable,215
W01SANTE,SAGE FEMME DE SANTE PUBLIQUE (FORMATION DEDIEE AUX BACHELIERES) -- pour bacheliers ELTARF,R25,INFSSF ANNABA,15.85,value,,none_assigned,,not_applicable,215
W01SANTE,SAGE FEMME DE SANTE PUBLIQUE (FORMATION DEDIEE AUX BACHELIERES) -- pour bacheliers EL OUED,R25,INFSSF ANNABA,15.53,value,,none_assigned,,not_applicable,215
W01SANTE,SAGE FEMME DE SANTE PUBLIQUE (FORMATION DEDIEE AUX BACHELIERES) -- pour bacheliers KHENCHLA,R25,INFSSF ANNABA,15.87,value,,none_assigned,,not_applicable,215
W01SANTE,SAGE FEMME DE SANTE PUBLIQUE (FORMATION DEDIEE AUX BACHELIERES) -- pour bacheliers SOUK-AHRAS,R25,INFSSF ANNABA,15.57,value,,none_assigned,,not_applicable,216
W01SANTE,SAGE FEMME DE SANTE PUBLIQUE (FORMATION DEDIEE AUX BACHELIERES) -- pour bacheliers MILA,R25,INFSSF ANNABA,15.85,value,,none_assigned,,not_applicable,216
W01SANTE,SAGE FEMME DE SANTE PUBLIQUE (FORMATION DEDIEE AUX BACHELIERES) -- pour bacheliers OULED DJELLAL,R25,INFSSF ANNABA,13.57,value,,none_assigned,,not_applicable,216
W01SANTE,SAGE FEMME DE SANTE PUBLIQUE (FORMATION DEDIEE AUX BACHELIERES) -- pour bacheliers TOUGGOURT,R25,INFSSF ANNABA,15.37,value,,none_assigned,,not_applicable,216
W01SANTE,SAGE FEMME DE SANTE PUBLIQUE (FORMATION DEDIEE AUX BACHELIERES) -- pour bacheliers DJANET,R25,INFSSF ANNABA,,NC,,NC,,not_applicable,216
X01SANTE,INFIMIERS DE SANTE PUBLIQUE -- pour bacheliers ADRAR,R01,INFSPM ADRAR,13.4,value,14.07,value,,not_applicable,216
X01SANTE,INFIMIERS DE SANTE PUBLIQUE -- pour bacheliers TAMANRASSET,R01,INFSPM ADRAR,12.09,value,13.27,value,,not_applicable,216
X01SANTE,INFIMIERS DE SANTE PUBLIQUE -- pour bacheliers TIMIMOUN,R01,INFSPM ADRAR,13.42,value,14.1,value,,not_applicable,216
X01SANTE,INFIMIERS DE SANTE PUBLIQUE -- pour bacheliers BORDJ BADJI MOKHTAR,R01,INFSPM ADRAR,,NC,,NC,,not_applicable,216
X01SANTE,INFIMIERS DE SANTE PUBLIQUE -- pour bacheliers IN SALAH,R01,INFSPM ADRAR,11.27,value,11.95,value,,not_applicable,216
X01SANTE,INFIMIERS DE SANTE PUBLIQUE -- pour bacheliers IN GUEZZAM,R01,INFSPM ADRAR,,NC,,NC,,not_applicable,216
X04SANTE,KINESITHERAPEUTES DE SANTE PUBLIQUE -- pour bacheliers ADRAR,R01,INFSPM ADRAR,14.71,value,,none_assigned,,not_applicable,216
X04SANTE,KINESITHERAPEUTES DE SANTE PUBLIQUE -- pour bacheliers TAMANRASSET,R01,INFSPM ADRAR,14.21,value,,none_assigned,,not_applicable,216
X04SANTE,KINESITHERAPEUTES DE SANTE PUBLIQUE -- pour bacheliers TIMIMOUN,R01,INFSPM ADRAR,14.9,value,,none_assigned,,not_applicable,216
X04SANTE,KINESITHERAPEUTES DE SANTE PUBLIQUE -- pour bacheliers BORDJ BADJI MOKHTAR,R01,INFSPM ADRAR,,NC,,NC,,not_applicable,216
X04SANTE,KINESITHERAPEUTES DE SANTE PUBLIQUE -- pour bacheliers IN SALAH,R01,INFSPM ADRAR,12.31,value,13.57,value,,not_applicable,217
X04SANTE,KINESITHERAPEUTES DE SANTE PUBLIQUE -- pour bacheliers IN GUEZZAM,R01,INFSPM ADRAR,12.65,value,,none_assigned,,not_applicable,217
X09SANTE,MANIPULATEURS EN IMAGERIE MEDICALE DE SANTE PUBLIQUE -- pour bacheliers ADRAR,R01,INFSPM ADRAR,14.18,value,,none_assigned,,not_applicable,217
X09SANTE,MANIPULATEURS EN IMAGERIE MEDICALE DE SANTE PUBLIQUE -- pour bacheliers TAMANRASSET,R01,INFSPM ADRAR,13.36,value,14.92,value,,not_applicable,217
X09SANTE,MANIPULATEURS EN IMAGERIE MEDICALE DE SANTE PUBLIQUE -- pour bacheliers TIMIMOUN,R01,INFSPM ADRAR,13.9,value,14.58,value,,not_applicable,217
X09SANTE,MANIPULATEURS EN IMAGERIE MEDICALE DE SANTE PUBLIQUE -- pour bacheliers BORDJ BADJI MOKHTAR,R01,INFSPM ADRAR,,NC,,NC,,not_applicable,217
X09SANTE,MANIPULATEURS EN IMAGERIE MEDICALE DE SANTE PUBLIQUE -- pour bacheliers IN SALAH,R01,INFSPM ADRAR,12.37,value,13.37,value,,not_applicable,217
X09SANTE,MANIPULATEURS EN IMAGERIE MEDICALE DE SANTE PUBLIQUE -- pour bacheliers IN GUEZZAM,R01,INFSPM ADRAR,,NC,,NC,,not_applicable,217
X10SANTE,LABORANTINS DE SANTE PUBLIQUE -- pour bacheliers ADRAR,R01,INFSPM ADRAR,14.59,value,,none_assigned,,not_applicable,217
X10SANTE,LABORANTINS DE SANTE PUBLIQUE -- pour bacheliers TAMANRASSET,R01,INFSPM ADRAR,12.87,value,,none_assigned,,not_applicable,217
X10SANTE,LABORANTINS DE SANTE PUBLIQUE -- pour bacheliers TIMIMOUN,R01,INFSPM ADRAR,14.49,value,15.78,value,,not_applicable,217
X10SANTE,LABORANTINS DE SANTE PUBLIQUE -- pour bacheliers BORDJ BADJI MOKHTAR,R01,INFSPM ADRAR,,NC,,NC,,not_applicable,217
X10SANTE,LABORANTINS DE SANTE PUBLIQUE -- pour bacheliers IN SALAH,R01,INFSPM ADRAR,12.42,value,16.09,value,,not_applicable,217
X10SANTE,LABORANTINS DE SANTE PUBLIQUE -- pour bacheliers IN GUEZZAM,R01,INFSPM ADRAR,,NC,,NC,,not_applicable,217
X11SANTE,PREPARATEURS EN PHARMACIE DE SANTE PUBLIQUE -- pour bacheliers ADRAR,R01,INFSPM ADRAR,14.5,value,,none_assigned,,not_applicable,218
X11SANTE,PREPARATEURS EN PHARMACIE DE SANTE PUBLIQUE -- pour bacheliers TAMANRASSET,R01,INFSPM ADRAR,12.55,value,,none_assigned,,not_applicable,218
X11SANTE,PREPARATEURS EN PHARMACIE DE SANTE PUBLIQUE -- pour bacheliers TINDOUF,R01,INFSPM ADRAR,13.43,value,,none_assigned,,not_applicable,218
X11SANTE,PREPARATEURS EN PHARMACIE DE SANTE PUBLIQUE -- pour bacheliers TIMIMOUN,R01,INFSPM ADRAR,14.59,value,,none_assigned,,not_applicable,218
X11SANTE,PREPARATEURS EN PHARMACIE DE SANTE PUBLIQUE -- pour bacheliers BORDJ BADJI MOKHTAR,R01,INFSPM ADRAR,,NC,,NC,,not_applicable,218
X11SANTE,PREPARATEURS EN PHARMACIE DE SANTE PUBLIQUE -- pour bacheliers BENI ABBES,R01,INFSPM ADRAR,13.28,value,,none_assigned,,not_applicable,218
X11SANTE,PREPARATEURS EN PHARMACIE DE SANTE PUBLIQUE -- pour bacheliers IN SALAH,R01,INFSPM ADRAR,13.56,value,,none_assigned,,not_applicable,218
X11SANTE,PREPARATEURS EN PHARMACIE DE SANTE PUBLIQUE -- pour bacheliers IN GUEZZAM,R01,INFSPM ADRAR,,NC,,NC,,not_applicable,218
X13SANTE,ASSISTANTS MEDICAUX DE SANTE PUBLIQUE -- pour bacheliers ADRAR,R01,INFSPM ADRAR,13.44,value,14.38,value,,not_applicable,218
X13SANTE,ASSISTANTS MEDICAUX DE SANTE PUBLIQUE -- pour bacheliers TAMANRASSET,R01,INFSPM ADRAR,12.34,value,12.9,value,,not_applicable,218
X13SANTE,ASSISTANTS MEDICAUX DE SANTE PUBLIQUE -- pour bacheliers TIMIMOUN,R01,INFSPM ADRAR,13.58,value,14.23,value,,not_applicable,218
X13SANTE,ASSISTANTS MEDICAUX DE SANTE PUBLIQUE -- pour bacheliers BORDJ BADJI MOKHTAR,R01,INFSPM ADRAR,,NC,,NC,,not_applicable,218
X13SANTE,ASSISTANTS MEDICAUX DE SANTE PUBLIQUE -- pour bacheliers IN SALAH,R01,INFSPM ADRAR,10.98,value,11.58,value,,not_applicable,218
X13SANTE,ASSISTANTS MEDICAUX DE SANTE PUBLIQUE -- pour bacheliers IN GUEZZAM,R01,INFSPM ADRAR,,NC,,NC,,not_applicable,218
X01SANTE,INFIMIERS DE SANTE PUBLIQUE -- pour bacheliers OUM-EL- BOUAGHI,R04,INFSPM BATNA,15.28,value,16.05,value,,not_applicable,219
X01SANTE,INFIMIERS DE SANTE PUBLIQUE -- pour bacheliers BATNA,R04,INFSPM BATNA,15.93,value,,none_assigned,,not_applicable,219
X04SANTE,KINESITHERAPEUTES DE SANTE PUBLIQUE -- pour bacheliers OUM-EL-BOUAGHI,R04,INFSPM BATNA,16.28,value,,none_assigned,,not_applicable,219
X04SANTE,KINESITHERAPEUTES DE SANTE PUBLIQUE -- pour bacheliers BATNA,R04,INFSPM BATNA,16.79,value,,none_assigned,,not_applicable,219
X04SANTE,KINESITHERAPEUTES DE SANTE PUBLIQUE -- pour bacheliers TEBESSA,R04,INFSPM BATNA,15.78,value,16.55,value,,not_applicable,219
X04SANTE,KINESITHERAPEUTES DE SANTE PUBLIQUE -- pour bacheliers KHENCHLA,R04,INFSPM BATNA,16.58,value,,none_assigned,,not_applicable,219
X06SANTE,ERGOTHERAPEUTES DE SANTE PUBLIQUE -- pour bacheliers OUM-EL-BOUAGHI,R04,INFSPM BATNA,15.55,value,,none_assigned,,not_applicable,219
X06SANTE,ERGOTHERAPEUTES DE SANTE PUBLIQUE -- pour bacheliers BATNA,R04,INFSPM BATNA,16.12,value,,none_assigned,,not_applicable,219
X06SANTE,ERGOTHERAPEUTES DE SANTE PUBLIQUE -- pour bacheliers TEBESSA,R04,INFSPM BATNA,14.88,value,,none_assigned,,not_applicable,219
X06SANTE,ERGOTHERAPEUTES DE SANTE PUBLIQUE -- pour bacheliers OUARGLA,R04,INFSPM BATNA,14.09,value,,none_assigned,,not_applicable,219
X06SANTE,ERGOTHERAPEUTES DE SANTE PUBLIQUE -- pour bacheliers EL OUED,R04,INFSPM BATNA,,none_assigned,,none_assigned,,not_applicable,219
X06SANTE,ERGOTHERAPEUTES DE SANTE PUBLIQUE -- pour bacheliers KHENCHLA,R04,INFSPM BATNA,15.32,value,,none_assigned,,not_applicable,219
X06SANTE,ERGOTHERAPEUTES DE SANTE PUBLIQUE -- pour bacheliers TOUGGOURT,R04,INFSPM BATNA,14.11,value,,none_assigned,,not_applicable,219
X06SANTE,ERGOTHERAPEUTES DE SANTE PUBLIQUE -- pour bacheliers DJANET,R04,INFSPM BATNA,,NC,,NC,,not_applicable,219
X06SANTE,ERGOTHERAPEUTES DE SANTE PUBLIQUE -- pour bacheliers EL MGHAIER,R04,INFSPM BATNA,14.08,value,,none_assigned,,not_applicable,219
X09SANTE,MANIPULATEURS EN IMAGERIE MEDICALE DE SANTE PUBLIQUE -- pour bacheliers OUM-EL-BOUAGHI,R04,INFSPM BATNA,15.73,value,,none_assigned,,not_applicable,220
X09SANTE,MANIPULATEURS EN IMAGERIE MEDICALE DE SANTE PUBLIQUE -- pour bacheliers BATNA,R04,INFSPM BATNA,16.28,value,,none_assigned,,not_applicable,220
X10SANTE,LABORANTINS DE SANTE PUBLIQUE -- pour bacheliers OUM- EL-BOUAGHI,R04,INFSPM BATNA,15.6,value,,none_assigned,,not_applicable,220
X10SANTE,LABORANTINS DE SANTE PUBLIQUE -- pour bacheliers BATNA,R04,INFSPM BATNA,16.28,value,,none_assigned,,not_applicable,220
X11SANTE,PREPARATEURS EN PHARMACIE DE SANTE PUBLIQUE -- pour bacheliers OUM-EL-BOUAGHI,R04,INFSPM BATNA,15.63,value,,none_assigned,,not_applicable,220
X11SANTE,PREPARATEURS EN PHARMACIE DE SANTE PUBLIQUE -- pour bacheliers BATNA,R04,INFSPM BATNA,16.43,value,17.38,value,,not_applicable,220
X11SANTE,PREPARATEURS EN PHARMACIE DE SANTE PUBLIQUE -- pour bacheliers TEBESSA,R04,INFSPM BATNA,14.83,value,,none_assigned,,not_applicable,220
X11SANTE,PREPARATEURS EN PHARMACIE DE SANTE PUBLIQUE -- pour bacheliers KHENCHLA,R04,INFSPM BATNA,15.67,value,,none_assigned,,not_applicable,220
X11SANTE,PREPARATEURS EN PHARMACIE DE SANTE PUBLIQUE -- pour bacheliers EL MGHAIER,R04,INFSPM BATNA,15.31,value,,none_assigned,,not_applicable,220
X12SANTE,HYGIENISTES DE SANTE PUBLIQUE -- pour bacheliers OUM- EL-BOUAGHI,R04,INFSPM BATNA,15.57,value,,none_assigned,,not_applicable,220
X12SANTE,HYGIENISTES DE SANTE PUBLIQUE -- pour bacheliers BATNA,R04,INFSPM BATNA,16.1,value,,none_assigned,,not_applicable,220
X12SANTE,HYGIENISTES DE SANTE PUBLIQUE -- pour bacheliers TEBESSA,R04,INFSPM BATNA,14.53,value,,none_assigned,,not_applicable,220
X12SANTE,HYGIENISTES DE SANTE PUBLIQUE -- pour bacheliers SETIF,R04,INFSPM BATNA,15.68,value,,none_assigned,,not_applicable,220
X12SANTE,HYGIENISTES DE SANTE PUBLIQUE -- pour bacheliers GUELMA,R04,INFSPM BATNA,15.67,value,,none_assigned,,not_applicable,220
X12SANTE,HYGIENISTES DE SANTE PUBLIQUE -- pour bacheliers KHENCHLA,R04,INFSPM BATNA,15.63,value,,none_assigned,,not_applicable,220
X12SANTE,HYGIENISTES DE SANTE PUBLIQUE -- pour bacheliers MILA,R04,INFSPM BATNA,15.76,value,,none_assigned,,not_applicable,221
X13SANTE,ASSISTANTS MEDICAUX DE SANTE PUBLIQUE -- pour bacheliers OUM-EL-BOUAGHI,R04,INFSPM BATNA,14.82,value,,none_assigned,,not_applicable,221
X13SANTE,ASSISTANTS MEDICAUX DE SANTE PUBLIQUE -- pour bacheliers BATNA,R04,INFSPM BATNA,15.77,value,,none_assigned,,not_applicable,221
X13SANTE,ASSISTANTS MEDICAUX DE SANTE PUBLIQUE -- pour bacheliers MILA,R04,INFSPM BATNA,14.73,value,,none_assigned,,not_applicable,221
X13SANTE,ASSISTANTS MEDICAUX DE SANTE PUBLIQUE -- pour bacheliers EL MGHAIER,R04,INFSPM BATNA,12.94,value,13.85,value,,not_applicable,221
X01SANTE,INFIMIERS DE SANTE PUBLIQUE -- pour bacheliers BEJAIA,R06,INFSPM BEJAIA,14.44,value,15.41,value,,not_applicable,221
X01SANTE,INFIMIERS DE SANTE PUBLIQUE -- pour bacheliers TIZI- OUZOU,R06,INFSPM BEJAIA,14.45,value,15.18,value,,not_applicable,221
X10SANTE,LABORANTINS DE SANTE PUBLIQUE -- pour bacheliers BEJAIA,R06,INFSPM BEJAIA,15.37,value,,none_assigned,,not_applicable,221
X10SANTE,LABORANTINS DE SANTE PUBLIQUE -- pour bacheliers BOUIRA,R06,INFSPM BEJAIA,15.38,value,16.34,value,,not_applicable,221
X10SANTE,LABORANTINS DE SANTE PUBLIQUE -- pour bacheliers TIZI- OUZOU,R06,INFSPM BEJAIA,14.94,value,,none_assigned,,not_applicable,221
X10SANTE,LABORANTINS DE SANTE PUBLIQUE -- pour bacheliers BOUMERDES,R06,INFSPM BEJAIA,15.29,value,,none_assigned,,not_applicable,221
X13SANTE,ASSISTANTS MEDICAUX DE SANTE PUBLIQUE -- pour bacheliers BEJAIA,R06,INFSPM BEJAIA,14.1,value,,none_assigned,,not_applicable,221
X13SANTE,ASSISTANTS MEDICAUX DE SANTE PUBLIQUE -- pour bacheliers BOUIRA,R06,INFSPM BEJAIA,14.42,value,,none_assigned,,not_applicable,221
X13SANTE,ASSISTANTS MEDICAUX DE SANTE PUBLIQUE -- pour bacheliers JIJEL,R06,INFSPM BEJAIA,14.33,value,,none_assigned,,not_applicable,221
X13SANTE,ASSISTANTS MEDICAUX DE SANTE PUBLIQUE -- pour bacheliers SETIF,R06,INFSPM BEJAIA,15.05,value,,none_assigned,,not_applicable,221
X13SANTE,ASSISTANTS MEDICAUX DE SANTE PUBLIQUE -- pour bacheliers B.B.ARRERIDJ,R06,INFSPM BEJAIA,14.27,value,15.18,value,,not_applicable,222
X14SANTE,ASSISTANTS SOCIAUX DE SANTE PUBLIQUE -- pour bacheliers BEJAIA,R06,INFSPM BEJAIA,13.99,value,,none_assigned,,not_applicable,222
X14SANTE,ASSISTANTS SOCIAUX DE SANTE PUBLIQUE -- pour bacheliers BOUIRA,R06,INFSPM BEJAIA,13.91,value,,none_assigned,,not_applicable,222
X14SANTE,ASSISTANTS SOCIAUX DE SANTE PUBLIQUE -- pour bacheliers TIZI-OUZOU,R06,INFSPM BEJAIA,13.12,value,14.81,value,,not_applicable,222
X14SANTE,ASSISTANTS SOCIAUX DE SANTE PUBLIQUE -- pour bacheliers SETIF,R06,INFSPM BEJAIA,14.25,value,,none_assigned,,not_applicable,222
X14SANTE,ASSISTANTS SOCIAUX DE SANTE PUBLIQUE -- pour bacheliers B.B.ARRERIDJ,R06,INFSPM BEJAIA,,none_assigned,,none_assigned,,not_applicable,222
X01SANTE,INFIMIERS DE SANTE PUBLIQUE -- pour bacheliers BISKRA,R07,INFSPM BISKRA,14.79,value,15.6,value,,not_applicable,222
X01SANTE,INFIMIERS DE SANTE PUBLIQUE -- pour bacheliers EL OUED,R07,INFSPM BISKRA,14.94,value,,none_assigned,,not_applicable,222
X01SANTE,INFIMIERS DE SANTE PUBLIQUE -- pour bacheliers OULED DJELLAL,R07,INFSPM BISKRA,13.3,value,,none_assigned,,not_applicable,222
X01SANTE,INFIMIERS DE SANTE PUBLIQUE -- pour bacheliers EL MGHAIER,R07,INFSPM BISKRA,13.24,value,,none_assigned,,not_applicable,222
X02SANTE,DIETETICIENS DE SANTE PUBLIQUE -- pour bacheliers BATNA,R07,INFSPM BISKRA,16.09,value,,none_assigned,,not_applicable,222
X02SANTE,DIETETICIENS DE SANTE PUBLIQUE -- pour bacheliers BISKRA,R07,INFSPM BISKRA,15.84,value,,none_assigned,,not_applicable,222
X02SANTE,DIETETICIENS DE SANTE PUBLIQUE -- pour bacheliers TAMANRASSET,R07,INFSPM BISKRA,14.55,value,,none_assigned,,not_applicable,222
X02SANTE,DIETETICIENS DE SANTE PUBLIQUE -- pour bacheliers TEBESSA,R07,INFSPM BISKRA,14.73,value,,none_assigned,,not_applicable,222
X02SANTE,DIETETICIENS DE SANTE PUBLIQUE -- pour bacheliers OUARGLA,R07,INFSPM BISKRA,13.68,value,,none_assigned,,not_applicable,222
X02SANTE,DIETETICIENS DE SANTE PUBLIQUE -- pour bacheliers ILLIZI,R07,INFSPM BISKRA,13.1,value,,none_assigned,,not_applicable,223
X02SANTE,DIETETICIENS DE SANTE PUBLIQUE -- pour bacheliers EL OUED,R07,INFSPM BISKRA,15.32,value,,none_assigned,,not_applicable,223
X02SANTE,DIETETICIENS DE SANTE PUBLIQUE -- pour bacheliers KHENCHLA,R07,INFSPM BISKRA,16.18,value,,none_assigned,,not_applicable,223
X02SANTE,DIETETICIENS DE SANTE PUBLIQUE -- pour bacheliers GHARDAIA,R07,INFSPM BISKRA,15.32,value,,none_assigned,,not_applicable,223
X02SANTE,DIETETICIENS DE SANTE PUBLIQUE -- pour bacheliers OULED DJELLAL,R07,INFSPM BISKRA,14.64,value,,none_assigned,,not_applicable,223
X02SANTE,DIETETICIENS DE SANTE PUBLIQUE -- pour bacheliers IN SALAH,R07,INFSPM BISKRA,,none_assigned,15.34,value,,not_applicable,223
X02SANTE,DIETETICIENS DE SANTE PUBLIQUE -- pour bacheliers IN GUEZZAM,R07,INFSPM BISKRA,,NC,,NC,,not_applicable,223
X02SANTE,DIETETICIENS DE SANTE PUBLIQUE -- pour bacheliers TOUGGOURT,R07,INFSPM BISKRA,15.56,value,,none_assigned,,not_applicable,223
X02SANTE,DIETETICIENS DE SANTE PUBLIQUE -- pour bacheliers DJANET,R07,INFSPM BISKRA,,NC,,NC,,not_applicable,223
X02SANTE,DIETETICIENS DE SANTE PUBLIQUE -- pour bacheliers EL MGHAIER,R07,INFSPM BISKRA,14.91,value,,none_assigned,,not_applicable,223
X02SANTE,DIETETICIENS DE SANTE PUBLIQUE -- pour bacheliers EL MENIAA,R07,INFSPM BISKRA,12.78,value,,none_assigned,,not_applicable,223
X03SANTE,PROTHESISTES DENTAIRES DE SANTE PUBLIQUE -- pour bacheliers OUM-EL-BOUAGHI,R07,INFSPM BISKRA,15.6,value,,none_assigned,,not_applicable,223
X03SANTE,PROTHESISTES DENTAIRES DE SANTE PUBLIQUE -- pour bacheliers BATNA,R07,INFSPM BISKRA,15.98,value,,none_assigned,,not_applicable,223
X03SANTE,PROTHESISTES DENTAIRES DE SANTE PUBLIQUE -- pour bacheliers BISKRA,R07,INFSPM BISKRA,15.83,value,,none_assigned,,not_applicable,223
X03SANTE,PROTHESISTES DENTAIRES DE SANTE PUBLIQUE -- pour bacheliers TAMANRASSET,R07,INFSPM BISKRA,13.5,value,,none_assigned,,not_applicable,223
X03SANTE,PROTHESISTES DENTAIRES DE SANTE PUBLIQUE -- pour bacheliers TEBESSA,R07,INFSPM BISKRA,14.99,value,,none_assigned,,not_applicable,224
X03SANTE,PROTHESISTES DENTAIRES DE SANTE PUBLIQUE -- pour bacheliers OUARGLA,R07,INFSPM BISKRA,14.71,value,,none_assigned,,not_applicable,224
X03SANTE,PROTHESISTES DENTAIRES DE SANTE PUBLIQUE -- pour bacheliers ILLIZI,R07,INFSPM BISKRA,12.23,value,,none_assigned,,not_applicable,224
X03SANTE,PROTHESISTES DENTAIRES DE SANTE PUBLIQUE -- pour bacheliers EL OUED,R07,INFSPM BISKRA,15.91,value,,none_assigned,,not_applicable,224
X03SANTE,PROTHESISTES DENTAIRES DE SANTE PUBLIQUE -- pour bacheliers KHENCHLA,R07,INFSPM BISKRA,15.23,value,,none_assigned,,not_applicable,224
X03SANTE,PROTHESISTES DENTAIRES DE SANTE PUBLIQUE -- pour bacheliers OULED DJELLAL,R07,INFSPM BISKRA,14.53,value,,none_assigned,,not_applicable,224
X03SANTE,PROTHESISTES DENTAIRES DE SANTE PUBLIQUE -- pour bacheliers IN SALAH,R07,INFSPM BISKRA,13.57,value,,none_assigned,,not_applicable,224
X03SANTE,PROTHESISTES DENTAIRES DE SANTE PUBLIQUE -- pour bacheliers IN GUEZZAM,R07,INFSPM BISKRA,14.13,value,,none_assigned,,not_applicable,224
X03SANTE,PROTHESISTES DENTAIRES DE SANTE PUBLIQUE -- pour bacheliers TOUGGOURT,R07,INFSPM BISKRA,15.54,value,,none_assigned,,not_applicable,224
X03SANTE,PROTHESISTES DENTAIRES DE SANTE PUBLIQUE -- pour bacheliers DJANET,R07,INFSPM BISKRA,,NC,,NC,,not_applicable,224
X03SANTE,PROTHESISTES DENTAIRES DE SANTE PUBLIQUE -- pour bacheliers EL MGHAIER,R07,INFSPM BISKRA,14.2,value,,none_assigned,,not_applicable,224
X04SANTE,KINESITHERAPEUTES DE SANTE PUBLIQUE -- pour bacheliers BISKRA,R07,INFSPM BISKRA,16.25,value,,none_assigned,,not_applicable,224
X04SANTE,KINESITHERAPEUTES DE SANTE PUBLIQUE -- pour bacheliers EL OUED,R07,INFSPM BISKRA,16.18,value,,none_assigned,,not_applicable,224
X04SANTE,KINESITHERAPEUTES DE SANTE PUBLIQUE -- pour bacheliers OULED DJELLAL,R07,INFSPM BISKRA,14.79,value,,none_assigned,,not_applicable,224
X04SANTE,KINESITHERAPEUTES DE SANTE PUBLIQUE -- pour bacheliers TOUGGOURT,R07,INFSPM BISKRA,15.98,value,,none_assigned,,not_applicable,225
X04SANTE,KINESITHERAPEUTES DE SANTE PUBLIQUE -- pour bacheliers EL MGHAIER,R07,INFSPM BISKRA,13.81,value,,none_assigned,,not_applicable,225
X09SANTE,MANIPULATEURS EN IMAGERIE MEDICALE DE SANTE PUBLIQUE -- pour bacheliers BISKRA,R07,INFSPM BISKRA,15.7,value,,none_assigned,,not_applicable,225
X09SANTE,MANIPULATEURS EN IMAGERIE MEDICALE DE SANTE PUBLIQUE -- pour bacheliers OULED DJELLAL,R07,INFSPM BISKRA,14.34,value,,none_assigned,,not_applicable,225
X09SANTE,MANIPULATEURS EN IMAGERIE MEDICALE DE SANTE PUBLIQUE -- pour bacheliers EL MGHAIER,R07,INFSPM BISKRA,14.15,value,,none_assigned,,not_applicable,225
X10SANTE,LABORANTINS DE SANTE PUBLIQUE -- pour bacheliers BISKRA,R07,INFSPM BISKRA,15.7,value,,none_assigned,,not_applicable,225
X10SANTE,LABORANTINS DE SANTE PUBLIQUE -- pour bacheliers OULED DJELLAL,R07,INFSPM BISKRA,14.31,value,,none_assigned,,not_applicable,225
X10SANTE,LABORANTINS DE SANTE PUBLIQUE -- pour bacheliers EL MGHAIER,R07,INFSPM BISKRA,14.29,value,,none_assigned,,not_applicable,225
X11SANTE,PREPARATEURS EN PHARMACIE DE SANTE PUBLIQUE -- pour bacheliers BISKRA,R07,INFSPM BISKRA,15.31,value,,none_assigned,,not_applicable,225
X11SANTE,PREPARATEURS EN PHARMACIE DE SANTE PUBLIQUE -- pour bacheliers EL OUED,R07,INFSPM BISKRA,14.92,value,,none_assigned,,not_applicable,225
X11SANTE,PREPARATEURS EN PHARMACIE DE SANTE PUBLIQUE -- pour bacheliers OULED DJELLAL,R07,INFSPM BISKRA,14.19,value,,none_assigned,,not_applicable,225
X11SANTE,PREPARATEURS EN PHARMACIE DE SANTE PUBLIQUE -- pour bacheliers TOUGGOURT,R07,INFSPM BISKRA,14.69,value,,none_assigned,,not_applicable,225
X12SANTE,HYGIENISTES DE SANTE PUBLIQUE -- pour bacheliers BISKRA,R07,INFSPM BISKRA,15.01,value,,none_assigned,,not_applicable,225
X12SANTE,HYGIENISTES DE SANTE PUBLIQUE -- pour bacheliers EL OUED,R07,INFSPM BISKRA,14.72,value,,none_assigned,,not_applicable,225
X12SANTE,HYGIENISTES DE SANTE PUBLIQUE -- pour bacheliers OULED DJELLAL,R07,INFSPM BISKRA,14.22,value,,none_assigned,,not_applicable,226
X12SANTE,HYGIENISTES DE SANTE PUBLIQUE -- pour bacheliers TOUGGOURT,R07,INFSPM BISKRA,14.12,value,,none_assigned,,not_applicable,226
X12SANTE,HYGIENISTES DE SANTE PUBLIQUE -- pour bacheliers EL MGHAIER,R07,INFSPM BISKRA,13.6,value,,none_assigned,,not_applicable,226
X13SANTE,ASSISTANTS MEDICAUX DE SANTE PUBLIQUE -- pour bacheliers BISKRA,R07,INFSPM BISKRA,15.54,value,15.25,value,,not_applicable,226
X13SANTE,ASSISTANTS MEDICAUX DE SANTE PUBLIQUE -- pour bacheliers EL OUED,R07,INFSPM BISKRA,13.15,value,13.73,value,,not_applicable,226
X13SANTE,ASSISTANTS MEDICAUX DE SANTE PUBLIQUE -- pour bacheliers OULED DJELLAL,R07,INFSPM BISKRA,13.54,value,14.35,value,,not_applicable,226
X13SANTE,ASSISTANTS MEDICAUX DE SANTE PUBLIQUE -- pour bacheliers TOUGGOURT,R07,INFSPM BISKRA,14.46,value,14.9,value,,not_applicable,226
X01SANTE,INFIMIERS DE SANTE PUBLIQUE -- pour bacheliers BECHAR,R05,INFSPM BECHAR,13.53,value,,none_assigned,,not_applicable,226
X01SANTE,INFIMIERS DE SANTE PUBLIQUE -- pour bacheliers TINDOUF,R05,INFSPM BECHAR,12.16,value,13.25,value,,not_applicable,226
X01SANTE,INFIMIERS DE SANTE PUBLIQUE -- pour bacheliers BENI ABBES,R05,INFSPM BECHAR,11.59,value,12.39,value,,not_applicable,226
X04SANTE,KINESITHERAPEUTES DE SANTE PUBLIQUE -- pour bacheliers BECHAR,R05,INFSPM BECHAR,15.76,value,,none_assigned,,not_applicable,226
X04SANTE,KINESITHERAPEUTES DE SANTE PUBLIQUE -- pour bacheliers EL BAYADH,R05,INFSPM BECHAR,15.4,value,,none_assigned,,not_applicable,226
X04SANTE,KINESITHERAPEUTES DE SANTE PUBLIQUE -- pour bacheliers TINDOUF,R05,INFSPM BECHAR,14.32,value,,none_assigned,,not_applicable,226
X04SANTE,KINESITHERAPEUTES DE SANTE PUBLIQUE -- pour bacheliers BENI ABBES,R05,INFSPM BECHAR,12.5,value,14.69,value,,not_applicable,226
X09SANTE,MANIPULATEURS EN IMAGERIE MEDICALE DE SANTE PUBLIQUE -- pour bacheliers BECHAR,R05,INFSPM BECHAR,15.01,value,15.9,value,,not_applicable,226
X09SANTE,MANIPULATEURS EN IMAGERIE MEDICALE DE SANTE PUBLIQUE -- pour bacheliers TINDOUF,R05,INFSPM BECHAR,13.62,value,,none_assigned,,not_applicable,227
X09SANTE,MANIPULATEURS EN IMAGERIE MEDICALE DE SANTE PUBLIQUE -- pour bacheliers BENI ABBES,R05,INFSPM BECHAR,12.14,value,12.86,value,,not_applicable,227
X10SANTE,LABORANTINS DE SANTE PUBLIQUE -- pour bacheliers BECHAR,R05,INFSPM BECHAR,14.95,value,,none_assigned,,not_applicable,227
X10SANTE,LABORANTINS DE SANTE PUBLIQUE -- pour bacheliers TINDOUF,R05,INFSPM BECHAR,14.36,value,,none_assigned,,not_applicable,227
X10SANTE,LABORANTINS DE SANTE PUBLIQUE -- pour bacheliers BENI ABBES,R05,INFSPM BECHAR,13.16,value,13.81,value,,not_applicable,227
X13SANTE,ASSISTANTS MEDICAUX DE SANTE PUBLIQUE -- pour bacheliers BECHAR,R05,INFSPM BECHAR,13.52,value,14.26,value,,not_applicable,227
X13SANTE,ASSISTANTS MEDICAUX DE SANTE PUBLIQUE -- pour bacheliers TINDOUF,R05,INFSPM BECHAR,11.93,value,12.42,value,,not_applicable,227
X13SANTE,ASSISTANTS MEDICAUX DE SANTE PUBLIQUE -- pour bacheliers BENI ABBES,R05,INFSPM BECHAR,12.15,value,12.69,value,,not_applicable,227
X14SANTE,ASSISTANTS SOCIAUX DE SANTE PUBLIQUE -- pour bacheliers ADRAR,R05,INFSPM BECHAR,13.13,value,13.83,value,,not_applicable,227
X14SANTE,ASSISTANTS SOCIAUX DE SANTE PUBLIQUE -- pour bacheliers BECHAR,R05,INFSPM BECHAR,13.49,value,15.04,value,,not_applicable,227
X14SANTE,ASSISTANTS SOCIAUX DE SANTE PUBLIQUE -- pour bacheliers TINDOUF,R05,INFSPM BECHAR,13.88,value,13.37,value,,not_applicable,227
X14SANTE,ASSISTANTS SOCIAUX DE SANTE PUBLIQUE -- pour bacheliers TIMIMOUN,R05,INFSPM BECHAR,13.85,value,14.1,value,,not_applicable,227
X14SANTE,ASSISTANTS SOCIAUX DE SANTE PUBLIQUE -- pour bacheliers BORDJ BADJI MOKHTAR,R05,INFSPM BECHAR,,NC,,NC,,not_applicable,227
X14SANTE,ASSISTANTS SOCIAUX DE SANTE PUBLIQUE -- pour bacheliers BENI ABBES,R05,INFSPM BECHAR,12.31,value,,none_assigned,,not_applicable,227
X01SANTE,INFIMIERS DE SANTE PUBLIQUE -- pour bacheliers BLIDA,R08,INFSPM BLIDA,15.29,value,,none_assigned,,not_applicable,227
X01SANTE,INFIMIERS DE SANTE PUBLIQUE -- pour bacheliers TIPAZA,R08,INFSPM BLIDA,15.12,value,,none_assigned,,not_applicable,228
X03SANTE,PROTHESISTES DENTAIRES DE SANTE PUBLIQUE -- pour bacheliers LAGHOUAT,R08,INFSPM BLIDA,15.22,value,,none_assigned,,not_applicable,228
X03SANTE,PROTHESISTES DENTAIRES DE SANTE PUBLIQUE -- pour bacheliers BLIDA,R08,INFSPM BLIDA,16.28,value,,none_assigned,,not_applicable,228
X03SANTE,PROTHESISTES DENTAIRES DE SANTE PUBLIQUE -- pour bacheliers BOUIRA,R08,INFSPM BLIDA,15.53,value,,none_assigned,,not_applicable,228
X03SANTE,PROTHESISTES DENTAIRES DE SANTE PUBLIQUE -- pour bacheliers TIARET,R08,INFSPM BLIDA,15.78,value,,none_assigned,,not_applicable,228
X03SANTE,PROTHESISTES DENTAIRES DE SANTE PUBLIQUE -- pour bacheliers DJELFA,R08,INFSPM BLIDA,15.64,value,,none_assigned,,not_applicable,228
X03SANTE,PROTHESISTES DENTAIRES DE SANTE PUBLIQUE -- pour bacheliers MEDEA,R08,INFSPM BLIDA,15.9,value,,none_assigned,,not_applicable,228
X03SANTE,PROTHESISTES DENTAIRES DE SANTE PUBLIQUE -- pour bacheliers MSILA,R08,INFSPM BLIDA,16.09,value,,none_assigned,,not_applicable,228
X03SANTE,PROTHESISTES DENTAIRES DE SANTE PUBLIQUE -- pour bacheliers TISSEMSILT,R08,INFSPM BLIDA,16.1,value,,none_assigned,,not_applicable,228
X03SANTE,PROTHESISTES DENTAIRES DE SANTE PUBLIQUE -- pour bacheliers TIPAZA,R08,INFSPM BLIDA,16.24,value,,none_assigned,,not_applicable,228
X03SANTE,PROTHESISTES DENTAIRES DE SANTE PUBLIQUE -- pour bacheliers AIN-DEFLA,R08,INFSPM BLIDA,16.07,value,,none_assigned,,not_applicable,228
X03SANTE,PROTHESISTES DENTAIRES DE SANTE PUBLIQUE -- pour bacheliers GHARDAIA,R08,INFSPM BLIDA,15.98,value,,none_assigned,,not_applicable,228
X03SANTE,PROTHESISTES DENTAIRES DE SANTE PUBLIQUE -- pour bacheliers EL MENIAA,R08,INFSPM BLIDA,12.88,value,,none_assigned,,not_applicable,228
X04SANTE,KINESITHERAPEUTES DE SANTE PUBLIQUE -- pour bacheliers LAGHOUAT,R08,INFSPM BLIDA,16.27,value,,none_assigned,,not_applicable,228
X04SANTE,KINESITHERAPEUTES DE SANTE PUBLIQUE -- pour bacheliers BLIDA,R08,INFSPM BLIDA,16.26,value,,none_assigned,,not_applicable,228
X04SANTE,KINESITHERAPEUTES DE SANTE PUBLIQUE -- pour bacheliers DJELFA,R08,INFSPM BLIDA,16.19,value,,none_assigned,,not_applicable,229
X04SANTE,KINESITHERAPEUTES DE SANTE PUBLIQUE -- pour bacheliers MEDEA,R08,INFSPM BLIDA,16.55,value,,none_assigned,,not_applicable,229
X04SANTE,KINESITHERAPEUTES DE SANTE PUBLIQUE -- pour bacheliers AIN-DEFLA,R08,INFSPM BLIDA,16.57,value,,none_assigned,,not_applicable,229
X06SANTE,ERGOTHERAPEUTES DE SANTE PUBLIQUE -- pour bacheliers LAGHOUAT,R08,INFSPM BLIDA,14.59,value,,none_assigned,,not_applicable,229
X06SANTE,ERGOTHERAPEUTES DE SANTE PUBLIQUE -- pour bacheliers BLIDA,R08,INFSPM BLIDA,15.35,value,,none_assigned,,not_applicable,229
X06SANTE,ERGOTHERAPEUTES DE SANTE PUBLIQUE -- pour bacheliers BOUIRA,R08,INFSPM BLIDA,14.97,value,,none_assigned,,not_applicable,229
X06SANTE,ERGOTHERAPEUTES DE SANTE PUBLIQUE -- pour bacheliers MEDEA,R08,INFSPM BLIDA,15.09,value,,none_assigned,,not_applicable,229
X06SANTE,ERGOTHERAPEUTES DE SANTE PUBLIQUE -- pour bacheliers TIPAZA,R08,INFSPM BLIDA,14.98,value,,none_assigned,,not_applicable,229
X06SANTE,ERGOTHERAPEUTES DE SANTE PUBLIQUE -- pour bacheliers AIN-DEFLA,R08,INFSPM BLIDA,15.47,value,,none_assigned,,not_applicable,229
X06SANTE,ERGOTHERAPEUTES DE SANTE PUBLIQUE -- pour bacheliers GHARDAIA,R08,INFSPM BLIDA,14.29,value,,none_assigned,,not_applicable,229
X06SANTE,ERGOTHERAPEUTES DE SANTE PUBLIQUE -- pour bacheliers EL MENIAA,R08,INFSPM BLIDA,12.8,value,,none_assigned,,not_applicable,229
X08SANTE,PSYCHOMOTRICIENS DE SANTE PUBLIQUE -- pour bacheliers LAGHOUAT,R08,INFSPM BLIDA,14.1,value,15.09,value,,not_applicable,229
X08SANTE,PSYCHOMOTRICIENS DE SANTE PUBLIQUE -- pour bacheliers BLIDA,R08,INFSPM BLIDA,15.21,value,,none_assigned,,not_applicable,229
X08SANTE,PSYCHOMOTRICIENS DE SANTE PUBLIQUE -- pour bacheliers BOUIRA,R08,INFSPM BLIDA,14.57,value,,none_assigned,,not_applicable,229
X08SANTE,PSYCHOMOTRICIENS DE SANTE PUBLIQUE -- pour bacheliers TISSEMSILT,R08,INFSPM BLIDA,15.37,value,,none_assigned,,not_applicable,230
X08SANTE,PSYCHOMOTRICIENS DE SANTE PUBLIQUE -- pour bacheliers TIPAZA,R08,INFSPM BLIDA,15.38,value,,none_assigned,,not_applicable,230
X08SANTE,PSYCHOMOTRICIENS DE SANTE PUBLIQUE -- pour bacheliers GHARDAIA,R08,INFSPM BLIDA,15.16,value,15.45,value,,not_applicable,230
X08SANTE,PSYCHOMOTRICIENS DE SANTE PUBLIQUE -- pour bacheliers TIMIMOUN,R08,INFSPM BLIDA,12.97,value,,none_assigned,,not_applicable,230
X09SANTE,MANIPULATEURS EN IMAGERIE MEDICALE DE SANTE PUBLIQUE -- pour bacheliers BLIDA,R08,INFSPM BLIDA,15.91,value,,none_assigned,,not_applicable,230
X09SANTE,MANIPULATEURS EN IMAGERIE MEDICALE DE SANTE PUBLIQUE -- pour bacheliers TIPAZA,R08,INFSPM BLIDA,16.08,value,17.64,value,,not_applicable,230
X10SANTE,LABORANTINS DE SANTE PUBLIQUE -- pour bacheliers BLIDA,R08,INFSPM BLIDA,15.96,value,,none_assigned,,not_applicable,230
X10SANTE,LABORANTINS DE SANTE PUBLIQUE -- pour bacheliers TIPAZA,R08,INFSPM BLIDA,15.77,value,,none_assigned,,not_applicable,230
X11SANTE,PREPARATEURS EN PHARMACIE DE SANTE PUBLIQUE -- pour bacheliers BLIDA,R08,INFSPM BLIDA,15.7,value,,none_assigned,,not_applicable,230
X11SANTE,PREPARATEURS EN PHARMACIE DE SANTE PUBLIQUE -- pour bacheliers BOUIRA,R08,INFSPM BLIDA,15.3,value,,none_assigned,,not_applicable,230
X11SANTE,PREPARATEURS EN PHARMACIE DE SANTE PUBLIQUE -- pour bacheliers TIPAZA,R08,INFSPM BLIDA,15.58,value,,none_assigned,,not_applicable,230
X11SANTE,PREPARATEURS EN PHARMACIE DE SANTE PUBLIQUE -- pour bacheliers AIN-DEFLA,R08,INFSPM BLIDA,15.71,value,,none_assigned,,not_applicable,230
X12SANTE,HYGIENISTES DE SANTE PUBLIQUE -- pour bacheliers BLIDA,R08,INFSPM BLIDA,15.38,value,,none_assigned,,not_applicable,230
X12SANTE,HYGIENISTES DE SANTE PUBLIQUE -- pour bacheliers DJELFA,R08,INFSPM BLIDA,15.35,value,,none_assigned,,not_applicable,230
X12SANTE,HYGIENISTES DE SANTE PUBLIQUE -- pour bacheliers MEDEA,R08,INFSPM BLIDA,15.23,value,,none_assigned,,not_applicable,230
X12SANTE,HYGIENISTES DE SANTE PUBLIQUE -- pour bacheliers AIN- DEFLA,R08,INFSPM BLIDA,15.45,value,,none_assigned,,not_applicable,231
X01SANTE,INFIMIERS DE SANTE PUBLIQUE -- pour bacheliers BOUIRA,R09,INFSPM BOUIRA,14.72,value,15.49,value,,not_applicable,231
X01SANTE,INFIMIERS DE SANTE PUBLIQUE -- pour bacheliers BOUMERDES,R09,INFSPM BOUIRA,14.94,value,15.9,value,,not_applicable,231
X09SANTE,MANIPULATEURS EN IMAGERIE MEDICALE DE SANTE PUBLIQUE -- pour bacheliers BEJAIA,R09,INFSPM BOUIRA,14.9,value,,none_assigned,,not_applicable,231
X09SANTE,MANIPULATEURS EN IMAGERIE MEDICALE DE SANTE PUBLIQUE -- pour bacheliers BOUIRA,R09,INFSPM BOUIRA,15.4,value,16.22,value,,not_applicable,231
X09SANTE,MANIPULATEURS EN IMAGERIE MEDICALE DE SANTE PUBLIQUE -- pour bacheliers TIZI-OUZOU,R09,INFSPM BOUIRA,14.98,value,16.51,value,,not_applicable,231
X09SANTE,MANIPULATEURS EN IMAGERIE MEDICALE DE SANTE PUBLIQUE -- pour bacheliers BOUMERDES,R09,INFSPM BOUIRA,15.57,value,16.91,value,,not_applicable,231
X12SANTE,HYGIENISTES DE SANTE PUBLIQUE -- pour bacheliers BEJAIA,R09,INFSPM BOUIRA,14.26,value,,none_assigned,,not_applicable,231
X12SANTE,HYGIENISTES DE SANTE PUBLIQUE -- pour bacheliers BOUIRA,R09,INFSPM BOUIRA,15.07,value,,none_assigned,,not_applicable,231
X12SANTE,HYGIENISTES DE SANTE PUBLIQUE -- pour bacheliers MSILA,R09,INFSPM BOUIRA,15.58,value,,none_assigned,,not_applicable,231
X12SANTE,HYGIENISTES DE SANTE PUBLIQUE -- pour bacheliers B.B.ARRERIDJ,R09,INFSPM BOUIRA,15.45,value,,none_assigned,,not_applicable,231
X01SANTE,INFIMIERS DE SANTE PUBLIQUE -- pour bacheliers TEBESSA,R23,INFSPM TEBESSA,14.27,value,15.09,value,,not_applicable,231
X01SANTE,INFIMIERS DE SANTE PUBLIQUE -- pour bacheliers KHENCHLA,R23,INFSPM TEBESSA,15.0,value,15.84,value,,not_applicable,231
X09SANTE,MANIPULATEURS EN IMAGERIE MEDICALE DE SANTE PUBLIQUE -- pour bacheliers TEBESSA,R23,INFSPM TEBESSA,15.12,value,15.93,value,,not_applicable,231
X09SANTE,MANIPULATEURS EN IMAGERIE MEDICALE DE SANTE PUBLIQUE -- pour bacheliers EL OUED,R23,INFSPM TEBESSA,15.13,value,,none_assigned,,not_applicable,231
X09SANTE,MANIPULATEURS EN IMAGERIE MEDICALE DE SANTE PUBLIQUE -- pour bacheliers KHENCHLA,R23,INFSPM TEBESSA,15.52,value,16.34,value,,not_applicable,232
X10SANTE,LABORANTINS DE SANTE PUBLIQUE -- pour bacheliers TEBESSA,R23,INFSPM TEBESSA,14.88,value,,none_assigned,,not_applicable,232
X10SANTE,LABORANTINS DE SANTE PUBLIQUE -- pour bacheliers EL OUED,R23,INFSPM TEBESSA,15.17,value,,none_assigned,,not_applicable,232
X10SANTE,LABORANTINS DE SANTE PUBLIQUE -- pour bacheliers KHENCHLA,R23,INFSPM TEBESSA,15.63,value,,none_assigned,,not_applicable,232
X13SANTE,ASSISTANTS MEDICAUX DE SANTE PUBLIQUE -- pour bacheliers TEBESSA,R23,INFSPM TEBESSA,13.68,value,14.35,value,,not_applicable,232
X13SANTE,ASSISTANTS MEDICAUX DE SANTE PUBLIQUE -- pour bacheliers GUELMA,R23,INFSPM TEBESSA,14.44,value,,none_assigned,,not_applicable,232
X13SANTE,ASSISTANTS MEDICAUX DE SANTE PUBLIQUE -- pour bacheliers KHENCHLA,R23,INFSPM TEBESSA,14.52,value,15.63,value,,not_applicable,232
X13SANTE,ASSISTANTS MEDICAUX DE SANTE PUBLIQUE -- pour bacheliers SOUK-AHRAS,R23,INFSPM TEBESSA,15.5,value,,none_assigned,,not_applicable,232
X01SANTE,INFIMIERS DE SANTE PUBLIQUE -- pour bacheliers TIARET,R24,INFSPM TIARET,15.38,value,,none_assigned,,not_applicable,232
X01SANTE,INFIMIERS DE SANTE PUBLIQUE -- pour bacheliers EL BAYADH,R24,INFSPM TIARET,14.17,value,14.94,value,,not_applicable,232
X01SANTE,INFIMIERS DE SANTE PUBLIQUE -- pour bacheliers TISSEMSILT,R24,INFSPM TIARET,14.97,value,,none_assigned,,not_applicable,232
X09SANTE,MANIPULATEURS EN IMAGERIE MEDICALE DE SANTE PUBLIQUE -- pour bacheliers TIARET,R24,INFSPM TIARET,16.0,value,,none_assigned,,not_applicable,232
X09SANTE,MANIPULATEURS EN IMAGERIE MEDICALE DE SANTE PUBLIQUE -- pour bacheliers EL BAYADH,R24,INFSPM TIARET,14.66,value,15.67,value,,not_applicable,232
X09SANTE,MANIPULATEURS EN IMAGERIE MEDICALE DE SANTE PUBLIQUE -- pour bacheliers TISSEMSILT,R24,INFSPM TIARET,15.73,value,,none_assigned,,not_applicable,232
X10SANTE,LABORANTINS DE SANTE PUBLIQUE -- pour bacheliers TIARET,R24,INFSPM TIARET,16.12,value,,none_assigned,,not_applicable,232
X10SANTE,LABORANTINS DE SANTE PUBLIQUE -- pour bacheliers EL BAYADH,R24,INFSPM TIARET,15.0,value,,none_assigned,,not_applicable,233
X10SANTE,LABORANTINS DE SANTE PUBLIQUE -- pour bacheliers TISSEMSILT,R24,INFSPM TIARET,15.67,value,,none_assigned,,not_applicable,233
X12SANTE,HYGIENISTES DE SANTE PUBLIQUE -- pour bacheliers ADRAR,R24,INFSPM TIARET,13.1,value,,none_assigned,,not_applicable,233
X12SANTE,HYGIENISTES DE SANTE PUBLIQUE -- pour bacheliers LAGHOUAT,R24,INFSPM TIARET,14.6,value,,none_assigned,,not_applicable,233
X12SANTE,HYGIENISTES DE SANTE PUBLIQUE -- pour bacheliers TIARET,R24,INFSPM TIARET,15.76,value,,none_assigned,,not_applicable,233
X12SANTE,HYGIENISTES DE SANTE PUBLIQUE -- pour bacheliers TINDOUF,R24,INFSPM TIARET,14.28,value,,none_assigned,,not_applicable,233
X12SANTE,HYGIENISTES DE SANTE PUBLIQUE -- pour bacheliers BORDJ BADJI MOKHTAR,R24,INFSPM TIARET,,NC,,NC,,not_applicable,233
X12SANTE,HYGIENISTES DE SANTE PUBLIQUE -- pour bacheliers BENI ABBES,R24,INFSPM TIARET,11.58,value,,none_assigned,,not_applicable,233
X13SANTE,ASSISTANTS MEDICAUX DE SANTE PUBLIQUE -- pour bacheliers LAGHOUAT,R24,INFSPM TIARET,13.7,value,14.52,value,,not_applicable,233
X13SANTE,ASSISTANTS MEDICAUX DE SANTE PUBLIQUE -- pour bacheliers TIARET,R24,INFSPM TIARET,14.93,value,,none_assigned,,not_applicable,233
X13SANTE,ASSISTANTS MEDICAUX DE SANTE PUBLIQUE -- pour bacheliers TISSEMSILT,R24,INFSPM TIARET,14.54,value,15.18,value,,not_applicable,233
X01SANTE,INFIMIERS DE SANTE PUBLIQUE -- pour bacheliers ALGER,R03,INFSPM ALGER,15.14,value,15.91,value,,not_applicable,233
X02SANTE,DIETETICIENS DE SANTE PUBLIQUE -- pour bacheliers LAGHOUAT,R03,INFSPM ALGER,16.23,value,,none_assigned,,not_applicable,233
X02SANTE,DIETETICIENS DE SANTE PUBLIQUE -- pour bacheliers BEJAIA,R03,INFSPM ALGER,16.02,value,,none_assigned,,not_applicable,233
X02SANTE,DIETETICIENS DE SANTE PUBLIQUE -- pour bacheliers BLIDA,R03,INFSPM ALGER,16.24,value,,none_assigned,,not_applicable,233
X02SANTE,DIETETICIENS DE SANTE PUBLIQUE -- pour bacheliers BOUIRA,R03,INFSPM ALGER,15.89,value,,none_assigned,,not_applicable,234
X02SANTE,DIETETICIENS DE SANTE PUBLIQUE -- pour bacheliers TIZI- OUZOU,R03,INFSPM ALGER,15.03,value,,none_assigned,,not_applicable,234
X02SANTE,DIETETICIENS DE SANTE PUBLIQUE -- pour bacheliers ALGER,R03,INFSPM ALGER,16.34,value,,none_assigned,,not_applicable,234
X02SANTE,DIETETICIENS DE SANTE PUBLIQUE -- pour bacheliers DJELFA,R03,INFSPM ALGER,16.08,value,,none_assigned,,not_applicable,234
X02SANTE,DIETETICIENS DE SANTE PUBLIQUE -- pour bacheliers MEDEA,R03,INFSPM ALGER,16.29,value,17.71,value,,not_applicable,234
X02SANTE,DIETETICIENS DE SANTE PUBLIQUE -- pour bacheliers MSILA,R03,INFSPM ALGER,15.94,value,,none_assigned,,not_applicable,234
X02SANTE,DIETETICIENS DE SANTE PUBLIQUE -- pour bacheliers B.B.ARRERIDJ,R03,INFSPM ALGER,15.95,value,,none_assigned,,not_applicable,234
X02SANTE,DIETETICIENS DE SANTE PUBLIQUE -- pour bacheliers BOUMERDES,R03,INFSPM ALGER,16.43,value,,none_assigned,,not_applicable,234
X02SANTE,DIETETICIENS DE SANTE PUBLIQUE -- pour bacheliers TIPAZA,R03,INFSPM ALGER,16.47,value,,none_assigned,,not_applicable,234
X02SANTE,DIETETICIENS DE SANTE PUBLIQUE -- pour bacheliers AIN- DEFLA,R03,INFSPM ALGER,16.12,value,,none_assigned,,not_applicable,234
X03SANTE,PROTHESISTES DENTAIRES DE SANTE PUBLIQUE -- pour bacheliers BEJAIA,R03,INFSPM ALGER,15.42,value,,none_assigned,,not_applicable,234
X03SANTE,PROTHESISTES DENTAIRES DE SANTE PUBLIQUE -- pour bacheliers TIZI-OUZOU,R03,INFSPM ALGER,15.35,value,,none_assigned,,not_applicable,234
X03SANTE,PROTHESISTES DENTAIRES DE SANTE PUBLIQUE -- pour bacheliers ALGER,R03,INFSPM ALGER,16.45,value,,none_assigned,,not_applicable,234
X03SANTE,PROTHESISTES DENTAIRES DE SANTE PUBLIQUE -- pour bacheliers JIJEL,R03,INFSPM ALGER,15.73,value,,none_assigned,,not_applicable,234
X03SANTE,PROTHESISTES DENTAIRES DE SANTE PUBLIQUE -- pour bacheliers SETIF,R03,INFSPM ALGER,15.73,value,,none_assigned,,not_applicable,235
X03SANTE,PROTHESISTES DENTAIRES DE SANTE PUBLIQUE -- pour bacheliers SKIKDA,R03,INFSPM ALGER,16.07,value,,none_assigned,,not_applicable,235
X03SANTE,PROTHESISTES DENTAIRES DE SANTE PUBLIQUE -- pour bacheliers ANNABA,R03,INFSPM ALGER,15.53,value,,none_assigned,,not_applicable,235
X03SANTE,PROTHESISTES DENTAIRES DE SANTE PUBLIQUE -- pour bacheliers GUELMA,R03,INFSPM ALGER,16.02,value,,none_assigned,,not_applicable,235
X03SANTE,PROTHESISTES DENTAIRES DE SANTE PUBLIQUE -- pour bacheliers CONSTANTINE,R03,INFSPM ALGER,15.88,value,,none_assigned,,not_applicable,235
X03SANTE,PROTHESISTES DENTAIRES DE SANTE PUBLIQUE -- pour bacheliers B.B.ARRERIDJ,R03,INFSPM ALGER,16.12,value,,none_assigned,,not_applicable,235
X03SANTE,PROTHESISTES DENTAIRES DE SANTE PUBLIQUE -- pour bacheliers BOUMERDES,R03,INFSPM ALGER,16.43,value,,none_assigned,,not_applicable,235
X03SANTE,PROTHESISTES DENTAIRES DE SANTE PUBLIQUE -- pour bacheliers ELTARF,R03,INFSPM ALGER,15.51,value,,none_assigned,,not_applicable,235
X03SANTE,PROTHESISTES DENTAIRES DE SANTE PUBLIQUE -- pour bacheliers SOUK-AHRAS,R03,INFSPM ALGER,16.03,value,,none_assigned,,not_applicable,235
X03SANTE,PROTHESISTES DENTAIRES DE SANTE PUBLIQUE -- pour bacheliers MILA,R03,INFSPM ALGER,16.5,value,,none_assigned,,not_applicable,235
X04SANTE,KINESITHERAPEUTES DE SANTE PUBLIQUE -- pour bacheliers BOUIRA,R03,INFSPM ALGER,16.57,value,17.29,value,,not_applicable,235
X04SANTE,KINESITHERAPEUTES DE SANTE PUBLIQUE -- pour bacheliers TIZI-OUZOU,R03,INFSPM ALGER,16.14,value,,none_assigned,,not_applicable,235
X04SANTE,KINESITHERAPEUTES DE SANTE PUBLIQUE -- pour bacheliers ALGER,R03,INFSPM ALGER,16.7,value,,none_assigned,,not_applicable,235
X04SANTE,KINESITHERAPEUTES DE SANTE PUBLIQUE -- pour bacheliers BOUMERDES,R03,INFSPM ALGER,16.62,value,,none_assigned,,not_applicable,235
X04SANTE,KINESITHERAPEUTES DE SANTE PUBLIQUE -- pour bacheliers TIPAZA,R03,INFSPM ALGER,16.37,value,,none_assigned,,not_applicable,236
X05SANTE,PEDICURE PODOLOGUE DE SANTE PUBLIQUE -- pour bacheliers LAGHOUAT,R03,INFSPM ALGER,14.4,value,15.14,value,,not_applicable,236
X05SANTE,PEDICURE PODOLOGUE DE SANTE PUBLIQUE -- pour bacheliers BECHAR,R03,INFSPM ALGER,13.66,value,14.57,value,,not_applicable,236
X05SANTE,PEDICURE PODOLOGUE DE SANTE PUBLIQUE -- pour bacheliers TIZI-OUZOU,R03,INFSPM ALGER,14.21,value,,none_assigned,,not_applicable,236
X05SANTE,PEDICURE PODOLOGUE DE SANTE PUBLIQUE -- pour bacheliers ALGER,R03,INFSPM ALGER,14.97,value,,none_assigned,,not_applicable,236
X05SANTE,PEDICURE PODOLOGUE DE SANTE PUBLIQUE -- pour bacheliers SETIF,R03,INFSPM ALGER,15.41,value,,none_assigned,,not_applicable,236
X05SANTE,PEDICURE PODOLOGUE DE SANTE PUBLIQUE -- pour bacheliers SIDIBEL-ABBES,R03,INFSPM ALGER,15.11,value,,none_assigned,,not_applicable,236
X05SANTE,PEDICURE PODOLOGUE DE SANTE PUBLIQUE -- pour bacheliers ANNABA,R03,INFSPM ALGER,14.82,value,,none_assigned,,not_applicable,236
X05SANTE,PEDICURE PODOLOGUE DE SANTE PUBLIQUE -- pour bacheliers CONSTANTINE,R03,INFSPM ALGER,14.95,value,,none_assigned,,not_applicable,236
X05SANTE,PEDICURE PODOLOGUE DE SANTE PUBLIQUE -- pour bacheliers OUARGLA,R03,INFSPM ALGER,13.08,value,,none_assigned,,not_applicable,236
X05SANTE,PEDICURE PODOLOGUE DE SANTE PUBLIQUE -- pour bacheliers ORAN,R03,INFSPM ALGER,14.72,value,15.57,value,,not_applicable,236
X06SANTE,ERGOTHERAPEUTES DE SANTE PUBLIQUE -- pour bacheliers ADRAR,R03,INFSPM ALGER,13.63,value,,none_assigned,,not_applicable,236
X06SANTE,ERGOTHERAPEUTES DE SANTE PUBLIQUE -- pour bacheliers TAMANRASSET,R03,INFSPM ALGER,12.71,value,,none_assigned,,not_applicable,236
X06SANTE,ERGOTHERAPEUTES DE SANTE PUBLIQUE -- pour bacheliers TIZI-OUZOU,R03,INFSPM ALGER,14.53,value,,none_assigned,,not_applicable,236
X06SANTE,ERGOTHERAPEUTES DE SANTE PUBLIQUE -- pour bacheliers ALGER,R03,INFSPM ALGER,15.4,value,,none_assigned,,not_applicable,237
X06SANTE,ERGOTHERAPEUTES DE SANTE PUBLIQUE -- pour bacheliers BOUMERDES,R03,INFSPM ALGER,15.4,value,,none_assigned,,not_applicable,237
X06SANTE,ERGOTHERAPEUTES DE SANTE PUBLIQUE -- pour bacheliers TIMIMOUN,R03,INFSPM ALGER,13.19,value,,none_assigned,,not_applicable,237
X06SANTE,ERGOTHERAPEUTES DE SANTE PUBLIQUE -- pour bacheliers IN SALAH,R03,INFSPM ALGER,,none_assigned,12.39,value,,not_applicable,237
X06SANTE,ERGOTHERAPEUTES DE SANTE PUBLIQUE -- pour bacheliers IN GUEZZAM,R03,INFSPM ALGER,,NC,,NC,,not_applicable,237
X07SANTE,APPAREILLEURS ORTHOPEDISTES DE SANTE PUBLIQUE -- pour bacheliers LAGHOUAT,R03,INFSPM ALGER,14.72,value,15.68,value,,not_applicable,237
X07SANTE,APPAREILLEURS ORTHOPEDISTES DE SANTE PUBLIQUE -- pour bacheliers BOUIRA,R03,INFSPM ALGER,15.63,value,,none_assigned,,not_applicable,237
X07SANTE,APPAREILLEURS ORTHOPEDISTES DE SANTE PUBLIQUE -- pour bacheliers TAMANRASSET,R03,INFSPM ALGER,13.88,value,14.28,value,,not_applicable,237
X07SANTE,APPAREILLEURS ORTHOPEDISTES DE SANTE PUBLIQUE -- pour bacheliers TIZI-OUZOU,R03,INFSPM ALGER,14.47,value,,none_assigned,,not_applicable,237
X07SANTE,APPAREILLEURS ORTHOPEDISTES DE SANTE PUBLIQUE -- pour bacheliers ALGER,R03,INFSPM ALGER,15.72,value,,none_assigned,,not_applicable,237
X07SANTE,APPAREILLEURS ORTHOPEDISTES DE SANTE PUBLIQUE -- pour bacheliers MEDEA,R03,INFSPM ALGER,15.61,value,,none_assigned,,not_applicable,237
X07SANTE,APPAREILLEURS ORTHOPEDISTES DE SANTE PUBLIQUE -- pour bacheliers ILLIZI,R03,INFSPM ALGER,11.95,value,,none_assigned,,not_applicable,237
X07SANTE,APPAREILLEURS ORTHOPEDISTES DE SANTE PUBLIQUE -- pour bacheliers BOUMERDES,R03,INFSPM ALGER,15.09,value,,none_assigned,,not_applicable,237
X07SANTE,APPAREILLEURS ORTHOPEDISTES DE SANTE PUBLIQUE -- pour bacheliers IN SALAH,R03,INFSPM ALGER,13.19,value,,none_assigned,,not_applicable,237
X07SANTE,APPAREILLEURS ORTHOPEDISTES DE SANTE PUBLIQUE -- pour bacheliers DJANET,R03,INFSPM ALGER,,NC,,NC,,not_applicable,238
X08SANTE,PSYCHOMOTRICIENS DE SANTE PUBLIQUE -- pour bacheliers ADRAR,R03,INFSPM ALGER,13.19,value,,none_assigned,,not_applicable,238
X08SANTE,PSYCHOMOTRICIENS DE SANTE PUBLIQUE -- pour bacheliers TAMANRASSET,R03,INFSPM ALGER,12.57,value,,none_assigned,,not_applicable,238
X08SANTE,PSYCHOMOTRICIENS DE SANTE PUBLIQUE -- pour bacheliers TIZI-OUZOU,R03,INFSPM ALGER,14.36,value,,none_assigned,,not_applicable,238
X08SANTE,PSYCHOMOTRICIENS DE SANTE PUBLIQUE -- pour bacheliers ALGER,R03,INFSPM ALGER,15.86,value,,none_assigned,,not_applicable,238
X08SANTE,PSYCHOMOTRICIENS DE SANTE PUBLIQUE -- pour bacheliers OUARGLA,R03,INFSPM ALGER,12.87,value,,none_assigned,,not_applicable,238
X08SANTE,PSYCHOMOTRICIENS DE SANTE PUBLIQUE -- pour bacheliers ILLIZI,R03,INFSPM ALGER,13.58,value,,none_assigned,,not_applicable,238
X08SANTE,PSYCHOMOTRICIENS DE SANTE PUBLIQUE -- pour bacheliers BOUMERDES,R03,INFSPM ALGER,15.36,value,,none_assigned,,not_applicable,238
X08SANTE,PSYCHOMOTRICIENS DE SANTE PUBLIQUE -- pour bacheliers IN SALAH,R03,INFSPM ALGER,11.97,value,,none_assigned,,not_applicable,238
X08SANTE,PSYCHOMOTRICIENS DE SANTE PUBLIQUE -- pour bacheliers IN GUEZZAM,R03,INFSPM ALGER,12.48,value,,none_assigned,,not_applicable,238
X08SANTE,PSYCHOMOTRICIENS DE SANTE PUBLIQUE -- pour bacheliers DJANET,R03,INFSPM ALGER,,NC,,NC,,not_applicable,238
X09SANTE,MANIPULATEURS EN IMAGERIE MEDICALE DE SANTE PUBLIQUE -- pour bacheliers ALGER,R03,INFSPM ALGER,15.97,value,,none_assigned,,not_applicable,238
X10SANTE,LABORANTINS DE SANTE PUBLIQUE -- pour bacheliers ALGER,R03,INFSPM ALGER,15.96,value,,none_assigned,,not_applicable,238
X11SANTE,PREPARATEURS EN PHARMACIE DE SANTE PUBLIQUE -- pour bacheliers TIZI-OUZOU,R03,INFSPM ALGER,15.0,value,,none_assigned,,not_applicable,238
X11SANTE,PREPARATEURS EN PHARMACIE DE SANTE PUBLIQUE -- pour bacheliers ALGER,R03,INFSPM ALGER,15.84,value,,none_assigned,,not_applicable,239
X11SANTE,PREPARATEURS EN PHARMACIE DE SANTE PUBLIQUE -- pour bacheliers BOUMERDES,R03,INFSPM ALGER,15.48,value,,none_assigned,,not_applicable,239
X12SANTE,HYGIENISTES DE SANTE PUBLIQUE -- pour bacheliers TIZI- OUZOU,R03,INFSPM ALGER,14.9,value,,none_assigned,,not_applicable,239
X12SANTE,HYGIENISTES DE SANTE PUBLIQUE -- pour bacheliers ALGER,R03,INFSPM ALGER,15.44,value,,none_assigned,,not_applicable,239
X12SANTE,HYGIENISTES DE SANTE PUBLIQUE -- pour bacheliers BOUMERDES,R03,INFSPM ALGER,15.2,value,,none_assigned,,not_applicable,239
X12SANTE,HYGIENISTES DE SANTE PUBLIQUE -- pour bacheliers TIPAZA,R03,INFSPM ALGER,15.26,value,,none_assigned,,not_applicable,239
X13SANTE,ASSISTANTS MEDICAUX DE SANTE PUBLIQUE -- pour bacheliers TIZI-OUZOU,R03,INFSPM ALGER,14.5,value,,none_assigned,,not_applicable,239
X13SANTE,ASSISTANTS MEDICAUX DE SANTE PUBLIQUE -- pour bacheliers ALGER,R03,INFSPM ALGER,15.04,value,,none_assigned,,not_applicable,239
X13SANTE,ASSISTANTS MEDICAUX DE SANTE PUBLIQUE -- pour bacheliers BOUMERDES,R03,INFSPM ALGER,14.66,value,,none_assigned,,not_applicable,239
X14SANTE,ASSISTANTS SOCIAUX DE SANTE PUBLIQUE -- pour bacheliers BLIDA,R03,INFSPM ALGER,14.63,value,,none_assigned,,not_applicable,239
X14SANTE,ASSISTANTS SOCIAUX DE SANTE PUBLIQUE -- pour bacheliers ALGER,R03,INFSPM ALGER,15.4,value,,none_assigned,,not_applicable,239
X14SANTE,ASSISTANTS SOCIAUX DE SANTE PUBLIQUE -- pour bacheliers BOUMERDES,R03,INFSPM ALGER,13.69,value,,none_assigned,,not_applicable,239
X14SANTE,ASSISTANTS SOCIAUX DE SANTE PUBLIQUE -- pour bacheliers TIPAZA,R03,INFSPM ALGER,15.25,value,,none_assigned,,not_applicable,239
X01SANTE,INFIMIERS DE SANTE PUBLIQUE -- pour bacheliers JIJEL,R11,INFSPM JIJEL,15.34,value,16.2,value,,not_applicable,239
X04SANTE,KINESITHERAPEUTES DE SANTE PUBLIQUE -- pour bacheliers JIJEL,R11,INFSPM JIJEL,16.39,value,,none_assigned,,not_applicable,239
X04SANTE,KINESITHERAPEUTES DE SANTE PUBLIQUE -- pour bacheliers SKIKDA,R11,INFSPM JIJEL,16.37,value,,none_assigned,,not_applicable,240
X04SANTE,KINESITHERAPEUTES DE SANTE PUBLIQUE -- pour bacheliers ANNABA,R11,INFSPM JIJEL,15.83,value,,none_assigned,,not_applicable,240
X04SANTE,KINESITHERAPEUTES DE SANTE PUBLIQUE -- pour bacheliers ELTARF,R11,INFSPM JIJEL,15.53,value,,none_assigned,,not_applicable,240
X09SANTE,MANIPULATEURS EN IMAGERIE MEDICALE DE SANTE PUBLIQUE -- pour bacheliers JIJEL,R11,INFSPM JIJEL,15.8,value,,none_assigned,,not_applicable,240
X10SANTE,LABORANTINS DE SANTE PUBLIQUE -- pour bacheliers JIJEL,R11,INFSPM JIJEL,15.83,value,,none_assigned,,not_applicable,240
X11SANTE,PREPARATEURS EN PHARMACIE DE SANTE PUBLIQUE -- pour bacheliers BEJAIA,R11,INFSPM JIJEL,14.36,value,,none_assigned,,not_applicable,240
X11SANTE,PREPARATEURS EN PHARMACIE DE SANTE PUBLIQUE -- pour bacheliers JIJEL,R11,INFSPM JIJEL,15.69,value,,none_assigned,,not_applicable,240
X11SANTE,PREPARATEURS EN PHARMACIE DE SANTE PUBLIQUE -- pour bacheliers GUELMA,R11,INFSPM JIJEL,15.65,value,16.57,value,,not_applicable,240
X14SANTE,ASSISTANTS SOCIAUX DE SANTE PUBLIQUE -- pour bacheliers JIJEL,R11,INFSPM JIJEL,14.39,value,15.12,value,,not_applicable,240
X14SANTE,ASSISTANTS SOCIAUX DE SANTE PUBLIQUE -- pour bacheliers SKIKDA,R11,INFSPM JIJEL,14.88,value,,none_assigned,,not_applicable,240
X14SANTE,ASSISTANTS SOCIAUX DE SANTE PUBLIQUE -- pour bacheliers ANNABA,R11,INFSPM JIJEL,13.96,value,,none_assigned,,not_applicable,240
X14SANTE,ASSISTANTS SOCIAUX DE SANTE PUBLIQUE -- pour bacheliers ELTARF,R11,INFSPM JIJEL,13.77,value,15.33,value,,not_applicable,240
X01SANTE,INFIMIERS DE SANTE PUBLIQUE -- pour bacheliers SETIF,R20,INFSPM SETIF,15.79,value,,none_assigned,,not_applicable,240
X01SANTE,INFIMIERS DE SANTE PUBLIQUE -- pour bacheliers B.B.ARRERIDJ,R20,INFSPM SETIF,15.24,value,,none_assigned,,not_applicable,240
X04SANTE,KINESITHERAPEUTES DE SANTE PUBLIQUE -- pour bacheliers BEJAIA,R20,INFSPM SETIF,15.83,value,,none_assigned,,not_applicable,240
X04SANTE,KINESITHERAPEUTES DE SANTE PUBLIQUE -- pour bacheliers SETIF,R20,INFSPM SETIF,16.6,value,,none_assigned,,not_applicable,241
X04SANTE,KINESITHERAPEUTES DE SANTE PUBLIQUE -- pour bacheliers B.B.ARRERIDJ,R20,INFSPM SETIF,16.48,value,17.4,value,,not_applicable,241
X04SANTE,KINESITHERAPEUTES DE SANTE PUBLIQUE -- pour bacheliers MILA,R20,INFSPM SETIF,16.48,value,,none_assigned,,not_applicable,241
X06SANTE,ERGOTHERAPEUTES DE SANTE PUBLIQUE -- pour bacheliers BEJAIA,R20,INFSPM SETIF,14.26,value,,none_assigned,,not_applicable,241
X06SANTE,ERGOTHERAPEUTES DE SANTE PUBLIQUE -- pour bacheliers JIJEL,R20,INFSPM SETIF,15.69,value,,none_assigned,,not_applicable,241
X06SANTE,ERGOTHERAPEUTES DE SANTE PUBLIQUE -- pour bacheliers SETIF,R20,INFSPM SETIF,15.85,value,,none_assigned,,not_applicable,241
X06SANTE,ERGOTHERAPEUTES DE SANTE PUBLIQUE -- pour bacheliers SKIKDA,R20,INFSPM SETIF,15.98,value,,none_assigned,,not_applicable,241
X06SANTE,ERGOTHERAPEUTES DE SANTE PUBLIQUE -- pour bacheliers ANNABA,R20,INFSPM SETIF,15.35,value,,none_assigned,,not_applicable,241
X06SANTE,ERGOTHERAPEUTES DE SANTE PUBLIQUE -- pour bacheliers CONSTANTINE,R20,INFSPM SETIF,14.88,value,,none_assigned,,not_applicable,241
X06SANTE,ERGOTHERAPEUTES DE SANTE PUBLIQUE -- pour bacheliers ELTARF,R20,INFSPM SETIF,15.18,value,,none_assigned,,not_applicable,241
X06SANTE,ERGOTHERAPEUTES DE SANTE PUBLIQUE -- pour bacheliers MILA,R20,INFSPM SETIF,15.66,value,,none_assigned,,not_applicable,241
X06SANTE,ERGOTHERAPEUTES DE SANTE PUBLIQUE -- pour bacheliers OULED DJELLAL,R20,INFSPM SETIF,13.38,value,,none_assigned,,not_applicable,241
X07SANTE,APPAREILLEURS ORTHOPEDISTES DE SANTE PUBLIQUE -- pour bacheliers OUM-EL-BOUAGHI,R20,INFSPM SETIF,15.48,value,,none_assigned,,not_applicable,241
X07SANTE,APPAREILLEURS ORTHOPEDISTES DE SANTE PUBLIQUE -- pour bacheliers JIJEL,R20,INFSPM SETIF,15.73,value,,none_assigned,,not_applicable,241
X07SANTE,APPAREILLEURS ORTHOPEDISTES DE SANTE PUBLIQUE -- pour bacheliers SETIF,R20,INFSPM SETIF,16.04,value,,none_assigned,,not_applicable,242
X07SANTE,APPAREILLEURS ORTHOPEDISTES DE SANTE PUBLIQUE -- pour bacheliers SKIKDA,R20,INFSPM SETIF,15.28,value,,none_assigned,,not_applicable,242
X07SANTE,APPAREILLEURS ORTHOPEDISTES DE SANTE PUBLIQUE -- pour bacheliers ANNABA,R20,INFSPM SETIF,15.07,value,,none_assigned,,not_applicable,242
X07SANTE,APPAREILLEURS ORTHOPEDISTES DE SANTE PUBLIQUE -- pour bacheliers CONSTANTINE,R20,INFSPM SETIF,15.35,value,,none_assigned,,not_applicable,242
X07SANTE,APPAREILLEURS ORTHOPEDISTES DE SANTE PUBLIQUE -- pour bacheliers OUARGLA,R20,INFSPM SETIF,13.28,value,,none_assigned,,not_applicable,242
X07SANTE,APPAREILLEURS ORTHOPEDISTES DE SANTE PUBLIQUE -- pour bacheliers ELTARF,R20,INFSPM SETIF,15.11,value,,none_assigned,,not_applicable,242
X07SANTE,APPAREILLEURS ORTHOPEDISTES DE SANTE PUBLIQUE -- pour bacheliers KHENCHLA,R20,INFSPM SETIF,15.42,value,,none_assigned,,not_applicable,242
X07SANTE,APPAREILLEURS ORTHOPEDISTES DE SANTE PUBLIQUE -- pour bacheliers MILA,R20,INFSPM SETIF,15.43,value,,none_assigned,,not_applicable,242
X07SANTE,APPAREILLEURS ORTHOPEDISTES DE SANTE PUBLIQUE -- pour bacheliers OULED DJELLAL,R20,INFSPM SETIF,13.66,value,,none_assigned,,not_applicable,242
X07SANTE,APPAREILLEURS ORTHOPEDISTES DE SANTE PUBLIQUE -- pour bacheliers TOUGGOURT,R20,INFSPM SETIF,14.45,value,,none_assigned,,not_applicable,242
X08SANTE,PSYCHOMOTRICIENS DE SANTE PUBLIQUE -- pour bacheliers OUM-EL-BOUAGHI,R20,INFSPM SETIF,15.63,value,,none_assigned,,not_applicable,242
X08SANTE,PSYCHOMOTRICIENS DE SANTE PUBLIQUE -- pour bacheliers BEJAIA,R20,INFSPM SETIF,14.12,value,14.92,value,,not_applicable,242
X08SANTE,PSYCHOMOTRICIENS DE SANTE PUBLIQUE -- pour bacheliers BISKRA,R20,INFSPM SETIF,15.17,value,,none_assigned,,not_applicable,242
X08SANTE,PSYCHOMOTRICIENS DE SANTE PUBLIQUE -- pour bacheliers JIJEL,R20,INFSPM SETIF,15.45,value,,none_assigned,,not_applicable,242
X08SANTE,PSYCHOMOTRICIENS DE SANTE PUBLIQUE -- pour bacheliers SKIKDA,R20,INFSPM SETIF,15.59,value,,none_assigned,,not_applicable,243
X08SANTE,PSYCHOMOTRICIENS DE SANTE PUBLIQUE -- pour bacheliers ANNABA,R20,INFSPM SETIF,15.6,value,,none_assigned,,not_applicable,243
X08SANTE,PSYCHOMOTRICIENS DE SANTE PUBLIQUE -- pour bacheliers CONSTANTINE,R20,INFSPM SETIF,15.07,value,,none_assigned,,not_applicable,243
X08SANTE,PSYCHOMOTRICIENS DE SANTE PUBLIQUE -- pour bacheliers B.B.ARRERIDJ,R20,INFSPM SETIF,16.0,value,,none_assigned,,not_applicable,243
X08SANTE,PSYCHOMOTRICIENS DE SANTE PUBLIQUE -- pour bacheliers ELTARF,R20,INFSPM SETIF,,none_assigned,15.71,value,,not_applicable,243
X08SANTE,PSYCHOMOTRICIENS DE SANTE PUBLIQUE -- pour bacheliers EL OUED,R20,INFSPM SETIF,15.13,value,,none_assigned,,not_applicable,243
X08SANTE,PSYCHOMOTRICIENS DE SANTE PUBLIQUE -- pour bacheliers KHENCHLA,R20,INFSPM SETIF,15.6,value,,none_assigned,,not_applicable,243
X08SANTE,PSYCHOMOTRICIENS DE SANTE PUBLIQUE -- pour bacheliers SOUK-AHRAS,R20,INFSPM SETIF,15.35,value,,none_assigned,,not_applicable,243
X08SANTE,PSYCHOMOTRICIENS DE SANTE PUBLIQUE -- pour bacheliers MILA,R20,INFSPM SETIF,15.59,value,,none_assigned,,not_applicable,243
X08SANTE,PSYCHOMOTRICIENS DE SANTE PUBLIQUE -- pour bacheliers OULED DJELLAL,R20,INFSPM SETIF,13.09,value,,none_assigned,,not_applicable,243
X08SANTE,PSYCHOMOTRICIENS DE SANTE PUBLIQUE -- pour bacheliers TOUGGOURT,R20,INFSPM SETIF,14.91,value,,none_assigned,,not_applicable,243
X09SANTE,MANIPULATEURS EN IMAGERIE MEDICALE DE SANTE PUBLIQUE -- pour bacheliers SETIF,R20,INFSPM SETIF,16.23,value,,none_assigned,,not_applicable,243
X09SANTE,MANIPULATEURS EN IMAGERIE MEDICALE DE SANTE PUBLIQUE -- pour bacheliers B.B.ARRERIDJ,R20,INFSPM SETIF,15.83,value,16.8,value,,not_applicable,243
X10SANTE,LABORANTINS DE SANTE PUBLIQUE -- pour bacheliers SETIF,R20,INFSPM SETIF,16.3,value,,none_assigned,,not_applicable,243
X10SANTE,LABORANTINS DE SANTE PUBLIQUE -- pour bacheliers B.B.ARRERIDJ,R20,INFSPM SETIF,15.82,value,,none_assigned,,not_applicable,243
X11SANTE,PREPARATEURS EN PHARMACIE DE SANTE PUBLIQUE -- pour bacheliers SETIF,R20,INFSPM SETIF,16.06,value,,none_assigned,,not_applicable,244
X11SANTE,PREPARATEURS EN PHARMACIE DE SANTE PUBLIQUE -- pour bacheliers MSILA,R20,INFSPM SETIF,15.86,value,,none_assigned,,not_applicable,244
X11SANTE,PREPARATEURS EN PHARMACIE DE SANTE PUBLIQUE -- pour bacheliers B.B.ARRERIDJ,R20,INFSPM SETIF,15.58,value,,none_assigned,,not_applicable,244
X11SANTE,PREPARATEURS EN PHARMACIE DE SANTE PUBLIQUE -- pour bacheliers MILA,R20,INFSPM SETIF,15.9,value,,none_assigned,,not_applicable,244
X01SANTE,INFIMIERS DE SANTE PUBLIQUE -- pour bacheliers SAIDA,R19,INFSPM SAIDA,14.9,value,15.81,value,,not_applicable,244
X01SANTE,INFIMIERS DE SANTE PUBLIQUE -- pour bacheliers NAAMA,R19,INFSPM SAIDA,14.38,value,15.33,value,,not_applicable,244
X09SANTE,MANIPULATEURS EN IMAGERIE MEDICALE DE SANTE PUBLIQUE -- pour bacheliers SAIDA,R19,INFSPM SAIDA,15.82,value,,none_assigned,,not_applicable,244
X09SANTE,MANIPULATEURS EN IMAGERIE MEDICALE DE SANTE PUBLIQUE -- pour bacheliers NAAMA,R19,INFSPM SAIDA,14.99,value,,none_assigned,,not_applicable,244
X10SANTE,LABORANTINS DE SANTE PUBLIQUE -- pour bacheliers SAIDA,R19,INFSPM SAIDA,15.65,value,,none_assigned,,not_applicable,244
X10SANTE,LABORANTINS DE SANTE PUBLIQUE -- pour bacheliers NAAMA,R19,INFSPM SAIDA,14.93,value,15.7,value,,not_applicable,244
X13SANTE,ASSISTANTS MEDICAUX DE SANTE PUBLIQUE -- pour bacheliers SAIDA,R19,INFSPM SAIDA,14.05,value,14.91,value,,not_applicable,244
X13SANTE,ASSISTANTS MEDICAUX DE SANTE PUBLIQUE -- pour bacheliers EL BAYADH,R19,INFSPM SAIDA,13.97,value,,none_assigned,,not_applicable,244
X13SANTE,ASSISTANTS MEDICAUX DE SANTE PUBLIQUE -- pour bacheliers NAAMA,R19,INFSPM SAIDA,13.46,value,14.08,value,,not_applicable,244
X14SANTE,ASSISTANTS SOCIAUX DE SANTE PUBLIQUE -- pour bacheliers LAGHOUAT,R19,INFSPM SAIDA,13.38,value,14.0,value,,not_applicable,244
X14SANTE,ASSISTANTS SOCIAUX DE SANTE PUBLIQUE -- pour bacheliers SAIDA,R19,INFSPM SAIDA,13.7,value,,none_assigned,,not_applicable,244
X14SANTE,ASSISTANTS SOCIAUX DE SANTE PUBLIQUE -- pour bacheliers EL BAYADH,R19,INFSPM SAIDA,14.06,value,15.26,value,,not_applicable,245
X14SANTE,ASSISTANTS SOCIAUX DE SANTE PUBLIQUE -- pour bacheliers NAAMA,R19,INFSPM SAIDA,13.19,value,13.83,value,,not_applicable,245
X01SANTE,INFIMIERS DE SANTE PUBLIQUE -- pour bacheliers SKIKDA,R22,INFSPM SKIKDA,15.52,value,16.67,value,,not_applicable,245
X01SANTE,INFIMIERS DE SANTE PUBLIQUE -- pour bacheliers ANNABA,R22,INFSPM SKIKDA,15.22,value,16.28,value,,not_applicable,245
X01SANTE,INFIMIERS DE SANTE PUBLIQUE -- pour bacheliers ELTARF,R22,INFSPM SKIKDA,14.96,value,16.19,value,,not_applicable,245
X01SANTE,INFIMIERS DE SANTE PUBLIQUE -- pour bacheliers SOUK- AHRAS,R22,INFSPM SKIKDA,15.3,value,,none_assigned,,not_applicable,245
X09SANTE,MANIPULATEURS EN IMAGERIE MEDICALE DE SANTE PUBLIQUE -- pour bacheliers SKIKDA,R22,INFSPM SKIKDA,15.95,value,17.32,value,,not_applicable,245
X09SANTE,MANIPULATEURS EN IMAGERIE MEDICALE DE SANTE PUBLIQUE -- pour bacheliers ANNABA,R22,INFSPM SKIKDA,15.7,value,,none_assigned,,not_applicable,245
X09SANTE,MANIPULATEURS EN IMAGERIE MEDICALE DE SANTE PUBLIQUE -- pour bacheliers ELTARF,R22,INFSPM SKIKDA,15.35,value,,none_assigned,,not_applicable,245
X10SANTE,LABORANTINS DE SANTE PUBLIQUE -- pour bacheliers SKIKDA,R22,INFSPM SKIKDA,16.08,value,,none_assigned,,not_applicable,245
X10SANTE,LABORANTINS DE SANTE PUBLIQUE -- pour bacheliers ANNABA,R22,INFSPM SKIKDA,15.87,value,,none_assigned,,not_applicable,245
X10SANTE,LABORANTINS DE SANTE PUBLIQUE -- pour bacheliers ELTARF,R22,INFSPM SKIKDA,15.57,value,,none_assigned,,not_applicable,245
X11SANTE,PREPARATEURS EN PHARMACIE DE SANTE PUBLIQUE -- pour bacheliers SKIKDA,R22,INFSPM SKIKDA,16.03,value,,none_assigned,,not_applicable,245
X11SANTE,PREPARATEURS EN PHARMACIE DE SANTE PUBLIQUE -- pour bacheliers ANNABA,R22,INFSPM SKIKDA,15.57,value,,none_assigned,,not_applicable,245
X11SANTE,PREPARATEURS EN PHARMACIE DE SANTE PUBLIQUE -- pour bacheliers ELTARF,R22,INFSPM SKIKDA,15.34,value,,none_assigned,,not_applicable,245
X11SANTE,PREPARATEURS EN PHARMACIE DE SANTE PUBLIQUE -- pour bacheliers SOUK-AHRAS,R22,INFSPM SKIKDA,15.66,value,,none_assigned,,not_applicable,246
X12SANTE,HYGIENISTES DE SANTE PUBLIQUE -- pour bacheliers JIJEL,R22,INFSPM SKIKDA,15.48,value,,none_assigned,,not_applicable,246
X12SANTE,HYGIENISTES DE SANTE PUBLIQUE -- pour bacheliers SKIKDA,R22,INFSPM SKIKDA,15.88,value,,none_assigned,,not_applicable,246
X12SANTE,HYGIENISTES DE SANTE PUBLIQUE -- pour bacheliers ANNABA,R22,INFSPM SKIKDA,15.4,value,,none_assigned,,not_applicable,246
X12SANTE,HYGIENISTES DE SANTE PUBLIQUE -- pour bacheliers CONSTANTINE,R22,INFSPM SKIKDA,15.07,value,,none_assigned,,not_applicable,246
X12SANTE,HYGIENISTES DE SANTE PUBLIQUE -- pour bacheliers ELTARF,R22,INFSPM SKIKDA,15.32,value,,none_assigned,,not_applicable,246
X12SANTE,HYGIENISTES DE SANTE PUBLIQUE -- pour bacheliers SOUK- AHRAS,R22,INFSPM SKIKDA,15.62,value,,none_assigned,,not_applicable,246
X13SANTE,ASSISTANTS MEDICAUX DE SANTE PUBLIQUE -- pour bacheliers SKIKDA,R22,INFSPM SKIKDA,15.36,value,,none_assigned,,not_applicable,246
X13SANTE,ASSISTANTS MEDICAUX DE SANTE PUBLIQUE -- pour bacheliers ANNABA,R22,INFSPM SKIKDA,14.08,value,15.09,value,,not_applicable,246
X13SANTE,ASSISTANTS MEDICAUX DE SANTE PUBLIQUE -- pour bacheliers CONSTANTINE,R22,INFSPM SKIKDA,14.13,value,,none_assigned,,not_applicable,246
X13SANTE,ASSISTANTS MEDICAUX DE SANTE PUBLIQUE -- pour bacheliers ELTARF,R22,INFSPM SKIKDA,14.8,value,,none_assigned,,not_applicable,246
X01SANTE,INFIMIERS DE SANTE PUBLIQUE -- pour bacheliers TLEMCEN,R21,INFSPM SIDI BEL ABBES,15.67,value,16.48,value,,not_applicable,246
X01SANTE,INFIMIERS DE SANTE PUBLIQUE -- pour bacheliers SIDIBEL- ABBES,R21,INFSPM SIDI BEL ABBES,15.51,value,,none_assigned,,not_applicable,246
X01SANTE,INFIMIERS DE SANTE PUBLIQUE -- pour bacheliers AIN- TEMOUCHENT,R21,INFSPM SIDI BEL ABBES,15.34,value,,none_assigned,,not_applicable,246
X04SANTE,KINESITHERAPEUTES DE SANTE PUBLIQUE -- pour bacheliers TLEMCEN,R21,INFSPM SIDI BEL ABBES,16.49,value,,none_assigned,,not_applicable,246
X04SANTE,KINESITHERAPEUTES DE SANTE PUBLIQUE -- pour bacheliers SIDIBEL-ABBES,R21,INFSPM SIDI BEL ABBES,16.19,value,,none_assigned,,not_applicable,247
X04SANTE,KINESITHERAPEUTES DE SANTE PUBLIQUE -- pour bacheliers NAAMA,R21,INFSPM SIDI BEL ABBES,15.95,value,,none_assigned,,not_applicable,247
X04SANTE,KINESITHERAPEUTES DE SANTE PUBLIQUE -- pour bacheliers AIN-TEMOUCHENT,R21,INFSPM SIDI BEL ABBES,16.32,value,,none_assigned,,not_applicable,247
X06SANTE,ERGOTHERAPEUTES DE SANTE PUBLIQUE -- pour bacheliers CHLEF,R21,INFSPM SIDI BEL ABBES,15.85,value,,none_assigned,,not_applicable,247
X06SANTE,ERGOTHERAPEUTES DE SANTE PUBLIQUE -- pour bacheliers BECHAR,R21,INFSPM SIDI BEL ABBES,15.21,value,,none_assigned,,not_applicable,247
X06SANTE,ERGOTHERAPEUTES DE SANTE PUBLIQUE -- pour bacheliers TLEMCEN,R21,INFSPM SIDI BEL ABBES,15.57,value,,none_assigned,,not_applicable,247
X06SANTE,ERGOTHERAPEUTES DE SANTE PUBLIQUE -- pour bacheliers SIDIBEL-ABBES,R21,INFSPM SIDI BEL ABBES,15.88,value,,none_assigned,,not_applicable,247
X06SANTE,ERGOTHERAPEUTES DE SANTE PUBLIQUE -- pour bacheliers ORAN,R21,INFSPM SIDI BEL ABBES,15.02,value,15.89,value,,not_applicable,247
X06SANTE,ERGOTHERAPEUTES DE SANTE PUBLIQUE -- pour bacheliers AIN-TEMOUCHENT,R21,INFSPM SIDI BEL ABBES,15.37,value,,none_assigned,,not_applicable,247
X06SANTE,ERGOTHERAPEUTES DE SANTE PUBLIQUE -- pour bacheliers BENI ABBES,R21,INFSPM SIDI BEL ABBES,11.84,value,13.19,value,,not_applicable,247
X08SANTE,PSYCHOMOTRICIENS DE SANTE PUBLIQUE -- pour bacheliers TLEMCEN,R21,INFSPM SIDI BEL ABBES,15.91,value,,none_assigned,,not_applicable,247
X08SANTE,PSYCHOMOTRICIENS DE SANTE PUBLIQUE -- pour bacheliers SIDIBEL-ABBES,R21,INFSPM SIDI BEL ABBES,15.91,value,,none_assigned,,not_applicable,247
X08SANTE,PSYCHOMOTRICIENS DE SANTE PUBLIQUE -- pour bacheliers MOSTAGANEM,R21,INFSPM SIDI BEL ABBES,15.17,value,,none_assigned,,not_applicable,247
X08SANTE,PSYCHOMOTRICIENS DE SANTE PUBLIQUE -- pour bacheliers MASCARA,R21,INFSPM SIDI BEL ABBES,15.42,value,,none_assigned,,not_applicable,247
X08SANTE,PSYCHOMOTRICIENS DE SANTE PUBLIQUE -- pour bacheliers ORAN,R21,INFSPM SIDI BEL ABBES,14.83,value,,none_assigned,,not_applicable,248
X08SANTE,PSYCHOMOTRICIENS DE SANTE PUBLIQUE -- pour bacheliers EL BAYADH,R21,INFSPM SIDI BEL ABBES,14.83,value,,none_assigned,,not_applicable,248
X08SANTE,PSYCHOMOTRICIENS DE SANTE PUBLIQUE -- pour bacheliers NAAMA,R21,INFSPM SIDI BEL ABBES,14.76,value,,none_assigned,,not_applicable,248
X08SANTE,PSYCHOMOTRICIENS DE SANTE PUBLIQUE -- pour bacheliers AIN-TEMOUCHENT,R21,INFSPM SIDI BEL ABBES,15.67,value,,none_assigned,,not_applicable,248
X08SANTE,PSYCHOMOTRICIENS DE SANTE PUBLIQUE -- pour bacheliers RELIZANE,R21,INFSPM SIDI BEL ABBES,15.83,value,,none_assigned,,not_applicable,248
X08SANTE,PSYCHOMOTRICIENS DE SANTE PUBLIQUE -- pour bacheliers BENI ABBES,R21,INFSPM SIDI BEL ABBES,12.07,value,,none_assigned,,not_applicable,248
X09SANTE,MANIPULATEURS EN IMAGERIE MEDICALE DE SANTE PUBLIQUE -- pour bacheliers TLEMCEN,R21,INFSPM SIDI BEL ABBES,16.18,value,,none_assigned,,not_applicable,248
X09SANTE,MANIPULATEURS EN IMAGERIE MEDICALE DE SANTE PUBLIQUE -- pour bacheliers SIDIBEL-ABBES,R21,INFSPM SIDI BEL ABBES,16.03,value,17.34,value,,not_applicable,248
X09SANTE,MANIPULATEURS EN IMAGERIE MEDICALE DE SANTE PUBLIQUE -- pour bacheliers AIN-TEMOUCHENT,R21,INFSPM SIDI BEL ABBES,15.78,value,,none_assigned,,not_applicable,248
X10SANTE,LABORANTINS DE SANTE PUBLIQUE -- pour bacheliers TLEMCEN,R21,INFSPM SIDI BEL ABBES,16.1,value,,none_assigned,,not_applicable,248
X10SANTE,LABORANTINS DE SANTE PUBLIQUE -- pour bacheliers SIDIBEL-ABBES,R21,INFSPM SIDI BEL ABBES,15.96,value,,none_assigned,,not_applicable,248
X10SANTE,LABORANTINS DE SANTE PUBLIQUE -- pour bacheliers AIN- TEMOUCHENT,R21,INFSPM SIDI BEL ABBES,15.76,value,,none_assigned,,not_applicable,248
X11SANTE,PREPARATEURS EN PHARMACIE DE SANTE PUBLIQUE -- pour bacheliers BECHAR,R21,INFSPM SIDI BEL ABBES,14.19,value,,none_assigned,,not_applicable,248
X11SANTE,PREPARATEURS EN PHARMACIE DE SANTE PUBLIQUE -- pour bacheliers SAIDA,R21,INFSPM SIDI BEL ABBES,15.43,value,,none_assigned,,not_applicable,248
X11SANTE,PREPARATEURS EN PHARMACIE DE SANTE PUBLIQUE -- pour bacheliers SIDIBEL-ABBES,R21,INFSPM SIDI BEL ABBES,15.86,value,,none_assigned,,not_applicable,249
X11SANTE,PREPARATEURS EN PHARMACIE DE SANTE PUBLIQUE -- pour bacheliers EL BAYADH,R21,INFSPM SIDI BEL ABBES,15.15,value,,none_assigned,,not_applicable,249
X11SANTE,PREPARATEURS EN PHARMACIE DE SANTE PUBLIQUE -- pour bacheliers NAAMA,R21,INFSPM SIDI BEL ABBES,14.89,value,,none_assigned,,not_applicable,249
X01SANTE,INFIMIERS DE SANTE PUBLIQUE -- pour bacheliers GUELMA,R10,INFSPM CONSTANTINE,15.42,value,16.21,value,,not_applicable,249
X01SANTE,INFIMIERS DE SANTE PUBLIQUE -- pour bacheliers CONSTANTINE,R10,INFSPM CONSTANTINE,15.53,value,16.46,value,,not_applicable,249
X01SANTE,INFIMIERS DE SANTE PUBLIQUE -- pour bacheliers MILA,R10,INFSPM CONSTANTINE,15.51,value,,none_assigned,,not_applicable,249
X02SANTE,DIETETICIENS DE SANTE PUBLIQUE -- pour bacheliers OUM- EL-BOUAGHI,R10,INFSPM CONSTANTINE,16.22,value,,none_assigned,,not_applicable,249
X02SANTE,DIETETICIENS DE SANTE PUBLIQUE -- pour bacheliers JIJEL,R10,INFSPM CONSTANTINE,16.6,value,,none_assigned,,not_applicable,249
X02SANTE,DIETETICIENS DE SANTE PUBLIQUE -- pour bacheliers SETIF,R10,INFSPM CONSTANTINE,15.78,value,,none_assigned,,not_applicable,249
X02SANTE,DIETETICIENS DE SANTE PUBLIQUE -- pour bacheliers SKIKDA,R10,INFSPM CONSTANTINE,16.04,value,,none_assigned,,not_applicable,249
X02SANTE,DIETETICIENS DE SANTE PUBLIQUE -- pour bacheliers ANNABA,R10,INFSPM CONSTANTINE,15.69,value,,none_assigned,,not_applicable,249
X02SANTE,DIETETICIENS DE SANTE PUBLIQUE -- pour bacheliers GUELMA,R10,INFSPM CONSTANTINE,16.3,value,,none_assigned,,not_applicable,249
X02SANTE,DIETETICIENS DE SANTE PUBLIQUE -- pour bacheliers CONSTANTINE,R10,INFSPM CONSTANTINE,15.89,value,,none_assigned,,not_applicable,249
X02SANTE,DIETETICIENS DE SANTE PUBLIQUE -- pour bacheliers ELTARF,R10,INFSPM CONSTANTINE,15.75,value,,none_assigned,,not_applicable,249
X02SANTE,DIETETICIENS DE SANTE PUBLIQUE -- pour bacheliers SOUK- AHRAS,R10,INFSPM CONSTANTINE,16.09,value,,none_assigned,,not_applicable,249
X02SANTE,DIETETICIENS DE SANTE PUBLIQUE -- pour bacheliers MILA,R10,INFSPM CONSTANTINE,16.28,value,,none_assigned,,not_applicable,249
X04SANTE,KINESITHERAPEUTES DE SANTE PUBLIQUE -- pour bacheliers GUELMA,R10,INFSPM CONSTANTINE,16.46,value,,none_assigned,,not_applicable,250
X04SANTE,KINESITHERAPEUTES DE SANTE PUBLIQUE -- pour bacheliers CONSTANTINE,R10,INFSPM CONSTANTINE,16.53,value,,none_assigned,,not_applicable,250
X04SANTE,KINESITHERAPEUTES DE SANTE PUBLIQUE -- pour bacheliers SOUK-AHRAS,R10,INFSPM CONSTANTINE,16.06,value,,none_assigned,,not_applicable,250
X09SANTE,MANIPULATEURS EN IMAGERIE MEDICALE DE SANTE PUBLIQUE -- pour bacheliers GUELMA,R10,INFSPM CONSTANTINE,15.93,value,,none_assigned,,not_applicable,250
X09SANTE,MANIPULATEURS EN IMAGERIE MEDICALE DE SANTE PUBLIQUE -- pour bacheliers CONSTANTINE,R10,INFSPM CONSTANTINE,15.95,value,,none_assigned,,not_applicable,250
X09SANTE,MANIPULATEURS EN IMAGERIE MEDICALE DE SANTE PUBLIQUE -- pour bacheliers SOUK-AHRAS,R10,INFSPM CONSTANTINE,15.8,value,,none_assigned,,not_applicable,250
X09SANTE,MANIPULATEURS EN IMAGERIE MEDICALE DE SANTE PUBLIQUE -- pour bacheliers MILA,R10,INFSPM CONSTANTINE,15.82,value,,none_assigned,,not_applicable,250
X10SANTE,LABORANTINS DE SANTE PUBLIQUE -- pour bacheliers GUELMA,R10,INFSPM CONSTANTINE,15.8,value,16.59,value,,not_applicable,250
X10SANTE,LABORANTINS DE SANTE PUBLIQUE -- pour bacheliers CONSTANTINE,R10,INFSPM CONSTANTINE,15.83,value,,none_assigned,,not_applicable,250
X10SANTE,LABORANTINS DE SANTE PUBLIQUE -- pour bacheliers SOUK-AHRAS,R10,INFSPM CONSTANTINE,15.97,value,,none_assigned,,not_applicable,250
X10SANTE,LABORANTINS DE SANTE PUBLIQUE -- pour bacheliers MILA,R10,INFSPM CONSTANTINE,15.87,value,,none_assigned,,not_applicable,250
X11SANTE,PREPARATEURS EN PHARMACIE DE SANTE PUBLIQUE -- pour bacheliers CONSTANTINE,R10,INFSPM CONSTANTINE,15.72,value,,none_assigned,,not_applicable,250
X11SANTE,PREPARATEURS EN PHARMACIE DE SANTE PUBLIQUE -- pour bacheliers OUARGLA,R10,INFSPM CONSTANTINE,13.9,value,,none_assigned,,not_applicable,250
X11SANTE,PREPARATEURS EN PHARMACIE DE SANTE PUBLIQUE -- pour bacheliers ILLIZI,R10,INFSPM CONSTANTINE,11.95,value,13.01,value,,not_applicable,250
X11SANTE,PREPARATEURS EN PHARMACIE DE SANTE PUBLIQUE -- pour bacheliers DJANET,R10,INFSPM CONSTANTINE,,NC,,NC,,not_applicable,250
X14SANTE,ASSISTANTS SOCIAUX DE SANTE PUBLIQUE -- pour bacheliers OUM-EL-BOUAGHI,R10,INFSPM CONSTANTINE,14.7,value,,none_assigned,,not_applicable,251
X14SANTE,ASSISTANTS SOCIAUX DE SANTE PUBLIQUE -- pour bacheliers BATNA,R10,INFSPM CONSTANTINE,15.0,value,,none_assigned,,not_applicable,251
X14SANTE,ASSISTANTS SOCIAUX DE SANTE PUBLIQUE -- pour bacheliers TEBESSA,R10,INFSPM CONSTANTINE,14.54,value,,none_assigned,,not_applicable,251
X14SANTE,ASSISTANTS SOCIAUX DE SANTE PUBLIQUE -- pour bacheliers GUELMA,R10,INFSPM CONSTANTINE,14.68,value,,none_assigned,,not_applicable,251
X14SANTE,ASSISTANTS SOCIAUX DE SANTE PUBLIQUE -- pour bacheliers CONSTANTINE,R10,INFSPM CONSTANTINE,14.74,value,,none_assigned,,not_applicable,251
X14SANTE,ASSISTANTS SOCIAUX DE SANTE PUBLIQUE -- pour bacheliers KHENCHLA,R10,INFSPM CONSTANTINE,15.11,value,,none_assigned,,not_applicable,251
X14SANTE,ASSISTANTS SOCIAUX DE SANTE PUBLIQUE -- pour bacheliers SOUK-AHRAS,R10,INFSPM CONSTANTINE,15.41,value,,none_assigned,,not_applicable,251
X14SANTE,ASSISTANTS SOCIAUX DE SANTE PUBLIQUE -- pour bacheliers MILA,R10,INFSPM CONSTANTINE,14.76,value,,none_assigned,,not_applicable,251
X01SANTE,INFIMIERS DE SANTE PUBLIQUE -- pour bacheliers LAGHOUAT,R13,INFSPM MEDEA,14.42,value,,none_assigned,,not_applicable,251
X01SANTE,INFIMIERS DE SANTE PUBLIQUE -- pour bacheliers MEDEA,R13,INFSPM MEDEA,15.08,value,16.07,value,,not_applicable,251
X01SANTE,INFIMIERS DE SANTE PUBLIQUE -- pour bacheliers EL MENIAA,R13,INFSPM MEDEA,12.51,value,,none_assigned,,not_applicable,251
X09SANTE,MANIPULATEURS EN IMAGERIE MEDICALE DE SANTE PUBLIQUE -- pour bacheliers LAGHOUAT,R13,INFSPM MEDEA,15.22,value,,none_assigned,,not_applicable,251
X09SANTE,MANIPULATEURS EN IMAGERIE MEDICALE DE SANTE PUBLIQUE -- pour bacheliers MEDEA,R13,INFSPM MEDEA,15.96,value,16.9,value,,not_applicable,251
X09SANTE,MANIPULATEURS EN IMAGERIE MEDICALE DE SANTE PUBLIQUE -- pour bacheliers EL MENIAA,R13,INFSPM MEDEA,13.29,value,,none_assigned,,not_applicable,251
X10SANTE,LABORANTINS DE SANTE PUBLIQUE -- pour bacheliers LAGHOUAT,R13,INFSPM MEDEA,15.73,value,,none_assigned,,not_applicable,251
X10SANTE,LABORANTINS DE SANTE PUBLIQUE -- pour bacheliers MEDEA,R13,INFSPM MEDEA,15.93,value,,none_assigned,,not_applicable,252
X10SANTE,LABORANTINS DE SANTE PUBLIQUE -- pour bacheliers EL MENIAA,R13,INFSPM MEDEA,13.21,value,16.16,value,,not_applicable,252
X11SANTE,PREPARATEURS EN PHARMACIE DE SANTE PUBLIQUE -- pour bacheliers LAGHOUAT,R13,INFSPM MEDEA,15.02,value,,none_assigned,,not_applicable,252
X11SANTE,PREPARATEURS EN PHARMACIE DE SANTE PUBLIQUE -- pour bacheliers DJELFA,R13,INFSPM MEDEA,15.87,value,,none_assigned,,not_applicable,252
X11SANTE,PREPARATEURS EN PHARMACIE DE SANTE PUBLIQUE -- pour bacheliers MEDEA,R13,INFSPM MEDEA,15.72,value,,none_assigned,,not_applicable,252
X11SANTE,PREPARATEURS EN PHARMACIE DE SANTE PUBLIQUE -- pour bacheliers GHARDAIA,R13,INFSPM MEDEA,15.12,value,,none_assigned,,not_applicable,252
X11SANTE,PREPARATEURS EN PHARMACIE DE SANTE PUBLIQUE -- pour bacheliers EL MENIAA,R13,INFSPM MEDEA,13.17,value,,none_assigned,,not_applicable,252
X01SANTE,INFIMIERS DE SANTE PUBLIQUE -- pour bacheliers MOSTAGANEM,R14,INFSPM MOSTAGANEM,15.21,value,16.04,value,,not_applicable,252
X09SANTE,MANIPULATEURS EN IMAGERIE MEDICALE DE SANTE PUBLIQUE -- pour bacheliers MOSTAGANEM,R14,INFSPM MOSTAGANEM,15.68,value,16.5,value,,not_applicable,252
X10SANTE,LABORANTINS DE SANTE PUBLIQUE -- pour bacheliers MOSTAGANEM,R14,INFSPM MOSTAGANEM,16.08,value,,none_assigned,,not_applicable,252
X11SANTE,PREPARATEURS EN PHARMACIE DE SANTE PUBLIQUE -- pour bacheliers CHLEF,R14,INFSPM MOSTAGANEM,15.9,value,,none_assigned,,not_applicable,252
X11SANTE,PREPARATEURS EN PHARMACIE DE SANTE PUBLIQUE -- pour bacheliers TIARET,R14,INFSPM MOSTAGANEM,15.76,value,,none_assigned,,not_applicable,252
X11SANTE,PREPARATEURS EN PHARMACIE DE SANTE PUBLIQUE -- pour bacheliers MOSTAGANEM,R14,INFSPM MOSTAGANEM,15.63,value,,none_assigned,,not_applicable,252
X11SANTE,PREPARATEURS EN PHARMACIE DE SANTE PUBLIQUE -- pour bacheliers TISSEMSILT,R14,INFSPM MOSTAGANEM,15.62,value,,none_assigned,,not_applicable,252
X12SANTE,HYGIENISTES DE SANTE PUBLIQUE -- pour bacheliers CHLEF,R14,INFSPM MOSTAGANEM,15.71,value,,none_assigned,,not_applicable,252
X12SANTE,HYGIENISTES DE SANTE PUBLIQUE -- pour bacheliers MOSTAGANEM,R14,INFSPM MOSTAGANEM,15.48,value,16.22,value,,not_applicable,253
X12SANTE,HYGIENISTES DE SANTE PUBLIQUE -- pour bacheliers TISSEMSILT,R14,INFSPM MOSTAGANEM,15.38,value,,none_assigned,,not_applicable,253
X12SANTE,HYGIENISTES DE SANTE PUBLIQUE -- pour bacheliers RELIZANE,R14,INFSPM MOSTAGANEM,15.8,value,,none_assigned,,not_applicable,253
X13SANTE,ASSISTANTS MEDICAUX DE SANTE PUBLIQUE -- pour bacheliers CHLEF,R14,INFSPM MOSTAGANEM,14.77,value,,none_assigned,,not_applicable,253
X13SANTE,ASSISTANTS MEDICAUX DE SANTE PUBLIQUE -- pour bacheliers MOSTAGANEM,R14,INFSPM MOSTAGANEM,15.11,value,16.02,value,,not_applicable,253
X13SANTE,ASSISTANTS MEDICAUX DE SANTE PUBLIQUE -- pour bacheliers RELIZANE,R14,INFSPM MOSTAGANEM,15.83,value,16.56,value,,not_applicable,253
X14SANTE,ASSISTANTS SOCIAUX DE SANTE PUBLIQUE -- pour bacheliers CHLEF,R14,INFSPM MOSTAGANEM,14.63,value,,none_assigned,,not_applicable,253
X14SANTE,ASSISTANTS SOCIAUX DE SANTE PUBLIQUE -- pour bacheliers MOSTAGANEM,R14,INFSPM MOSTAGANEM,14.41,value,,none_assigned,,not_applicable,253
X14SANTE,ASSISTANTS SOCIAUX DE SANTE PUBLIQUE -- pour bacheliers MASCARA,R14,INFSPM MOSTAGANEM,14.35,value,15.11,value,,not_applicable,253
X14SANTE,ASSISTANTS SOCIAUX DE SANTE PUBLIQUE -- pour bacheliers RELIZANE,R14,INFSPM MOSTAGANEM,15.27,value,16.06,value,,not_applicable,253
X01SANTE,INFIMIERS DE SANTE PUBLIQUE -- pour bacheliers DJELFA,R15,INFSPM MSILA,14.94,value,16.43,value,,not_applicable,253
X01SANTE,INFIMIERS DE SANTE PUBLIQUE -- pour bacheliers MSILA,R15,INFSPM MSILA,15.21,value,16.02,value,,not_applicable,253
X01SANTE,INFIMIERS DE SANTE PUBLIQUE -- pour bacheliers GHARDAIA,R15,INFSPM MSILA,14.54,value,15.78,value,,not_applicable,253
X09SANTE,MANIPULATEURS EN IMAGERIE MEDICALE DE SANTE PUBLIQUE -- pour bacheliers DJELFA,R15,INFSPM MSILA,15.71,value,16.66,value,,not_applicable,253
X09SANTE,MANIPULATEURS EN IMAGERIE MEDICALE DE SANTE PUBLIQUE -- pour bacheliers MSILA,R15,INFSPM MSILA,15.95,value,,none_assigned,,not_applicable,253
X09SANTE,MANIPULATEURS EN IMAGERIE MEDICALE DE SANTE PUBLIQUE -- pour bacheliers GHARDAIA,R15,INFSPM MSILA,15.08,value,15.89,value,,not_applicable,254
X10SANTE,LABORANTINS DE SANTE PUBLIQUE -- pour bacheliers DJELFA,R15,INFSPM MSILA,15.95,value,,none_assigned,,not_applicable,254
X10SANTE,LABORANTINS DE SANTE PUBLIQUE -- pour bacheliers MSILA,R15,INFSPM MSILA,15.96,value,16.79,value,,not_applicable,254
X10SANTE,LABORANTINS DE SANTE PUBLIQUE -- pour bacheliers GHARDAIA,R15,INFSPM MSILA,15.43,value,16.47,value,,not_applicable,254
X13SANTE,ASSISTANTS MEDICAUX DE SANTE PUBLIQUE -- pour bacheliers DJELFA,R15,INFSPM MSILA,14.5,value,15.24,value,,not_applicable,254
X13SANTE,ASSISTANTS MEDICAUX DE SANTE PUBLIQUE -- pour bacheliers MSILA,R15,INFSPM MSILA,14.15,value,,none_assigned,,not_applicable,254
X13SANTE,ASSISTANTS MEDICAUX DE SANTE PUBLIQUE -- pour bacheliers GHARDAIA,R15,INFSPM MSILA,13.88,value,,none_assigned,,not_applicable,254
X14SANTE,ASSISTANTS SOCIAUX DE SANTE PUBLIQUE -- pour bacheliers BISKRA,R15,INFSPM MSILA,13.96,value,14.57,value,,not_applicable,254
X14SANTE,ASSISTANTS SOCIAUX DE SANTE PUBLIQUE -- pour bacheliers DJELFA,R15,INFSPM MSILA,15.07,value,,none_assigned,,not_applicable,254
X14SANTE,ASSISTANTS SOCIAUX DE SANTE PUBLIQUE -- pour bacheliers MSILA,R15,INFSPM MSILA,14.09,value,,none_assigned,,not_applicable,254
X14SANTE,ASSISTANTS SOCIAUX DE SANTE PUBLIQUE -- pour bacheliers GHARDAIA,R15,INFSPM MSILA,13.76,value,14.63,value,,not_applicable,254
X14SANTE,ASSISTANTS SOCIAUX DE SANTE PUBLIQUE -- pour bacheliers OULED DJELLAL,R15,INFSPM MSILA,13.79,value,14.21,value,,not_applicable,254
X14SANTE,ASSISTANTS SOCIAUX DE SANTE PUBLIQUE -- pour bacheliers EL MGHAIER,R15,INFSPM MSILA,15.24,value,13.33,value,,not_applicable,254
X14SANTE,ASSISTANTS SOCIAUX DE SANTE PUBLIQUE -- pour bacheliers EL MENIAA,R15,INFSPM MSILA,,none_assigned,12.48,value,,not_applicable,254
X01SANTE,INFIMIERS DE SANTE PUBLIQUE -- pour bacheliers MASCARA,R12,INFSPM MASCARA,15.47,value,,none_assigned,,not_applicable,255
X01SANTE,INFIMIERS DE SANTE PUBLIQUE -- pour bacheliers RELIZANE,R12,INFSPM MASCARA,15.61,value,,none_assigned,,not_applicable,255
X04SANTE,KINESITHERAPEUTES DE SANTE PUBLIQUE -- pour bacheliers TIARET,R12,INFSPM MASCARA,16.5,value,,none_assigned,,not_applicable,255
X04SANTE,KINESITHERAPEUTES DE SANTE PUBLIQUE -- pour bacheliers SAIDA,R12,INFSPM MASCARA,15.92,value,,none_assigned,,not_applicable,255
X04SANTE,KINESITHERAPEUTES DE SANTE PUBLIQUE -- pour bacheliers MASCARA,R12,INFSPM MASCARA,16.21,value,,none_assigned,,not_applicable,255
X04SANTE,KINESITHERAPEUTES DE SANTE PUBLIQUE -- pour bacheliers TISSEMSILT,R12,INFSPM MASCARA,16.13,value,,none_assigned,,not_applicable,255
X06SANTE,ERGOTHERAPEUTES DE SANTE PUBLIQUE -- pour bacheliers TIARET,R12,INFSPM MASCARA,15.47,value,,none_assigned,,not_applicable,255
X06SANTE,ERGOTHERAPEUTES DE SANTE PUBLIQUE -- pour bacheliers MOSTAGANEM,R12,INFSPM MASCARA,14.83,value,15.68,value,,not_applicable,255
X06SANTE,ERGOTHERAPEUTES DE SANTE PUBLIQUE -- pour bacheliers MASCARA,R12,INFSPM MASCARA,15.52,value,,none_assigned,,not_applicable,255
X06SANTE,ERGOTHERAPEUTES DE SANTE PUBLIQUE -- pour bacheliers EL BAYADH,R12,INFSPM MASCARA,14.59,value,,none_assigned,,not_applicable,255
X06SANTE,ERGOTHERAPEUTES DE SANTE PUBLIQUE -- pour bacheliers TISSEMSILT,R12,INFSPM MASCARA,15.1,value,,none_assigned,,not_applicable,255
X06SANTE,ERGOTHERAPEUTES DE SANTE PUBLIQUE -- pour bacheliers RELIZANE,R12,INFSPM MASCARA,15.72,value,,none_assigned,,not_applicable,255
X09SANTE,MANIPULATEURS EN IMAGERIE MEDICALE DE SANTE PUBLIQUE -- pour bacheliers MASCARA,R12,INFSPM MASCARA,15.95,value,17.28,value,,not_applicable,255
X09SANTE,MANIPULATEURS EN IMAGERIE MEDICALE DE SANTE PUBLIQUE -- pour bacheliers RELIZANE,R12,INFSPM MASCARA,15.93,value,16.83,value,,not_applicable,255
X10SANTE,LABORANTINS DE SANTE PUBLIQUE -- pour bacheliers MASCARA,R12,INFSPM MASCARA,15.94,value,,none_assigned,,not_applicable,256
X10SANTE,LABORANTINS DE SANTE PUBLIQUE -- pour bacheliers RELIZANE,R12,INFSPM MASCARA,15.96,value,,none_assigned,,not_applicable,256
X12SANTE,HYGIENISTES DE SANTE PUBLIQUE -- pour bacheliers BECHAR,R12,INFSPM MASCARA,13.52,value,,none_assigned,,not_applicable,256
X12SANTE,HYGIENISTES DE SANTE PUBLIQUE -- pour bacheliers SAIDA,R12,INFSPM MASCARA,15.35,value,,none_assigned,,not_applicable,256
X12SANTE,HYGIENISTES DE SANTE PUBLIQUE -- pour bacheliers MASCARA,R12,INFSPM MASCARA,15.87,value,,none_assigned,,not_applicable,256
X12SANTE,HYGIENISTES DE SANTE PUBLIQUE -- pour bacheliers EL BAYADH,R12,INFSPM MASCARA,14.83,value,,none_assigned,,not_applicable,256
X12SANTE,HYGIENISTES DE SANTE PUBLIQUE -- pour bacheliers NAAMA,R12,INFSPM MASCARA,14.66,value,,none_assigned,,not_applicable,256
X12SANTE,HYGIENISTES DE SANTE PUBLIQUE -- pour bacheliers TIMIMOUN,R12,INFSPM MASCARA,13.63,value,,none_assigned,,not_applicable,256
X13SANTE,ASSISTANTS MEDICAUX DE SANTE PUBLIQUE -- pour bacheliers TLEMCEN,R12,INFSPM MASCARA,14.3,value,17.06,value,,not_applicable,256
X13SANTE,ASSISTANTS MEDICAUX DE SANTE PUBLIQUE -- pour bacheliers SIDIBEL-ABBES,R12,INFSPM MASCARA,13.96,value,14.94,value,,not_applicable,256
X13SANTE,ASSISTANTS MEDICAUX DE SANTE PUBLIQUE -- pour bacheliers MASCARA,R12,INFSPM MASCARA,15.54,value,,none_assigned,,not_applicable,256
X01SANTE,INFIMIERS DE SANTE PUBLIQUE -- pour bacheliers OUARGLA,R18,INFSPM OUARGLA,13.34,value,14.3,value,,not_applicable,256
X01SANTE,INFIMIERS DE SANTE PUBLIQUE -- pour bacheliers ILLIZI,R18,INFSPM OUARGLA,11.16,value,12.04,value,,not_applicable,256
X01SANTE,INFIMIERS DE SANTE PUBLIQUE -- pour bacheliers TOUGGOURT,R18,INFSPM OUARGLA,14.03,value,,none_assigned,,not_applicable,256
X01SANTE,INFIMIERS DE SANTE PUBLIQUE -- pour bacheliers DJANET,R18,INFSPM OUARGLA,,NC,,NC,,not_applicable,256
X04SANTE,KINESITHERAPEUTES DE SANTE PUBLIQUE -- pour bacheliers OUARGLA,R18,INFSPM OUARGLA,15.37,value,,none_assigned,,not_applicable,257
X04SANTE,KINESITHERAPEUTES DE SANTE PUBLIQUE -- pour bacheliers ILLIZI,R18,INFSPM OUARGLA,14.88,value,,none_assigned,,not_applicable,257
X04SANTE,KINESITHERAPEUTES DE SANTE PUBLIQUE -- pour bacheliers GHARDAIA,R18,INFSPM OUARGLA,16.03,value,,none_assigned,,not_applicable,257
X04SANTE,KINESITHERAPEUTES DE SANTE PUBLIQUE -- pour bacheliers DJANET,R18,INFSPM OUARGLA,10.01,value,,none_assigned,,not_applicable,257
X04SANTE,KINESITHERAPEUTES DE SANTE PUBLIQUE -- pour bacheliers EL MENIAA,R18,INFSPM OUARGLA,15.47,value,,none_assigned,,not_applicable,257
X09SANTE,MANIPULATEURS EN IMAGERIE MEDICALE DE SANTE PUBLIQUE -- pour bacheliers OUARGLA,R18,INFSPM OUARGLA,14.43,value,,none_assigned,,not_applicable,257
X09SANTE,MANIPULATEURS EN IMAGERIE MEDICALE DE SANTE PUBLIQUE -- pour bacheliers ILLIZI,R18,INFSPM OUARGLA,12.45,value,13.1,value,,not_applicable,257
X09SANTE,MANIPULATEURS EN IMAGERIE MEDICALE DE SANTE PUBLIQUE -- pour bacheliers TOUGGOURT,R18,INFSPM OUARGLA,14.9,value,,none_assigned,,not_applicable,257
X09SANTE,MANIPULATEURS EN IMAGERIE MEDICALE DE SANTE PUBLIQUE -- pour bacheliers DJANET,R18,INFSPM OUARGLA,,NC,,NC,,not_applicable,257
X10SANTE,LABORANTINS DE SANTE PUBLIQUE -- pour bacheliers OUARGLA,R18,INFSPM OUARGLA,14.79,value,,none_assigned,,not_applicable,257
X10SANTE,LABORANTINS DE SANTE PUBLIQUE -- pour bacheliers ILLIZI,R18,INFSPM OUARGLA,13.03,value,,none_assigned,,not_applicable,257
X10SANTE,LABORANTINS DE SANTE PUBLIQUE -- pour bacheliers TOUGGOURT,R18,INFSPM OUARGLA,15.13,value,,none_assigned,,not_applicable,257
X10SANTE,LABORANTINS DE SANTE PUBLIQUE -- pour bacheliers DJANET,R18,INFSPM OUARGLA,,NC,,NC,,not_applicable,257
X12SANTE,HYGIENISTES DE SANTE PUBLIQUE -- pour bacheliers TAMANRASSET,R18,INFSPM OUARGLA,12.32,value,,none_assigned,,not_applicable,257
X12SANTE,HYGIENISTES DE SANTE PUBLIQUE -- pour bacheliers OUARGLA,R18,INFSPM OUARGLA,14.12,value,,none_assigned,,not_applicable,258
X12SANTE,HYGIENISTES DE SANTE PUBLIQUE -- pour bacheliers ILLIZI,R18,INFSPM OUARGLA,11.64,value,,none_assigned,,not_applicable,258
X12SANTE,HYGIENISTES DE SANTE PUBLIQUE -- pour bacheliers GHARDAIA,R18,INFSPM OUARGLA,15.23,value,,none_assigned,,not_applicable,258
X12SANTE,HYGIENISTES DE SANTE PUBLIQUE -- pour bacheliers IN SALAH,R18,INFSPM OUARGLA,12.17,value,12.45,value,,not_applicable,258
X12SANTE,HYGIENISTES DE SANTE PUBLIQUE -- pour bacheliers IN GUEZZAM,R18,INFSPM OUARGLA,,NC,,NC,,not_applicable,258
X12SANTE,HYGIENISTES DE SANTE PUBLIQUE -- pour bacheliers DJANET,R18,INFSPM OUARGLA,,NC,,NC,,not_applicable,258
X12SANTE,HYGIENISTES DE SANTE PUBLIQUE -- pour bacheliers EL MENIAA,R18,INFSPM OUARGLA,14.01,value,,none_assigned,,not_applicable,258
X13SANTE,ASSISTANTS MEDICAUX DE SANTE PUBLIQUE -- pour bacheliers OUARGLA,R18,INFSPM OUARGLA,13.18,value,13.47,value,,not_applicable,258
X13SANTE,ASSISTANTS MEDICAUX DE SANTE PUBLIQUE -- pour bacheliers ILLIZI,R18,INFSPM OUARGLA,12.63,value,,none_assigned,,not_applicable,258
X13SANTE,ASSISTANTS MEDICAUX DE SANTE PUBLIQUE -- pour bacheliers DJANET,R18,INFSPM OUARGLA,10.73,value,10.83,value,,not_applicable,258
X13SANTE,ASSISTANTS MEDICAUX DE SANTE PUBLIQUE -- pour bacheliers EL MENIAA,R18,INFSPM OUARGLA,12.13,value,12.26,value,,not_applicable,258
X14SANTE,ASSISTANTS SOCIAUX DE SANTE PUBLIQUE -- pour bacheliers TAMANRASSET,R18,INFSPM OUARGLA,13.39,value,11.84,value,,not_applicable,258
X14SANTE,ASSISTANTS SOCIAUX DE SANTE PUBLIQUE -- pour bacheliers OUARGLA,R18,INFSPM OUARGLA,13.22,value,,none_assigned,,not_applicable,258
X14SANTE,ASSISTANTS SOCIAUX DE SANTE PUBLIQUE -- pour bacheliers ILLIZI,R18,INFSPM OUARGLA,12.25,value,13.01,value,,not_applicable,258
X14SANTE,ASSISTANTS SOCIAUX DE SANTE PUBLIQUE -- pour bacheliers EL OUED,R18,INFSPM OUARGLA,13.13,value,,none_assigned,,not_applicable,258
X14SANTE,ASSISTANTS SOCIAUX DE SANTE PUBLIQUE -- pour bacheliers IN SALAH,R18,INFSPM OUARGLA,11.79,value,11.8,value,,not_applicable,259
X14SANTE,ASSISTANTS SOCIAUX DE SANTE PUBLIQUE -- pour bacheliers IN GUEZZAM,R18,INFSPM OUARGLA,,NC,,NC,,not_applicable,259
X14SANTE,ASSISTANTS SOCIAUX DE SANTE PUBLIQUE -- pour bacheliers TOUGGOURT,R18,INFSPM OUARGLA,13.1,value,14.35,value,,not_applicable,259
X14SANTE,ASSISTANTS SOCIAUX DE SANTE PUBLIQUE -- pour bacheliers DJANET,R18,INFSPM OUARGLA,11.62,value,12.33,value,,not_applicable,259
X01SANTE,INFIMIERS DE SANTE PUBLIQUE -- pour bacheliers CHLEF,R16,INFSPM ORAN GUEABI DJEDIA,15.68,value,,none_assigned,,not_applicable,259
X01SANTE,INFIMIERS DE SANTE PUBLIQUE -- pour bacheliers ORAN,R16,INFSPM ORAN GUEABI DJEDIA,15.01,value,,none_assigned,,not_applicable,259
X03SANTE,PROTHESISTES DENTAIRES DE SANTE PUBLIQUE -- pour bacheliers ADRAR,R16,INFSPM ORAN GUEABI DJEDIA,14.28,value,,none_assigned,,not_applicable,259
X03SANTE,PROTHESISTES DENTAIRES DE SANTE PUBLIQUE -- pour bacheliers CHLEF,R16,INFSPM ORAN GUEABI DJEDIA,16.05,value,,none_assigned,,not_applicable,259
X03SANTE,PROTHESISTES DENTAIRES DE SANTE PUBLIQUE -- pour bacheliers BECHAR,R16,INFSPM ORAN GUEABI DJEDIA,16.54,value,,none_assigned,,not_applicable,259
X03SANTE,PROTHESISTES DENTAIRES DE SANTE PUBLIQUE -- pour bacheliers TLEMCEN,R16,INFSPM ORAN GUEABI DJEDIA,16.01,value,,none_assigned,,not_applicable,259
X03SANTE,PROTHESISTES DENTAIRES DE SANTE PUBLIQUE -- pour bacheliers SAIDA,R16,INFSPM ORAN GUEABI DJEDIA,16.63,value,,none_assigned,,not_applicable,259
X03SANTE,PROTHESISTES DENTAIRES DE SANTE PUBLIQUE -- pour bacheliers SIDIBEL-ABBES,R16,INFSPM ORAN GUEABI DJEDIA,15.77,value,,none_assigned,,not_applicable,259
X03SANTE,PROTHESISTES DENTAIRES DE SANTE PUBLIQUE -- pour bacheliers MOSTAGANEM,R16,INFSPM ORAN GUEABI DJEDIA,15.58,value,,none_assigned,,not_applicable,259
X03SANTE,PROTHESISTES DENTAIRES DE SANTE PUBLIQUE -- pour bacheliers MASCARA,R16,INFSPM ORAN GUEABI DJEDIA,16.38,value,,none_assigned,,not_applicable,259
X03SANTE,PROTHESISTES DENTAIRES DE SANTE PUBLIQUE -- pour bacheliers ORAN,R16,INFSPM ORAN GUEABI DJEDIA,16.25,value,,none_assigned,,not_applicable,259
X03SANTE,PROTHESISTES DENTAIRES DE SANTE PUBLIQUE -- pour bacheliers EL BAYADH,R16,INFSPM ORAN GUEABI DJEDIA,,none_assigned,16.28,value,,not_applicable,260
X03SANTE,PROTHESISTES DENTAIRES DE SANTE PUBLIQUE -- pour bacheliers TINDOUF,R16,INFSPM ORAN GUEABI DJEDIA,13.88,value,,none_assigned,,not_applicable,260
X03SANTE,PROTHESISTES DENTAIRES DE SANTE PUBLIQUE -- pour bacheliers NAAMA,R16,INFSPM ORAN GUEABI DJEDIA,15.85,value,,none_assigned,,not_applicable,260
X03SANTE,PROTHESISTES DENTAIRES DE SANTE PUBLIQUE -- pour bacheliers AIN-TEMOUCHENT,R16,INFSPM ORAN GUEABI DJEDIA,16.19,value,,none_assigned,,not_applicable,260
X03SANTE,PROTHESISTES DENTAIRES DE SANTE PUBLIQUE -- pour bacheliers RELIZANE,R16,INFSPM ORAN GUEABI DJEDIA,16.03,value,,none_assigned,,not_applicable,260
X03SANTE,PROTHESISTES DENTAIRES DE SANTE PUBLIQUE -- pour bacheliers TIMIMOUN,R16,INFSPM ORAN GUEABI DJEDIA,,none_assigned,15.07,value,,not_applicable,260
X03SANTE,PROTHESISTES DENTAIRES DE SANTE PUBLIQUE -- pour bacheliers BORDJ BADJI MOKHTAR,R16,INFSPM ORAN GUEABI DJEDIA,,NC,,NC,,not_applicable,260
X03SANTE,PROTHESISTES DENTAIRES DE SANTE PUBLIQUE -- pour bacheliers BENI ABBES,R16,INFSPM ORAN GUEABI DJEDIA,12.52,value,,none_assigned,,not_applicable,260
X11SANTE,PREPARATEURS EN PHARMACIE DE SANTE PUBLIQUE -- pour bacheliers TLEMCEN,R16,INFSPM ORAN GUEABI DJEDIA,15.92,value,,none_assigned,,not_applicable,260
X11SANTE,PREPARATEURS EN PHARMACIE DE SANTE PUBLIQUE -- pour bacheliers MASCARA,R16,INFSPM ORAN GUEABI DJEDIA,15.93,value,,none_assigned,,not_applicable,260
X11SANTE,PREPARATEURS EN PHARMACIE DE SANTE PUBLIQUE -- pour bacheliers ORAN,R16,INFSPM ORAN GUEABI DJEDIA,15.72,value,,none_assigned,,not_applicable,260
X11SANTE,PREPARATEURS EN PHARMACIE DE SANTE PUBLIQUE -- pour bacheliers AIN-TEMOUCHENT,R16,INFSPM ORAN GUEABI DJEDIA,15.53,value,,none_assigned,,not_applicable,260
X11SANTE,PREPARATEURS EN PHARMACIE DE SANTE PUBLIQUE -- pour bacheliers RELIZANE,R16,INFSPM ORAN GUEABI DJEDIA,16.13,value,,none_assigned,,not_applicable,260
X02SANTE,DIETETICIENS DE SANTE PUBLIQUE -- pour bacheliers ADRAR,R17,INFSPM ORAN HAI SALAM,15.2,value,,none_assigned,,not_applicable,260
X02SANTE,DIETETICIENS DE SANTE PUBLIQUE -- pour bacheliers CHLEF,R17,INFSPM ORAN HAI SALAM,16.52,value,,none_assigned,,not_applicable,261
X02SANTE,DIETETICIENS DE SANTE PUBLIQUE -- pour bacheliers BECHAR,R17,INFSPM ORAN HAI SALAM,15.6,value,,none_assigned,,not_applicable,261
X02SANTE,DIETETICIENS DE SANTE PUBLIQUE -- pour bacheliers TLEMCEN,R17,INFSPM ORAN HAI SALAM,16.0,value,,none_assigned,,not_applicable,261
X02SANTE,DIETETICIENS DE SANTE PUBLIQUE -- pour bacheliers TIARET,R17,INFSPM ORAN HAI SALAM,16.17,value,,none_assigned,,not_applicable,261
X02SANTE,DIETETICIENS DE SANTE PUBLIQUE -- pour bacheliers SAIDA,R17,INFSPM ORAN HAI SALAM,,none_assigned,,none_assigned,,not_applicable,261
X02SANTE,DIETETICIENS DE SANTE PUBLIQUE -- pour bacheliers SIDIBEL-ABBES,R17,INFSPM ORAN HAI SALAM,16.0,value,,none_assigned,,not_applicable,261
X02SANTE,DIETETICIENS DE SANTE PUBLIQUE -- pour bacheliers MOSTAGANEM,R17,INFSPM ORAN HAI SALAM,15.91,value,,none_assigned,,not_applicable,261
X02SANTE,DIETETICIENS DE SANTE PUBLIQUE -- pour bacheliers MASCARA,R17,INFSPM ORAN HAI SALAM,15.92,value,,none_assigned,,not_applicable,261
X02SANTE,DIETETICIENS DE SANTE PUBLIQUE -- pour bacheliers ORAN,R17,INFSPM ORAN HAI SALAM,16.5,value,,none_assigned,,not_applicable,261
X02SANTE,DIETETICIENS DE SANTE PUBLIQUE -- pour bacheliers EL BAYADH,R17,INFSPM ORAN HAI SALAM,16.48,value,,none_assigned,,not_applicable,261
X02SANTE,DIETETICIENS DE SANTE PUBLIQUE -- pour bacheliers TINDOUF,R17,INFSPM ORAN HAI SALAM,,none_assigned,14.52,value,,not_applicable,261
X02SANTE,DIETETICIENS DE SANTE PUBLIQUE -- pour bacheliers TISSEMSILT,R17,INFSPM ORAN HAI SALAM,16.43,value,,none_assigned,,not_applicable,261
X02SANTE,DIETETICIENS DE SANTE PUBLIQUE -- pour bacheliers NAAMA,R17,INFSPM ORAN HAI SALAM,15.72,value,16.36,value,,not_applicable,261
X02SANTE,DIETETICIENS DE SANTE PUBLIQUE -- pour bacheliers AIN- TEMOUCHENT,R17,INFSPM ORAN HAI SALAM,16.47,value,,none_assigned,,not_applicable,261
X02SANTE,DIETETICIENS DE SANTE PUBLIQUE -- pour bacheliers RELIZANE,R17,INFSPM ORAN HAI SALAM,16.42,value,,none_assigned,,not_applicable,261
X02SANTE,DIETETICIENS DE SANTE PUBLIQUE -- pour bacheliers TIMIMOUN,R17,INFSPM ORAN HAI SALAM,16.46,value,,none_assigned,,not_applicable,262
X02SANTE,DIETETICIENS DE SANTE PUBLIQUE -- pour bacheliers BENI ABBES,R17,INFSPM ORAN HAI SALAM,12.01,value,,none_assigned,,not_applicable,262
X04SANTE,KINESITHERAPEUTES DE SANTE PUBLIQUE -- pour bacheliers CHLEF,R17,INFSPM ORAN HAI SALAM,16.62,value,,none_assigned,,not_applicable,262
X04SANTE,KINESITHERAPEUTES DE SANTE PUBLIQUE -- pour bacheliers MOSTAGANEM,R17,INFSPM ORAN HAI SALAM,16.07,value,,none_assigned,,not_applicable,262
X04SANTE,KINESITHERAPEUTES DE SANTE PUBLIQUE -- pour bacheliers ORAN,R17,INFSPM ORAN HAI SALAM,16.4,value,,none_assigned,,not_applicable,262
X04SANTE,KINESITHERAPEUTES DE SANTE PUBLIQUE -- pour bacheliers RELIZANE,R17,INFSPM ORAN HAI SALAM,16.61,value,,none_assigned,,not_applicable,262
X07SANTE,APPAREILLEURS ORTHOPEDISTES DE SANTE PUBLIQUE -- pour bacheliers ADRAR,R17,INFSPM ORAN HAI SALAM,13.64,value,,none_assigned,,not_applicable,262
X07SANTE,APPAREILLEURS ORTHOPEDISTES DE SANTE PUBLIQUE -- pour bacheliers BECHAR,R17,INFSPM ORAN HAI SALAM,13.38,value,,none_assigned,,not_applicable,262
X07SANTE,APPAREILLEURS ORTHOPEDISTES DE SANTE PUBLIQUE -- pour bacheliers TLEMCEN,R17,INFSPM ORAN HAI SALAM,15.73,value,,none_assigned,,not_applicable,262
X07SANTE,APPAREILLEURS ORTHOPEDISTES DE SANTE PUBLIQUE -- pour bacheliers TIARET,R17,INFSPM ORAN HAI SALAM,15.19,value,,none_assigned,,not_applicable,262
X07SANTE,APPAREILLEURS ORTHOPEDISTES DE SANTE PUBLIQUE -- pour bacheliers ORAN,R17,INFSPM ORAN HAI SALAM,15.53,value,,none_assigned,,not_applicable,262
X07SANTE,APPAREILLEURS ORTHOPEDISTES DE SANTE PUBLIQUE -- pour bacheliers NAAMA,R17,INFSPM ORAN HAI SALAM,14.53,value,,none_assigned,,not_applicable,262
X09SANTE,MANIPULATEURS EN IMAGERIE MEDICALE DE SANTE PUBLIQUE -- pour bacheliers CHLEF,R17,INFSPM ORAN HAI SALAM,16.08,value,,none_assigned,,not_applicable,262
X09SANTE,MANIPULATEURS EN IMAGERIE MEDICALE DE SANTE PUBLIQUE -- pour bacheliers ORAN,R17,INFSPM ORAN HAI SALAM,15.79,value,,none_assigned,,not_applicable,262
X10SANTE,LABORANTINS DE SANTE PUBLIQUE -- pour bacheliers CHLEF,R17,INFSPM ORAN HAI SALAM,16.03,value,,none_assigned,,not_applicable,263
X10SANTE,LABORANTINS DE SANTE PUBLIQUE -- pour bacheliers ORAN,R17,INFSPM ORAN HAI SALAM,15.8,value,,none_assigned,,not_applicable,263
X12SANTE,HYGIENISTES DE SANTE PUBLIQUE -- pour bacheliers TLEMCEN,R17,INFSPM ORAN HAI SALAM,15.69,value,,none_assigned,,not_applicable,263
X12SANTE,HYGIENISTES DE SANTE PUBLIQUE -- pour bacheliers SIDIBEL-ABBES,R17,INFSPM ORAN HAI SALAM,15.64,value,,none_assigned,,not_applicable,263
X12SANTE,HYGIENISTES DE SANTE PUBLIQUE -- pour bacheliers ORAN,R17,INFSPM ORAN HAI SALAM,15.62,value,,none_assigned,,not_applicable,263
X12SANTE,HYGIENISTES DE SANTE PUBLIQUE -- pour bacheliers AIN- TEMOUCHENT,R17,INFSPM ORAN HAI SALAM,15.32,value,,none_assigned,,not_applicable,263
X13SANTE,ASSISTANTS MEDICAUX DE SANTE PUBLIQUE -- pour bacheliers ORAN,R17,INFSPM ORAN HAI SALAM,14.25,value,15.73,value,,not_applicable,263
X13SANTE,ASSISTANTS MEDICAUX DE SANTE PUBLIQUE -- pour bacheliers AIN-TEMOUCHENT,R17,INFSPM ORAN HAI SALAM,15.12,value,15.68,value,,not_applicable,263
X14SANTE,ASSISTANTS SOCIAUX DE SANTE PUBLIQUE -- pour bacheliers TLEMCEN,R17,INFSPM ORAN HAI SALAM,14.33,value,,none_assigned,,not_applicable,263
X14SANTE,ASSISTANTS SOCIAUX DE SANTE PUBLIQUE -- pour bacheliers SIDIBEL-ABBES,R17,INFSPM ORAN HAI SALAM,13.85,value,,none_assigned,,not_applicable,263
X14SANTE,ASSISTANTS SOCIAUX DE SANTE PUBLIQUE -- pour bacheliers ORAN,R17,INFSPM ORAN HAI SALAM,14.23,value,16.19,value,,not_applicable,263
X14SANTE,ASSISTANTS SOCIAUX DE SANTE PUBLIQUE -- pour bacheliers AIN-TEMOUCHENT,R17,INFSPM ORAN HAI SALAM,14.61,value,,none_assigned,,not_applicable,263
X01SANTE,INFIMIERS DE SANTE PUBLIQUE -- pour bacheliers AIN- DEFLA,R02,INFSPM AIN DEFLA,15.45,value,,none_assigned,,not_applicable,263
X09SANTE,MANIPULATEURS EN IMAGERIE MEDICALE DE SANTE PUBLIQUE -- pour bacheliers AIN-DEFLA,R02,INFSPM AIN DEFLA,15.88,value,,none_assigned,,not_applicable,263
X10SANTE,LABORANTINS DE SANTE PUBLIQUE -- pour bacheliers AIN- DEFLA,R02,INFSPM AIN DEFLA,16.09,value,,none_assigned,,not_applicable,263
X13SANTE,ASSISTANTS MEDICAUX DE SANTE PUBLIQUE -- pour bacheliers BLIDA,R02,INFSPM AIN DEFLA,14.23,value,,none_assigned,,not_applicable,264
X13SANTE,ASSISTANTS MEDICAUX DE SANTE PUBLIQUE -- pour bacheliers MEDEA,R02,INFSPM AIN DEFLA,14.06,value,,none_assigned,,not_applicable,264
X13SANTE,ASSISTANTS MEDICAUX DE SANTE PUBLIQUE -- pour bacheliers TIPAZA,R02,INFSPM AIN DEFLA,14.69,value,,none_assigned,,not_applicable,264
X13SANTE,ASSISTANTS MEDICAUX DE SANTE PUBLIQUE -- pour bacheliers AIN-DEFLA,R02,INFSPM AIN DEFLA,15.16,value,,none_assigned,,not_applicable,264
X14SANTE,ASSISTANTS SOCIAUX DE SANTE PUBLIQUE -- pour bacheliers TIARET,R02,INFSPM AIN DEFLA,14.52,value,15.25,value,,not_applicable,264
X14SANTE,ASSISTANTS SOCIAUX DE SANTE PUBLIQUE -- pour bacheliers MEDEA,R02,INFSPM AIN DEFLA,14.04,value,,none_assigned,,not_applicable,264
X14SANTE,ASSISTANTS SOCIAUX DE SANTE PUBLIQUE -- pour bacheliers TISSEMSILT,R02,INFSPM AIN DEFLA,14.64,value,,none_assigned,,not_applicable,264
X14SANTE,ASSISTANTS SOCIAUX DE SANTE PUBLIQUE -- pour bacheliers AIN-DEFLA,R02,INFSPM AIN DEFLA,14.96,value,,none_assigned,,not_applicable,264
F00FCL01,SCIENCES ECONOMIQUES DE GESTION ET SCIENCES COMMERCIALES (FORMATION CONTINUE),Z15,CENTRE DE FORMATION CONTINUE ADRAR,,NC,,NC,,NC,264
G02FCL01,DROIT (FORMATION CONTINUE),Z15,CENTRE DE FORMATION CONTINUE ADRAR,,NC,,NC,,NC,264
I03FCL01,SCIENCES HUMAINES (FORMATION CONTINUE),Z15,CENTRE DE FORMATION CONTINUE ADRAR,,NC,,NC,,not_applicable,264
F00FCL01,SCIENCES ECONOMIQUES DE GESTION ET SCIENCES COMMERCIALES (FORMATION CONTINUE),Z46,CENTRE DE FORMATION CONTINUE CHLEF,,NC,,NC,,NC,264
G02FCL01,DROIT (FORMATION CONTINUE),Z46,CENTRE DE FORMATION CONTINUE CHLEF,,NC,,NC,,NC,264
H06FCL05,ANGLAIS TECHNIQUE (FORMATION CONTINUE),Z46,CENTRE DE FORMATION CONTINUE CHLEF,10.67,value,11.6,value,12.31,value,264
I03FCL01,SCIENCES HUMAINES (FORMATION CONTINUE),Z46,CENTRE DE FORMATION CONTINUE CHLEF,,NC,,NC,,not_applicable,264
F00FCL01,SCIENCES ECONOMIQUES DE GESTION ET SCIENCES COMMERCIALES (FORMATION CONTINUE),Z42,CENTRE DE FORMATION CONTINUE LAGHOUAT,,NC,,NC,,NC,264
G02FCL01,DROIT (FORMATION CONTINUE),Z42,CENTRE DE FORMATION CONTINUE LAGHOUAT,,NC,,NC,,NC,265
H06FCL05,ANGLAIS TECHNIQUE (FORMATION CONTINUE),Z42,CENTRE DE FORMATION CONTINUE LAGHOUAT,,NC,,NC,,NC,265
I03FCL01,SCIENCES HUMAINES (FORMATION CONTINUE),Z42,CENTRE DE FORMATION CONTINUE LAGHOUAT,,NC,,NC,,not_applicable,265
F00FCL01,SCIENCES ECONOMIQUES DE GESTION ET SCIENCES COMMERCIALES (FORMATION CONTINUE),Z05,CENTRE DE FORMATION CONTINUE OUM EL BOUAGHI,,NC,,NC,,NC,265
G02FCL01,DROIT (FORMATION CONTINUE),Z05,CENTRE DE FORMATION CONTINUE OUM EL BOUAGHI,,NC,,NC,,NC,265
H06FCL05,ANGLAIS TECHNIQUE (FORMATION CONTINUE),Z05,CENTRE DE FORMATION CONTINUE OUM EL BOUAGHI,,NC,,NC,,NC,265
I03FCL01,SCIENCES HUMAINES (FORMATION CONTINUE),Z05,CENTRE DE FORMATION CONTINUE OUM EL BOUAGHI,,NC,,NC,,not_applicable,265
F00FCL01,SCIENCES ECONOMIQUES DE GESTION ET SCIENCES COMMERCIALES (FORMATION CONTINUE),Z06,CENTRE DE FORMATION CONTINUE BATNA,,NC,,NC,,NC,265
G02FCL01,DROIT (FORMATION CONTINUE),Z06,CENTRE DE FORMATION CONTINUE BATNA,,NC,,NC,,NC,265
H06FCL05,ANGLAIS TECHNIQUE (FORMATION CONTINUE),Z06,CENTRE DE FORMATION CONTINUE BATNA,,NC,,NC,,NC,265
I03FCL01,SCIENCES HUMAINES (FORMATION CONTINUE),Z06,CENTRE DE FORMATION CONTINUE BATNA,,NC,,NC,,not_applicable,265
F00FCL01,SCIENCES ECONOMIQUES DE GESTION ET SCIENCES COMMERCIALES (FORMATION CONTINUE),Z01,CENTRE DE FORMATION CONTINUE BEJAIA,,NC,,NC,,NC,265
G02FCL01,DROIT (FORMATION CONTINUE),Z01,CENTRE DE FORMATION CONTINUE BEJAIA,,NC,,NC,,NC,265
H06FCL05,ANGLAIS TECHNIQUE (FORMATION CONTINUE),Z01,CENTRE DE FORMATION CONTINUE BEJAIA,10.69,value,12.01,value,12.45,value,265
I03FCL01,SCIENCES HUMAINES (FORMATION CONTINUE),Z01,CENTRE DE FORMATION CONTINUE BEJAIA,,NC,,NC,,not_applicable,265
F00FCL01,SCIENCES ECONOMIQUES DE GESTION ET SCIENCES COMMERCIALES (FORMATION CONTINUE),Z07,CENTRE DE FORMATION CONTINUE BISKRA,,NC,,NC,,NC,265
G02FCL01,DROIT (FORMATION CONTINUE),Z07,CENTRE DE FORMATION CONTINUE BISKRA,,NC,,NC,,NC,265
H06FCL05,ANGLAIS TECHNIQUE (FORMATION CONTINUE),Z07,CENTRE DE FORMATION CONTINUE BISKRA,,NC,,NC,,NC,266
I03FCL01,SCIENCES HUMAINES (FORMATION CONTINUE),Z07,CENTRE DE FORMATION CONTINUE BISKRA,,NC,,NC,,not_applicable,266
F00FCL01,SCIENCES ECONOMIQUES DE GESTION ET SCIENCES COMMERCIALES (FORMATION CONTINUE),Z16,CENTRE DE FORMATION CONTINUE BECHAR,,NC,,NC,,NC,266
G02FCL01,DROIT (FORMATION CONTINUE),Z16,CENTRE DE FORMATION CONTINUE BECHAR,,NC,,NC,,NC,266
I03FCL01,SCIENCES HUMAINES (FORMATION CONTINUE),Z16,CENTRE DE FORMATION CONTINUE BECHAR,,NC,,NC,,not_applicable,266
F00FCL01,SCIENCES ECONOMIQUES DE GESTION ET SCIENCES COMMERCIALES (FORMATION CONTINUE),Z02,CENTRE DE FORMATION CONTINUE BLIDA,,NC,,NC,,NC,266
G02FCL01,DROIT (FORMATION CONTINUE),Z02,CENTRE DE FORMATION CONTINUE BLIDA,,NC,,NC,,NC,266
F00FCL01,SCIENCES ECONOMIQUES DE GESTION ET SCIENCES COMMERCIALES (FORMATION CONTINUE),Z35,CENTRE DE FORMATION CONTINUE BOUIRA,,NC,,NC,,NC,266
G02FCL01,DROIT (FORMATION CONTINUE),Z35,CENTRE DE FORMATION CONTINUE BOUIRA,,NC,,NC,,NC,266
H06FCL05,ANGLAIS TECHNIQUE (FORMATION CONTINUE),Z35,CENTRE DE FORMATION CONTINUE BOUIRA,10.02,value,10.31,value,10.98,value,266
I03FCL01,SCIENCES HUMAINES (FORMATION CONTINUE),Z35,CENTRE DE FORMATION CONTINUE BOUIRA,,NC,,NC,,not_applicable,266
F00FCL01,SCIENCES ECONOMIQUES DE GESTION ET SCIENCES COMMERCIALES (FORMATION CONTINUE),Z04,CENTRE DE FORMATION CONTINUE TAMANGHASSET,,NC,,NC,,NC,266
G02FCL01,DROIT (FORMATION CONTINUE),Z04,CENTRE DE FORMATION CONTINUE TAMANGHASSET,,NC,,NC,,NC,266
F00FCL01,SCIENCES ECONOMIQUES DE GESTION ET SCIENCES COMMERCIALES (FORMATION CONTINUE),Z08,CENTRE DE FORMATION CONTINUE TEBESSA,,NC,,NC,,NC,266
G02FCL01,DROIT (FORMATION CONTINUE),Z08,CENTRE DE FORMATION CONTINUE TEBESSA,,NC,,NC,,NC,266
H06FCL05,ANGLAIS TECHNIQUE (FORMATION CONTINUE),Z08,CENTRE DE FORMATION CONTINUE TEBESSA,,NC,,NC,,NC,266
I03FCL01,SCIENCES HUMAINES (FORMATION CONTINUE),Z08,CENTRE DE FORMATION CONTINUE TEBESSA,,NC,,NC,,not_applicable,266
F00FCL01,SCIENCES ECONOMIQUES DE GESTION ET SCIENCES COMMERCIALES (FORMATION CONTINUE),Z17,CENTRE DE FORMATION CONTINUE TLEMCEN,,NC,,NC,,NC,266
G02FCL01,DROIT (FORMATION CONTINUE),Z17,CENTRE DE FORMATION CONTINUE TLEMCEN,,NC,,NC,,NC,266
H06FCL05,ANGLAIS TECHNIQUE (FORMATION CONTINUE),Z17,CENTRE DE FORMATION CONTINUE TLEMCEN,,NC,,NC,,NC,266
I03FCL01,SCIENCES HUMAINES (FORMATION CONTINUE),Z17,CENTRE DE FORMATION CONTINUE TLEMCEN,,NC,,NC,,not_applicable,267
F00FCL01,SCIENCES ECONOMIQUES DE GESTION ET SCIENCES COMMERCIALES (FORMATION CONTINUE),Z18,CENTRE DE FORMATION CONTINUE TIARET,,NC,,NC,,NC,267
G02FCL01,DROIT (FORMATION CONTINUE),Z18,CENTRE DE FORMATION CONTINUE TIARET,,NC,,NC,,NC,267
H06FCL05,ANGLAIS TECHNIQUE (FORMATION CONTINUE),Z18,CENTRE DE FORMATION CONTINUE TIARET,,NC,,NC,,NC,267
I03FCL01,SCIENCES HUMAINES (FORMATION CONTINUE),Z18,CENTRE DE FORMATION CONTINUE TIARET,,NC,,NC,,not_applicable,267
F00FCL01,SCIENCES ECONOMIQUES DE GESTION ET SCIENCES COMMERCIALES (FORMATION CONTINUE),Z39,CENTRE DE FORMATION CONTINUE TIZI OUZOU,,NC,,NC,,NC,267
G02FCL01,DROIT (FORMATION CONTINUE),Z39,CENTRE DE FORMATION CONTINUE TIZI OUZOU,,NC,,NC,,NC,267
F00FCL06,SCIENCES ECONOMIQUES DE GESTION ET SCIENCES COMMERCIALES (FORMATION CONTINUE),Z54,CENTRE DE FORMATION CONTINUE D ALGER EST (UNIVERSITE CENTRALE),,NC,,NC,,NC,267
G02FCL06,DROIT (FORMATION CONTINUE),Z54,CENTRE DE FORMATION CONTINUE D ALGER EST (UNIVERSITE CENTRALE),,NC,,NC,,NC,267
H06FCL02,ANGLAIS TECHNIQUE (FORMATION CONTINUE),Z54,CENTRE DE FORMATION CONTINUE D ALGER EST (UNIVERSITE CENTRALE),10.29,value,11.13,value,11.73,value,267
I03FCL02,SCIENCES HUMAINES (FORMATION CONTINUE),Z54,CENTRE DE FORMATION CONTINUE D ALGER EST (UNIVERSITE CENTRALE),,NC,,NC,,not_applicable,267
F00FCL05,SCIENCES ECONOMIQUES DE GESTION ET SCIENCES COMMERCIALES (FORMATION CONTINUE),Z53,CENTRE DE FORMATION CONTINUE D ALGER NORD (BOUZAREAH),,NC,,NC,,NC,267
G02FCL05,DROIT (FORMATION CONTINUE),Z53,CENTRE DE FORMATION CONTINUE D ALGER NORD (BOUZAREAH),,NC,,NC,,NC,267
H06FCL03,ANGLAIS TECHNIQUE (FORMATION CONTINUE),Z53,CENTRE DE FORMATION CONTINUE D ALGER NORD (BOUZAREAH),11.31,value,12.2,value,12.95,value,267
I03FCL03,SCIENCES HUMAINES (FORMATION CONTINUE),Z53,CENTRE DE FORMATION CONTINUE D ALGER NORD (BOUZAREAH),,NC,,NC,,not_applicable,267
F00FCL07,SCIENCES ECONOMIQUES DE GESTION ET SCIENCES COMMERCIALES (FORMATION CONTINUE),Z55,CENTRE DE FORMATION CONTINUE D EL KHARROUBA,,NC,,NC,,NC,267
G02FCL07,DROIT (FORMATION CONTINUE),Z55,CENTRE DE FORMATION CONTINUE D EL KHARROUBA,,NC,,NC,,NC,268
H06FCL04,ANGLAIS TECHNIQUE (FORMATION CONTINUE),Z55,CENTRE DE FORMATION CONTINUE D EL KHARROUBA,,NC,,NC,,NC,268
F00FCL03,SCIENCES ECONOMIQUES DE GESTION ET SCIENCES COMMERCIALES (FORMATION CONTINUE),Z51,CENTRE DE FORMATION CONTINUE DE BAB EZZOUAR,10.02,value,10.32,value,11.54,value,268
G02FCL03,DROIT (FORMATION CONTINUE),Z51,CENTRE DE FORMATION CONTINUE DE BAB EZZOUAR,,NC,,NC,,NC,268
F00FCL04,SCIENCES ECONOMIQUES DE GESTION ET SCIENCES COMMERCIALES (FORMATION CONTINUE),Z52,CENTRE DE FORMATION CONTINUE DE BEN AKNOUN,10.48,value,11.59,value,13.35,value,268
G02FCL04,DROIT (FORMATION CONTINUE),Z52,CENTRE DE FORMATION CONTINUE DE BEN AKNOUN,,NC,,NC,,NC,268
F00FCL01,SCIENCES ECONOMIQUES DE GESTION ET SCIENCES COMMERCIALES (FORMATION CONTINUE),Z03,CENTRE DE FORMATION CONTINUE DJELFA,,NC,,NC,,NC,268
G02FCL01,DROIT (FORMATION CONTINUE),Z03,CENTRE DE FORMATION CONTINUE DJELFA,,NC,,NC,,NC,268
H06FCL05,ANGLAIS TECHNIQUE (FORMATION CONTINUE),Z03,CENTRE DE FORMATION CONTINUE DJELFA,10.57,value,11.78,value,12.05,value,268
I03FCL01,SCIENCES HUMAINES (FORMATION CONTINUE),Z03,CENTRE DE FORMATION CONTINUE DJELFA,,NC,,NC,,not_applicable,268
F00FCL01,SCIENCES ECONOMIQUES DE GESTION ET SCIENCES COMMERCIALES (FORMATION CONTINUE),Z09,CENTRE DE FORMATION CONTINUE JIJEL,,NC,,NC,,NC,268
G02FCL01,DROIT (FORMATION CONTINUE),Z09,CENTRE DE FORMATION CONTINUE JIJEL,,NC,,NC,,NC,268
I03FCL01,SCIENCES HUMAINES (FORMATION CONTINUE),Z09,CENTRE DE FORMATION CONTINUE JIJEL,,NC,,NC,,not_applicable,268
F00FCL01,SCIENCES ECONOMIQUES DE GESTION ET SCIENCES COMMERCIALES (FORMATION CONTINUE),Z31,CENTRE DE FORMATION CONTINUE SETIF,,NC,,NC,,NC,268
G02FCL01,DROIT (FORMATION CONTINUE),Z31,CENTRE DE FORMATION CONTINUE SETIF,,NC,,NC,,NC,268
H06FCL05,ANGLAIS TECHNIQUE (FORMATION CONTINUE),Z31,CENTRE DE FORMATION CONTINUE SETIF,10.18,value,11.05,value,11.67,value,268
I03FCL01,SCIENCES HUMAINES (FORMATION CONTINUE),Z31,CENTRE DE FORMATION CONTINUE SETIF,,NC,,NC,,not_applicable,268
F00FCL01,SCIENCES ECONOMIQUES DE GESTION ET SCIENCES COMMERCIALES (FORMATION CONTINUE),Z20,CENTRE DE FORMATION CONTINUE SAIDA,,NC,,NC,,NC,269
G02FCL01,DROIT (FORMATION CONTINUE),Z20,CENTRE DE FORMATION CONTINUE SAIDA,,NC,,NC,,NC,269
F00FCL01,SCIENCES ECONOMIQUES DE GESTION ET SCIENCES COMMERCIALES (FORMATION CONTINUE),Z43,CENTRE DE FORMATION CONTINUE SKIKDA,,NC,,NC,,NC,269
G02FCL01,DROIT (FORMATION CONTINUE),Z43,CENTRE DE FORMATION CONTINUE SKIKDA,,NC,,NC,,NC,269
F00FCL01,SCIENCES ECONOMIQUES DE GESTION ET SCIENCES COMMERCIALES (FORMATION CONTINUE),Z27,CENTRE DE FORMATION CONTINUE SIDI BEL ABBES,,NC,,NC,,NC,269
G02FCL01,DROIT (FORMATION CONTINUE),Z27,CENTRE DE FORMATION CONTINUE SIDI BEL ABBES,,NC,,NC,,NC,269
F00FCL01,SCIENCES ECONOMIQUES DE GESTION ET SCIENCES COMMERCIALES (FORMATION CONTINUE),Z10,CENTRE DE FORMATION CONTINUE ANNABA,,NC,,NC,,NC,269
G02FCL01,DROIT (FORMATION CONTINUE),Z10,CENTRE DE FORMATION CONTINUE ANNABA,,NC,,NC,,NC,269
H06FCL05,ANGLAIS TECHNIQUE (FORMATION CONTINUE),Z10,CENTRE DE FORMATION CONTINUE ANNABA,,NC,,NC,,NC,269
F00FCL01,SCIENCES ECONOMIQUES DE GESTION ET SCIENCES COMMERCIALES (FORMATION CONTINUE),Z30,CENTRE DE FORMATION CONTINUE GUELMA,,NC,,NC,,NC,269
G02FCL01,DROIT (FORMATION CONTINUE),Z30,CENTRE DE FORMATION CONTINUE GUELMA,,NC,,NC,,NC,269
F00FCL01,SCIENCES ECONOMIQUES DE GESTION ET SCIENCES COMMERCIALES (FORMATION CONTINUE),Z38,CENTRE DE FORMATION CONTINUE CONSTANTINE,,NC,,NC,,NC,269
G02FCL01,DROIT (FORMATION CONTINUE),Z38,CENTRE DE FORMATION CONTINUE CONSTANTINE,,NC,,NC,,NC,269
H06FCL05,ANGLAIS TECHNIQUE (FORMATION CONTINUE),Z38,CENTRE DE FORMATION CONTINUE CONSTANTINE,11.02,value,11.93,value,12.55,value,269
I03FCL01,SCIENCES HUMAINES (FORMATION CONTINUE),Z38,CENTRE DE FORMATION CONTINUE CONSTANTINE,,NC,,NC,,not_applicable,269
F00FCL01,SCIENCES ECONOMIQUES DE GESTION ET SCIENCES COMMERCIALES (FORMATION CONTINUE),Z37,CENTRE DE FORMATION CONTINUE MEDEA,,NC,,NC,,NC,269
G02FCL01,DROIT (FORMATION CONTINUE),Z37,CENTRE DE FORMATION CONTINUE MEDEA,,NC,,NC,,NC,269
I03FCL01,SCIENCES HUMAINES (FORMATION CONTINUE),Z37,CENTRE DE FORMATION CONTINUE MEDEA,,NC,,NC,,not_applicable,270
F00FCL01,SCIENCES ECONOMIQUES DE GESTION ET SCIENCES COMMERCIALES (FORMATION CONTINUE),Z21,CENTRE DE FORMATION CONTINUE MOSTAGANEM,,NC,,NC,,NC,270
G02FCL01,DROIT (FORMATION CONTINUE),Z21,CENTRE DE FORMATION CONTINUE MOSTAGANEM,,NC,,NC,,NC,270
H06FCL05,ANGLAIS TECHNIQUE (FORMATION CONTINUE),Z21,CENTRE DE FORMATION CONTINUE MOSTAGANEM,10.1,value,10.8,value,11.67,value,270
I03FCL01,SCIENCES HUMAINES (FORMATION CONTINUE),Z21,CENTRE DE FORMATION CONTINUE MOSTAGANEM,,NC,,NC,,not_applicable,270
F00FCL01,SCIENCES ECONOMIQUES DE GESTION ET SCIENCES COMMERCIALES (FORMATION CONTINUE),Z44,CENTRE DE FORMATION CONTINUE MSILA,,NC,,NC,,NC,270
G02FCL01,DROIT (FORMATION CONTINUE),Z44,CENTRE DE FORMATION CONTINUE MSILA,,NC,,NC,,NC,270
H06FCL05,ANGLAIS TECHNIQUE (FORMATION CONTINUE),Z44,CENTRE DE FORMATION CONTINUE MSILA,,NC,,NC,,NC,270
I03FCL01,SCIENCES HUMAINES (FORMATION CONTINUE),Z44,CENTRE DE FORMATION CONTINUE MSILA,,NC,,NC,,not_applicable,270
F00FCL01,SCIENCES ECONOMIQUES DE GESTION ET SCIENCES COMMERCIALES (FORMATION CONTINUE),Z22,CENTRE DE FORMATION CONTINUE MASCARA,,NC,,NC,,NC,270
G02FCL01,DROIT (FORMATION CONTINUE),Z22,CENTRE DE FORMATION CONTINUE MASCARA,,NC,,NC,,NC,270
F00FCL01,SCIENCES ECONOMIQUES DE GESTION ET SCIENCES COMMERCIALES (FORMATION CONTINUE),Z32,CENTRE DE FORMATION CONTINUE OUARGLA,,NC,,NC,,NC,270
G02FCL01,DROIT (FORMATION CONTINUE),Z32,CENTRE DE FORMATION CONTINUE OUARGLA,,NC,,NC,,NC,270
H06FCL05,ANGLAIS TECHNIQUE (FORMATION CONTINUE),Z32,CENTRE DE FORMATION CONTINUE OUARGLA,,NC,,NC,,NC,270
I03FCL01,SCIENCES HUMAINES (FORMATION CONTINUE),Z32,CENTRE DE FORMATION CONTINUE OUARGLA,,NC,,NC,,not_applicable,270
F00FCL01,SCIENCES ECONOMIQUES DE GESTION ET SCIENCES COMMERCIALES (FORMATION CONTINUE),Z23,CENTRE DE FORMATION CONTINUE ORAN,10.0,value,10.98,value,12.03,value,270
G02FCL01,DROIT (FORMATION CONTINUE),Z23,CENTRE DE FORMATION CONTINUE ORAN,,NC,,NC,,NC,270
H06FCL05,ANGLAIS TECHNIQUE (FORMATION CONTINUE),Z23,CENTRE DE FORMATION CONTINUE ORAN,10.78,value,11.6,value,12.34,value,270
I03FCL01,SCIENCES HUMAINES (FORMATION CONTINUE),Z23,CENTRE DE FORMATION CONTINUE ORAN,,NC,,NC,,not_applicable,270
F00FCL01,SCIENCES ECONOMIQUES DE GESTION ET SCIENCES COMMERCIALES (FORMATION CONTINUE),Z29,CENTRE DE FORMATION CONTINUE ELBAYADH,,NC,,NC,,NC,271
G02FCL01,DROIT (FORMATION CONTINUE),Z29,CENTRE DE FORMATION CONTINUE ELBAYADH,,NC,,NC,,NC,271
H06FCL05,ANGLAIS TECHNIQUE (FORMATION CONTINUE),Z29,CENTRE DE FORMATION CONTINUE ELBAYADH,,NC,,NC,,NC,271
I03FCL01,SCIENCES HUMAINES (FORMATION CONTINUE),Z29,CENTRE DE FORMATION CONTINUE ELBAYADH,,NC,,NC,,not_applicable,271
F00FCL01,SCIENCES ECONOMIQUES DE GESTION ET SCIENCES COMMERCIALES (FORMATION CONTINUE),Z28,CENTRE DE FORMATION CONTINUE ILLIZI,,NC,,NC,,NC,271
G02FCL01,DROIT (FORMATION CONTINUE),Z28,CENTRE DE FORMATION CONTINUE ILLIZI,,NC,,NC,,NC,271
H06FCL05,ANGLAIS TECHNIQUE (FORMATION CONTINUE),Z28,CENTRE DE FORMATION CONTINUE ILLIZI,,NC,,NC,,NC,271
I03FCL01,SCIENCES HUMAINES (FORMATION CONTINUE),Z28,CENTRE DE FORMATION CONTINUE ILLIZI,,NC,,NC,,not_applicable,271
F00FCL01,SCIENCES ECONOMIQUES DE GESTION ET SCIENCES COMMERCIALES (FORMATION CONTINUE),Z47,CENTRE DE FORMATION CONTINUE BORD BOU ARRERIDJ,,NC,,NC,,NC,271
G02FCL01,DROIT (FORMATION CONTINUE),Z47,CENTRE DE FORMATION CONTINUE BORD BOU ARRERIDJ,,NC,,NC,,NC,271
H06FCL05,ANGLAIS TECHNIQUE (FORMATION CONTINUE),Z47,CENTRE DE FORMATION CONTINUE BORD BOU ARRERIDJ,,NC,,NC,,NC,271
I03FCL01,SCIENCES HUMAINES (FORMATION CONTINUE),Z47,CENTRE DE FORMATION CONTINUE BORD BOU ARRERIDJ,,NC,,NC,,not_applicable,271
F00FCL01,SCIENCES ECONOMIQUES DE GESTION ET SCIENCES COMMERCIALES (FORMATION CONTINUE),Z40,CENTRE DE FORMATION CONTINUE BOUMERDES,10.0,value,11.19,value,,none_assigned,271
G02FCL01,DROIT (FORMATION CONTINUE),Z40,CENTRE DE FORMATION CONTINUE BOUMERDES,,NC,,NC,,NC,271
F00FCL01,SCIENCES ECONOMIQUES DE GESTION ET SCIENCES COMMERCIALES (FORMATION CONTINUE),Z45,CENTRE DE FORMATION CONTINUE ELTARF,,NC,,NC,,NC,271
G02FCL01,DROIT (FORMATION CONTINUE),Z45,CENTRE DE FORMATION CONTINUE ELTARF,,NC,,NC,,NC,271
F00FCL01,SCIENCES ECONOMIQUES DE GESTION ET SCIENCES COMMERCIALES (FORMATION CONTINUE),Z24,CENTRE DE FORMATION CONTINUE TINDOUF,,NC,,NC,,NC,272
G02FCL01,DROIT (FORMATION CONTINUE),Z24,CENTRE DE FORMATION CONTINUE TINDOUF,,NC,,NC,,NC,272
H06FCL05,ANGLAIS TECHNIQUE (FORMATION CONTINUE),Z24,CENTRE DE FORMATION CONTINUE TINDOUF,,NC,,NC,,NC,272
I03FCL01,SCIENCES HUMAINES (FORMATION CONTINUE),Z24,CENTRE DE FORMATION CONTINUE TINDOUF,,NC,,NC,,not_applicable,272
F00FCL01,SCIENCES ECONOMIQUES DE GESTION ET SCIENCES COMMERCIALES (FORMATION CONTINUE),Z19,CENTRE DE FORMATION CONTINUE TISSEMSILT,,NC,,NC,,NC,272
G02FCL01,DROIT (FORMATION CONTINUE),Z19,CENTRE DE FORMATION CONTINUE TISSEMSILT,,NC,,NC,,NC,272
H06FCL05,ANGLAIS TECHNIQUE (FORMATION CONTINUE),Z19,CENTRE DE FORMATION CONTINUE TISSEMSILT,,NC,,NC,,NC,272
I03FCL01,SCIENCES HUMAINES (FORMATION CONTINUE),Z19,CENTRE DE FORMATION CONTINUE TISSEMSILT,,NC,,NC,,not_applicable,272
F00FCL01,SCIENCES ECONOMIQUES DE GESTION ET SCIENCES COMMERCIALES (FORMATION CONTINUE),Z11,CENTRE DE FORMATION CONTINUE ELOUED,,NC,,NC,,NC,272
G02FCL01,DROIT (FORMATION CONTINUE),Z11,CENTRE DE FORMATION CONTINUE ELOUED,,NC,,NC,,NC,272
H06FCL05,ANGLAIS TECHNIQUE (FORMATION CONTINUE),Z11,CENTRE DE FORMATION CONTINUE ELOUED,,NC,,NC,,NC,272
I03FCL01,SCIENCES HUMAINES (FORMATION CONTINUE),Z11,CENTRE DE FORMATION CONTINUE ELOUED,,NC,,NC,,not_applicable,272
F00FCL01,SCIENCES ECONOMIQUES DE GESTION ET SCIENCES COMMERCIALES (FORMATION CONTINUE),Z12,CENTRE DE FORMATION CONTINUE KHENCHELA,,NC,,NC,,NC,272
G02FCL01,DROIT (FORMATION CONTINUE),Z12,CENTRE DE FORMATION CONTINUE KHENCHELA,,NC,,NC,,NC,272
I03FCL01,SCIENCES HUMAINES (FORMATION CONTINUE),Z12,CENTRE DE FORMATION CONTINUE KHENCHELA,,NC,,NC,,not_applicable,272
F00FCL01,SCIENCES ECONOMIQUES DE GESTION ET SCIENCES COMMERCIALES (FORMATION CONTINUE),Z13,CENTRE DE FORMATION CONTINUE SOUK AHRAS,,NC,,NC,,NC,272
G02FCL01,DROIT (FORMATION CONTINUE),Z13,CENTRE DE FORMATION CONTINUE SOUK AHRAS,,NC,,NC,,NC,272
H06FCL05,ANGLAIS TECHNIQUE (FORMATION CONTINUE),Z13,CENTRE DE FORMATION CONTINUE SOUK AHRAS,,NC,,NC,,NC,273
I03FCL01,SCIENCES HUMAINES (FORMATION CONTINUE),Z13,CENTRE DE FORMATION CONTINUE SOUK AHRAS,,NC,,NC,,not_applicable,273
F00FCL01,SCIENCES ECONOMIQUES DE GESTION ET SCIENCES COMMERCIALES (FORMATION CONTINUE),Z49,CENTRE DE FORMATION CONTINUE TIPAZA,,NC,,NC,,NC,273
G02FCL01,DROIT (FORMATION CONTINUE),Z49,CENTRE DE FORMATION CONTINUE TIPAZA,,NC,,NC,,NC,273
I03FCL01,SCIENCES HUMAINES (FORMATION CONTINUE),Z49,CENTRE DE FORMATION CONTINUE TIPAZA,,NC,,NC,,not_applicable,273
F00FCL01,SCIENCES ECONOMIQUES DE GESTION ET SCIENCES COMMERCIALES (FORMATION CONTINUE),Z14,CENTRE DE FORMATION CONTINUE MILA,,NC,,NC,,NC,273
G02FCL01,DROIT (FORMATION CONTINUE),Z14,CENTRE DE FORMATION CONTINUE MILA,,NC,,NC,,NC,273
H06FCL05,ANGLAIS TECHNIQUE (FORMATION CONTINUE),Z14,CENTRE DE FORMATION CONTINUE MILA,10.04,value,10.9,value,10.26,value,273
F00FCL02,SCIENCES ECONOMIQUES DE GESTION ET SCIENCES COMMERCIALES (FORMATION CONTINUE),Z50,CENTRE DE FORMATION CONTINUE AIN DEFLA,,NC,,NC,,NC,273
G02FCL02,DROIT (FORMATION CONTINUE),Z50,CENTRE DE FORMATION CONTINUE AIN DEFLA,,NC,,NC,,NC,273
F00FCL01,SCIENCES ECONOMIQUES DE GESTION ET SCIENCES COMMERCIALES (FORMATION CONTINUE),Z36,CENTRE DE FORMATION CONTINUE KHEMIS MILIANA,,NC,,NC,,NC,273
G02FCL01,DROIT (FORMATION CONTINUE),Z36,CENTRE DE FORMATION CONTINUE KHEMIS MILIANA,,NC,,NC,,NC,273
H06FCL05,ANGLAIS TECHNIQUE (FORMATION CONTINUE),Z36,CENTRE DE FORMATION CONTINUE KHEMIS MILIANA,,NC,,NC,,NC,273
I03FCL01,SCIENCES HUMAINES (FORMATION CONTINUE),Z36,CENTRE DE FORMATION CONTINUE KHEMIS MILIANA,,NC,,NC,,not_applicable,273
G02FCL01,DROIT (FORMATION CONTINUE),Z25,CENTRE DE FORMATION CONTINUE NAAMA,,NC,,NC,,NC,273
H06FCL05,ANGLAIS TECHNIQUE (FORMATION CONTINUE),Z25,CENTRE DE FORMATION CONTINUE NAAMA,,NC,,NC,,NC,273
I03FCL01,SCIENCES HUMAINES (FORMATION CONTINUE),Z25,CENTRE DE FORMATION CONTINUE NAAMA,,NC,,NC,,not_applicable,273
F00FCL01,SCIENCES ECONOMIQUES DE GESTION ET SCIENCES COMMERCIALES (FORMATION CONTINUE),Z33,CENTRE DE FORMATION CONTINUE AIN TEMOUCHENT,,NC,,NC,,NC,274
G02FCL01,DROIT (FORMATION CONTINUE),Z33,CENTRE DE FORMATION CONTINUE AIN TEMOUCHENT,,NC,,NC,,NC,274
H06FCL05,ANGLAIS TECHNIQUE (FORMATION CONTINUE),Z33,CENTRE DE FORMATION CONTINUE AIN TEMOUCHENT,10.26,value,10.9,value,11.67,value,274
I03FCL01,SCIENCES HUMAINES (FORMATION CONTINUE),Z33,CENTRE DE FORMATION CONTINUE AIN TEMOUCHENT,,NC,,NC,,not_applicable,274
F00FCL01,SCIENCES ECONOMIQUES DE GESTION ET SCIENCES COMMERCIALES (FORMATION CONTINUE),Z41,CENTRE DE FORMATION CONTINUE GHARDAIA,,NC,,NC,,NC,274
G02FCL01,DROIT (FORMATION CONTINUE),Z41,CENTRE DE FORMATION CONTINUE GHARDAIA,,NC,,NC,,NC,274
H06FCL05,ANGLAIS TECHNIQUE (FORMATION CONTINUE),Z41,CENTRE DE FORMATION CONTINUE GHARDAIA,,NC,,NC,,NC,274
I03FCL01,SCIENCES HUMAINES (FORMATION CONTINUE),Z41,CENTRE DE FORMATION CONTINUE GHARDAIA,,NC,,NC,,not_applicable,274
F00FCL01,SCIENCES ECONOMIQUES DE GESTION ET SCIENCES COMMERCIALES (FORMATION CONTINUE),Z26,CENTRE DE FORMATION CONTINUE RELIZANE,,NC,,NC,,NC,274
G02FCL01,DROIT (FORMATION CONTINUE),Z26,CENTRE DE FORMATION CONTINUE RELIZANE,,NC,,NC,,NC,274
H06FCL05,ANGLAIS TECHNIQUE (FORMATION CONTINUE),Z26,CENTRE DE FORMATION CONTINUE RELIZANE,,NC,,NC,,NC,274
F00FCL01,SCIENCES ECONOMIQUES DE GESTION ET SCIENCES COMMERCIALES (FORMATION CONTINUE),Z48,CENTRE DE FORMATION CONTINUE TOUGGOURT,,NC,,NC,,NC,274
G02FCL01,DROIT (FORMATION CONTINUE),Z48,CENTRE DE FORMATION CONTINUE TOUGGOURT,,NC,,NC,,NC,274
H06FCL05,ANGLAIS TECHNIQUE (FORMATION CONTINUE),Z48,CENTRE DE FORMATION CONTINUE TOUGGOURT,10.07,value,10.22,value,11.04,value,274
I03FCL01,SCIENCES HUMAINES (FORMATION CONTINUE),Z48,CENTRE DE FORMATION CONTINUE TOUGGOURT,,NC,,NC,,not_applicable,274
